player_id,player,team,pos,AGE,GP,MP,OBPM,DBPM,BPM,VORP,name_key,player_id_contract,team_contract,salary,years_remaining,total_guaranteed,cap_hit,player_id_pergame,MPG,PPG,RPG,APG,SPG,BPG,FG_PCT,FG3_PCT,FT_PCT,FTA_per_g,FGA_per_g,avg_shot_dist,FG_PCT_rim,FG_PCT_short,FG_PCT_mid,FG_PCT_long_two,FGA_share_rim,FGA_share_short,FGA_share_mid,FGA_share_long_two,FGA_share_three,playoff_MPG,playoff_PPG,playoff_RPG,playoff_APG,playoff_SPG,playoff_BPG,playoff_FG_PCT,playoff_FG3_PCT,playoff_FT_PCT,playoff_GP,playoff_MP,playoff_BPM,draft_year,draft_pick,seasons_played,contract_type,bird_rights_status,cap_hit_override,notes,team_override,experience,experience_is_estimated,is_free_agent,made_playoffs,playoff_low_sample,FTA_total,FTA_per36,FoulDraw_Value,FoulDraw_low_sample,rim_FGA_total,rim_FGA_per36,Rim_Scoring_Value,Rim_low_sample,BPM_pctile,EPM_pctile,DARKO_pctile,OBPM_pctile,DBPM_pctile,MP_pctile,GP_pctile,AGE_pctile,PPG_pctile,RPG_pctile,APG_pctile,SPG_pctile,BPG_pctile,FG_PCT_pctile,FG3_PCT_pctile,FT_PCT_pctile,OnBall_Pct_pctile,rTS_rel_pctile,RAPM_3Y_pctile,PVAL_pctile,NET_ON_OFF_pctile,FoulDraw_Value_pctile,Rim_Scoring_Value_pctile,production_pctile,n_production_metrics_available,salary_pctile,qualified_min_minutes,pos_group,BPM_pctile_pos,EPM_pctile_pos,DARKO_pctile_pos,OBPM_pctile_pos,DBPM_pctile_pos,MP_pctile_pos,GP_pctile_pos,AGE_pctile_pos,PPG_pctile_pos,RPG_pctile_pos,APG_pctile_pos,SPG_pctile_pos,BPG_pctile_pos,FG_PCT_pctile_pos,FG3_PCT_pctile_pos,FT_PCT_pctile_pos,OnBall_Pct_pctile_pos,rTS_rel_pctile_pos,RAPM_3Y_pctile_pos,PVAL_pctile_pos,NET_ON_OFF_pctile_pos,FoulDraw_Value_pctile_pos,Rim_Scoring_Value_pctile_pos,value_score,value_ratio,is_rookie_scale,estimated_market_value,estimated_market_value_low,estimated_market_value_high,estimated_market_value_inner_low,estimated_market_value_inner_high,market_value_surplus,estimate_rel_width,estimate_confidence,market_value_verdict,max_salary_for_tier,pct_of_max,is_max_contract,salary_tier,rank_in_salary_tier,n_in_salary_tier,value_score_pctile,market_value_surplus_pctile,estimated_market_value_pctile
quetane01,Neemias Queta,BOS,C,26.0,76.0,1926.0,0.9,2.0,2.8,2.4,neemias queta,quetane01,BOS,2667944.0,5.0,58667944.0,2667944.0,quetane01,25.3,10.2,8.4,1.7,0.8,1.3,0.653,0.125,0.703,2.3,6.6,,0.768,0.567,0.273,0.0,0.545,0.389,0.044,0.006,0.016,21.7,9.3,8.6,0.6,0.1,0.9,0.735,,0.789,7.0,152.0,1.2,2021.0,39.0,5,Veteran,,,,,5.0,False,False,True,False,,,,False,273.372,5.1097570093457945,85.55637982195847,False,88.91820580474933,93.368700265252,80.43478260869566,71.76781002638522,95.51451187335093,76.2532981530343,85.35620052770449,55.8047493403694,50.79155672823219,93.53562005277044,37.33509234828496,52.242744063324544,94.9868073878628,97.22955145118732,2.168021680216802,21.108179419525065,19.098143236074268,95.49071618037136,94.03183023872678,94.42970822281168,93.76657824933687,,93.47181008902076,87.4058575289177,3,21.07231920199501,True,Big,86.61971830985915,90.84507042253522,73.57142857142858,69.71830985915493,93.30985915492955,78.16901408450704,85.2112676056338,51.056338028169016,53.16901408450704,83.45070422535211,51.40845070422535,62.676056338028175,86.97183098591549,92.6056338028169,6.0606060606060606,35.2112676056338,36.61971830985916,88.73239436619718,93.30985915492955,92.95774647887325,92.25352112676056,,85.92592592592592,66.33353832692269,4.147899274449231,False,6321936.153572431,2666924.512380577,48970403.33443067,3845166.407420193,33964815.874218345,3653992.153572431,7.32425600278875,Low,Leaning underpaid,41240250.0,0.0646927213098853,False,Minimum,1.0,29,100.0,61.84538653366584,22.81303602058319
diabamo01,Moussa Diabaté,CHO,C,24.0,73.0,1899.0,0.4,1.2,1.7,1.8,moussa diabate,diabamo01,CHO,2461462.0,1.0,,2461462.0,diabamo01,26.0,7.9,8.7,1.9,0.8,1.0,0.631,0.5,0.659,2.4,5.0,,0.749,0.465,0.077,0.333,0.636,0.314,0.036,0.008,0.006,,,,,,,,,,,,,2022.0,43.0,4,Rookie Scale,,,,,4.0,False,False,False,False,,,,False,232.14,4.400758293838863,76.99554896142433,False,77.04485488126649,80.90185676392572,81.79347826086956,63.19261213720316,85.22427440633246,74.80211081794195,79.02374670184696,36.01583113456465,33.90501319261214,94.72295514511872,42.87598944591029,52.242744063324544,89.9736147757256,95.25065963060686,99.1869918699187,13.852242744063323,23.87267904509284,90.18567639257294,96.81697612732096,100.0,94.82758620689656,,87.24035608308606,80.27196435461485,3,17.08229426433915,True,Big,75.70422535211267,81.69014084507043,77.14285714285715,58.80281690140845,80.98591549295774,76.05633802816901,78.52112676056338,32.3943661971831,38.028169014084504,86.61971830985915,58.098591549295776,62.676056338028175,75.70422535211267,87.32394366197182,97.72727272727272,23.943661971830984,44.014084507042256,78.87323943661971,95.77464788732394,100.0,92.95774647887325,,74.07407407407408,63.1896700902757,4.6991325118540965,True,22617093.928570855,3659374.544939209,53630936.59752105,5276078.871767049,37197261.25710629,20155631.928570855,2.209459898358369,Low,Underpaid,41240250.0,0.0596859136401937,False,Rookie Scale,12.0,178,99.70501474926252,98.75311720698254,89.36535162950257
mitchaj01,Ajay Mitchell,OKC,SG,23.0,57.0,1473.0,0.3,1.6,1.9,1.4,ajay mitchell,mitchaj01,OKC,2850000.0,2.0,,2850000.0,mitchaj01,25.8,13.6,3.3,3.6,1.2,0.3,0.485,0.347,0.87,2.8,10.4,,0.72,0.474,0.569,0.217,0.2,0.364,0.098,0.039,0.298,28.8,15.1,3.7,4.3,1.5,0.1,0.46,0.325,0.9,11.0,317.0,1.8,2024.0,38.0,2,Rookie Scale,,,,,2.0,False,False,True,False,,,,False,118.56000000000002,2.897596741344196,54.718100890207715,False,79.02374670184696,93.63395225464193,78.80434782608695,61.47757255936675,92.21635883905012,55.4089709762533,36.80738786279684,25.593667546174142,68.46965699208444,38.52242744063325,76.12137203166228,85.75197889182058,40.89709762532981,68.73350923482849,44.71544715447154,87.46701846965699,81.83023872679045,57.294429708222815,89.52254641909815,81.83023872679045,83.55437665782493,,57.86350148367953,84.42029920573506,3,23.940149625935163,True,Guard,80.0,95.85798816568048,82.09876543209876,66.17647058823529,94.11764705882352,58.235294117647065,40.294117647058826,27.35294117647059,70.88235294117648,62.35294117647059,64.70588235294117,79.70588235294119,61.47058823529412,89.11764705882354,41.76470588235294,78.52941176470588,63.01775147928994,69.23076923076923,92.01183431952664,81.06508875739645,84.02366863905326,,75.53956834532374,60.4801495797999,3.5263062480728915,True,7480244.2934165485,3187315.839984271,49939462.32578753,4595465.578741085,34636934.29619487,4630244.2934165485,6.250082838464297,Low,Underpaid,41240250.0,0.0691072435302889,False,Rookie Scale,7.0,178,99.41002949852508,72.06982543640898,33.61921097770154
ighodos01,Oso Ighodaro,PHO,PF,23.0,82.0,1808.0,-2.2,2.3,0.1,0.9,oso ighodaro,ighodos01,PHO,2296271.0,2.0,,2296271.0,ighodos01,22.0,6.5,5.1,2.3,0.9,0.7,0.653,0.0,0.453,1.4,4.5,,0.796,0.504,0.486,,0.522,0.38,0.096,0.0,0.003,32.3,7.5,7.0,4.0,0.5,0.8,0.542,,0.667,4.0,129.0,-0.4,2024.0,40.0,2,Rookie Scale,,,,,2.0,False,False,True,True,,,,False,192.618,3.835314159292035,80.84569732937686,False,59.23482849604221,64.45623342175067,71.46739130434783,20.58047493403694,96.70184696569922,70.71240105540898,97.75725593667546,25.593667546174142,22.95514511873351,70.71240105540898,52.770448548812666,63.58839050131926,79.15567282321899,97.22955145118732,0.9485094850948508,0.79155672823219,43.236074270557026,88.72679045092838,81.6976127320955,92.44031830238728,87.26790450928382,,89.91097922848664,65.78006639629749,3,5.7356608478802995,True,Big,52.46478873239436,64.08450704225352,62.857142857142854,15.140845070422534,95.4225352112676,71.83098591549296,98.943661971831,23.591549295774648,25.704225352112676,44.71830985915493,70.77464788732394,74.29577464788733,57.04225352112676,92.6056338028169,2.6515151515151514,2.112676056338028,66.54929577464789,77.46478873239437,76.40845070422534,89.43661971830986,85.56338028169014,,80.0,60.04440554841719,11.468611576050126,True,16127818.09796182,3188196.009097138,32521963.138190743,4596734.604800852,22556532.4082216,13831547.09796182,1.818830479790736,Medium,Underpaid,41240250.0,0.0556803365644,False,Rookie Scale,22.0,178,99.1150442477876,97.75561097256858,80.96054888507719
garzalu01,Luka Garza,BOS,C,27.0,69.0,1118.0,2.2,0.2,2.4,1.2,luka garza,garzalu01,BOS,2801346.0,1.0,2801346.0,2801346.0,garzalu01,16.2,8.1,4.1,1.0,0.4,0.4,0.577,0.433,0.769,1.7,5.2,,0.722,0.578,0.588,0.5,0.353,0.232,0.048,0.011,0.356,8.4,4.4,1.7,0.9,0.0,0.1,0.5,0.308,0.875,7.0,59.0,3.8,2021.0,52.0,5,Veteran,,,,,5.0,False,False,True,True,,,,False,126.6564,4.0783813953488375,67.07715133531157,False,84.30079155672823,77.71883289124668,78.26086956521739,87.73087071240106,58.70712401055409,32.0580474934037,67.01846965699208,65.03957783641161,34.696569920844325,56.72823218997362,13.060686015831136,8.839050131926122,55.67282321899736,91.02902374670184,95.9349593495935,43.79947229551451,14.588859416445624,97.3474801061008,62.732095490716176,94.42970822281168,17.639257294429708,,76.55786350148368,79.56758631035609,3,22.81795511221945,True,Big,82.04225352112677,78.16901408450704,71.42857142857143,89.7887323943662,48.943661971830984,35.563380281690144,68.66197183098592,60.2112676056338,38.732394366197184,29.929577464788732,23.239436619718308,13.732394366197184,26.76056338028169,76.76056338028168,93.18181818181816,63.38028169014085,29.225352112676056,93.30985915492955,56.33802816901409,92.95774647887325,21.47887323943662,,58.51851851851851,56.74963119813664,3.487060339940196,False,8337642.135648649,2251853.077922432,49150955.41530638,3246717.2465800466,34090042.9045284,5536296.135648649,5.624983847275104,Low,Leaning underpaid,41240250.0,0.0679274737665266,False,Minimum,2.0,29,98.82005899705014,77.0573566084788,43.56775300171527
jamesle01,LeBron James,LAL,SF,41.0,60.0,1989.0,3.3,0.2,3.5,2.8,lebron james,jamesle01,PHI,3876529.0,2.0,3876529.0,3876529.0,jamesle01,33.2,20.9,6.1,7.2,1.2,0.6,0.515,0.317,0.737,5.3,15.3,,0.784,0.5,0.425,0.38,0.292,0.235,0.123,0.086,0.264,38.4,23.2,6.7,7.3,1.3,0.3,0.459,0.327,0.746,10.0,384.0,3.0,2003.0,1.0,20,Veteran,,,,,23.0,False,False,True,False,,,,False,268.056,4.851692307692307,86.75074183976261,False,92.4802110817942,87.0026525198939,85.32608695652173,93.4036939313984,58.70712401055409,78.89182058047494,42.480211081794195,100.0,91.2928759894459,82.84960422163589,97.22955145118732,85.75197889182058,73.87862796833772,81.13456464379946,22.086720867208673,32.71767810026385,75.72944297082228,64.45623342175067,56.76392572944297,29.973474801061005,57.294429708222815,,94.0652818991098,87.74333007410442,3,31.795511221945137,True,Wing,92.53731343283582,87.87878787878788,89.39393939393939,91.04477611940298,64.17910447761194,74.6268656716418,39.55223880597015,100.0,86.56716417910447,89.55223880597015,98.50746268656717,84.32835820895522,81.34328358208955,89.55223880597015,18.65671641791045,28.35820895522388,87.87878787878788,69.6969696969697,65.15151515151516,25.0,57.57575757575758,,98.4126984126984,55.94781885215929,2.7596137537032055,False,7999491.013528667,3303308.256457198,62880033.797527015,4762703.211927435,43612235.65001844,4122962.0135286674,7.4475645313325805,Low,Leaning underpaid,57736350.0,0.0671419131967989,False,Mid-Level,8.0,147,98.52507374631269,66.33416458852868,39.62264150943396
walshjo01,Jordan Walsh,BOS,PF,21.0,68.0,1212.0,-1.4,1.6,0.2,0.7,jordan walsh,walshjo01,BOS,2406205.0,4.0,17406205.0,2406205.0,walshjo01,17.8,5.4,4.0,0.8,0.7,0.5,0.509,0.384,0.772,0.8,3.9,,0.789,0.348,0.167,,0.337,0.172,0.022,0.0,0.468,12.7,1.7,2.6,1.0,0.6,0.3,0.211,0.167,0.333,7.0,89.0,-2.2,2023.0,38.0,3,Rookie Scale,,,,,3.0,False,False,True,True,,,,False,89.3724,2.6546257425742574,67.3145400593472,True,61.08179419525066,54.64190981432361,69.02173913043478,34.696569920844325,92.21635883905012,39.84168865435356,63.19261213720316,9.630606860158313,12.401055408970976,54.35356200527705,6.992084432717678,41.42480211081794,66.75461741424802,78.3641160949868,75.20325203252033,45.77836411609499,5.305039787798409,84.3501326259947,55.03978779840849,55.437665782493376,26.25994694960212,,77.1513353115727,61.644316903097064,3,7.98004987531172,True,Big,54.5774647887324,52.112676056338024,60.0,27.11267605633803,89.7887323943662,47.183098591549296,64.43661971830986,7.394366197183098,12.676056338028168,26.76056338028169,12.323943661971832,52.112676056338024,38.38028169014084,56.33802816901409,77.27272727272727,66.54929577464789,10.56338028169014,72.53521126760563,47.88732394366197,52.112676056338024,28.87323943661972,,59.25925925925925,53.66426702778534,7.724803461919351,True,11168467.552451676,2176833.597963951,27720845.448501844,3138554.31099662,19226580.69826531,8762262.552451676,2.2871545922099696,Low,Leaning underpaid,41240250.0,0.0583460333048417,False,Rookie Scale,26.0,178,98.23008849557522,90.77306733167082,62.60720411663808
paytoga02,Gary Payton II,GSW,SG,33.0,73.0,1142.0,0.7,1.3,1.9,1.1,gary payton,paytoga02,GSW,2449421.0,1.0,2449421.0,2449421.0,paytoga02,15.6,7.5,3.6,1.7,0.9,0.3,0.583,0.291,0.65,0.5,5.7,,0.812,0.541,0.25,,0.448,0.236,0.01,0.0,0.306,,,,,,,,,,,,,,,11,Veteran,,,,,11.0,True,False,False,False,,,,False,186.4128,5.876410507880911,94.55489614243324,False,79.02374670184696,70.29177718832891,55.70652173913043,68.07387862796834,87.0712401055409,33.773087071240106,79.02374670184696,93.2717678100264,30.87071240105541,46.17414248021108,37.33509234828496,63.58839050131926,40.89709762532981,91.82058047493403,12.601626016260164,12.401055408970976,39.389920424403186,87.0026525198939,59.6816976127321,79.57559681697613,39.257294429708224,,99.70326409495549,67.00529877325899,3,13.591022443890274,True,Guard,80.0,71.00591715976331,59.876543209876544,71.17647058823529,89.70588235294117,35.88235294117647,80.58823529411765,95.88235294117648,33.23529411764706,71.47058823529412,25.294117647058822,57.35294117647059,61.47058823529412,100.0,9.411764705882351,5.88235294117647,20.414201183431953,94.97041420118344,63.31360946745562,78.69822485207101,36.3905325443787,,100.0,53.41427632936871,4.930114643683826,False,6814226.33201814,2688796.028625012,33785486.59249337,3876700.71562878,23432885.03258252,4364805.33201814,4.563495406331564,Low,Underpaid,57736350.0,0.0424242439987979,False,Minimum,3.0,29,97.93510324483776,68.5785536159601,28.130360205831906
reedpa01,Paul Reed,DET,C,26.0,65.0,901.0,2.4,2.9,5.3,1.6,paul reed,reedpa01,DET,5602689.0,1.0,,5602689.0,reedpa01,13.9,7.8,4.5,1.2,0.9,0.9,0.617,0.325,0.664,1.7,5.2,,0.793,0.552,0.542,0.3,0.413,0.369,0.071,0.029,0.118,9.6,7.4,4.0,0.6,0.1,0.7,0.667,0.4,0.75,9.0,86.0,9.3,2020.0,58.0,6,Veteran,,,,,6.0,False,False,True,True,,,,False,139.594,5.577562708102109,91.06824925816024,False,97.36147757255937,94.9602122015915,87.77173913043478,89.44591029023746,97.8891820580475,20.31662269129288,54.74934036939314,55.8047493403694,33.24538258575198,62.13720316622692,18.733509234828496,63.58839050131926,87.33509234828496,93.93139841688657,28.72628726287263,14.511873350923482,36.47214854111406,91.51193633952256,73.87267904509284,95.3580901856764,49.46949602122016,,97.3293768545994,92.8648511426497,3,40.64837905236908,True,Big,97.88732394366195,92.95774647887325,85.0,91.54929577464787,97.88732394366195,21.12676056338028,54.5774647887324,51.056338028169016,37.32394366197183,35.2112676056338,29.929577464788732,74.29577464788733,71.12676056338029,83.80281690140845,33.33333333333333,25.352112676056336,58.098591549295776,80.28169014084507,67.6056338028169,94.71830985915491,50.352112676056336,,94.07407407407408,52.21647209028062,2.2845892827118113,False,11216949.836467046,4582432.311761712,56419045.3749555,6606941.706698198,39131033.38914573,5614260.836467046,4.621275285966736,Low,Leaning underpaid,41240250.0,0.1358548747885864,False,Mid-Level,3.0,147,97.6401179941003,77.80548628428927,63.12178387650086
gueyemo02,Mouhamed Gueye,ATL,PF,23.0,77.0,1179.0,-2.6,1.3,-1.3,0.2,mouhamed gueye,gueyemo02,ATL,2406205.0,1.0,2406205.0,2406205.0,gueyemo02,15.3,4.4,3.6,0.9,0.8,0.5,0.452,0.308,0.645,0.8,3.8,,0.735,0.4,0.125,0.167,0.338,0.138,0.055,0.021,0.448,8.3,1.7,1.7,0.7,0.2,0.0,0.286,0.1,0.5,6.0,50.0,-7.3,2023.0,39.0,3,Rookie Scale,,,,,3.0,False,False,True,True,,,,False,98.8988,3.019810687022901,61.038575667655785,True,38.12664907651715,50.92838196286472,80.97826086956522,13.984168865435356,87.0712401055409,37.73087071240106,88.39050131926122,25.593667546174142,6.860158311345646,46.17414248021108,10.15831134564644,52.242744063324544,66.75461741424802,43.403693931398415,18.69918699186992,11.213720316622693,6.896551724137931,23.607427055702917,68.83289124668434,95.3580901856764,69.89389920424404,,67.35905044510386,58.99665333129052,3,7.98004987531172,True,Big,28.169014084507044,46.478873239436616,75.0,10.211267605633804,83.80281690140845,42.25352112676056,89.7887323943662,23.591549295774648,7.394366197183098,20.774647887323944,17.6056338028169,62.676056338028175,38.38028169014084,23.239436619718308,25.37878787878788,19.366197183098592,14.788732394366196,14.43661971830986,62.323943661971825,94.71830985915491,71.12676056338029,,48.888888888888886,51.0166034559788,7.393018120577343,True,12128747.07948172,2547084.547882685,34141044.17448164,3672381.387216379,23679492.105071697,9722542.07948172,2.6048823855884224,Low,Underpaid,41240250.0,0.0583460333048417,False,Rookie Scale,31.0,178,97.34513274336284,92.76807980049875,68.26758147512865
kalkbry01,Ryan Kalkbrenner,CHO,C,24.0,69.0,1479.0,0.5,1.3,1.8,1.4,ryan kalkbrenner,kalkbry01,CHO,2411090.0,3.0,2411090.0,2411090.0,kalkbry01,21.4,7.6,5.5,0.8,0.5,1.5,0.753,0.0,0.716,1.7,4.2,,0.82,0.59,0.0,0.5,0.763,0.21,0.003,0.007,0.017,,,,,,,,,,,,,2025.0,34.0,1,Rookie Scale,,,,,1.0,False,False,False,False,,,,False,221.1174,5.382167951318459,93.15281899109792,False,77.9683377308707,33.687002652519894,72.82608695652173,64.24802110817942,87.0712401055409,56.464379947229546,67.01846965699208,36.01583113456465,31.926121372031663,76.38522427440633,6.992084432717678,16.75461741424802,96.43799472295514,99.47229551451188,0.9485094850948508,25.19788918205805,6.896551724137931,99.73474801061008,34.48275862068966,19.363395225464192,5.039787798408488,,98.51632047477746,59.434493036108286,3,9.600997506234414,True,Big,77.46478873239437,30.28169014084507,65.71428571428571,60.2112676056338,83.80281690140845,59.859154929577464,68.66197183098592,32.3943661971831,34.859154929577464,52.46478873239436,12.323943661971832,25.704225352112676,90.49295774647888,98.59154929577466,2.6515151515151514,42.6056338028169,14.788732394366196,99.29577464788731,29.577464788732392,21.830985915492956,4.929577464788732,,97.03703703703704,49.83349552987387,6.190449794150499,True,10831386.331462422,3108179.45996365,31032058.026250273,4481366.904913789,21523166.347265776,8420296.331462422,2.578052126640046,Low,Underpaid,41240250.0,0.0584644855450682,False,Rookie Scale,30.0,178,97.05014749262536,89.77556109725685,61.06346483704974
spencca01,Cam Spencer,MEM,SG,25.0,72.0,1714.0,3.0,-0.8,2.2,1.8,cam spencer,spencca01,MEM,2411090.0,3.0,5027844.0,2411090.0,spencca01,23.8,11.1,2.5,5.6,0.7,0.2,0.473,0.449,0.94,1.9,7.7,,0.622,0.483,0.519,0.436,0.067,0.108,0.142,0.099,0.585,,,,,,,,,,,,,2024.0,53.0,2,Rookie Scale,,,,,2.0,False,False,False,False,,,,False,37.1448,0.780170828471412,,True,82.98153034300792,58.620689655172406,41.84782608695652,92.34828496042216,28.100263852242747,65.69920844327177,76.38522427440633,46.04221635883905,55.27704485488126,20.58047493403694,91.95250659630608,41.42480211081794,24.406332453825858,60.02638522427441,97.8319783197832,99.47229551451188,80.23872679045093,92.04244031830238,47.3474801061008,45.225464190981434,85.0132625994695,,,58.42107598905033,3,9.600997506234414,True,Guard,86.1764705882353,60.946745562130175,47.53086419753087,92.05882352941175,32.64705882352941,68.23529411764706,78.23529411764706,49.11764705882353,55.58823529411765,37.05882352941177,86.1764705882353,37.94117647058823,40.294117647058826,82.05882352941177,99.41176470588236,100.0,60.35502958579882,98.22485207100593,51.18343195266272,43.786982248520715,85.79881656804734,,,48.82007848281592,6.084896486132255,True,12501612.213424176,2982972.828197389,28381568.800820667,4300844.2346173925,19684844.169203963,10090522.213424176,2.0316256446788823,Medium,Underpaid,41240250.0,0.0584644855450682,False,Rookie Scale,36.0,178,96.7551622418879,93.76558603491272,69.81132075471697
fontesi01,Simone Fontecchio,MIA,SF,30.0,70.0,1173.0,0.7,-0.2,0.5,0.7,simone fontecchio,fontesi01,MIA,2449421.0,1.0,2449421.0,2449421.0,fontesi01,16.8,8.5,3.0,1.4,0.5,0.1,0.412,0.375,0.843,1.5,6.7,,0.634,0.383,0.167,0.333,0.151,0.127,0.013,0.013,0.696,,,,,,,,,,,,,,,4,Rookie Scale,,,,,4.0,True,False,False,False,,,,False,70.819,2.173473145780051,21.75074183976261,True,63.7203166226913,62.3342175066313,56.79347826086957,68.07387862796834,44.72295514511873,36.41160949868074,70.97625329815304,82.58575197889182,38.12664907651715,31.6622691292876,26.2532981530343,16.75461741424802,9.366754617414248,14.775725593667548,69.10569105691057,79.28759894459102,25.72944297082228,58.48806366047745,62.732095490716176,79.57559681697613,66.18037135278514,,12.166172106824924,60.60296506848566,3,13.591022443890274,True,Wing,68.65671641791045,62.121212121212125,63.63636363636363,70.8955223880597,46.26865671641791,22.388059701492537,68.65671641791045,81.34328358208955,25.37313432835821,20.149253731343283,26.119402985074625,12.686567164179104,8.955223880597014,8.955223880597014,70.1492537313433,74.6268656716418,21.21212121212121,59.09090909090909,71.96969696969697,87.12121212121212,69.6969696969697,,7.936507936507936,47.011942624595385,4.459043851828027,True,7374357.685728995,2395894.1456907257,25942659.899518188,3454395.368889247,17993269.541953772,4924936.685728995,3.193059891764626,Low,Leaning underpaid,41240250.0,0.0593939415983171,False,Rookie Scale,29.0,178,96.46017699115043,74.56359102244389,32.59005145797599
mcbrimi01,Miles McBride,NYK,SG,25.0,41.0,1080.0,1.0,0.2,1.2,0.9,miles mcbride,mcbrimi01,NYK,3956523.0,1.0,3956523.0,3956523.0,mcbrimi01,26.3,12.0,2.4,2.6,0.9,0.2,0.423,0.413,0.787,1.1,9.9,,0.654,0.371,0.395,0.412,0.064,0.087,0.094,0.084,0.671,17.6,5.6,1.2,1.2,0.4,0.2,0.333,0.375,0.875,19.0,334.0,-2.7,2021.0,36.0,5,Veteran,,,,,5.0,False,False,True,False,,,,False,25.9776,0.8659200000000001,,True,71.50395778364116,74.27055702917772,83.69565217391305,73.61477572559367,58.70712401055409,29.947229551451187,10.686015831134563,46.04221635883905,60.15831134564644,17.810026385224276,59.76253298153035,63.58839050131926,24.406332453825858,22.559366754617415,91.869918699187,53.29815303430079,65.38461538461539,52.12201591511937,90.45092838196288,96.55172413793105,80.10610079575596,,,77.11331789706932,3,32.418952618453865,True,Guard,73.52941176470588,73.96449704142012,86.41975308641975,74.70588235294117,65.29411764705883,32.94117647058823,12.352941176470589,49.11764705882353,59.705882352941174,32.94117647058823,45.294117647058826,57.35294117647059,40.294117647058826,32.05882352941177,93.52941176470588,38.52941176470589,41.42011834319527,63.31360946745562,93.19526627218934,97.63313609467455,79.28994082840237,,,44.69436527861546,2.378649267440369,False,7969772.439241305,3206901.8188085845,39091549.038328394,4623704.603686139,27113055.538002487,4013249.439241305,4.50259370554072,Low,Leaning underpaid,41240250.0,0.0959383854365577,False,Mid-Level,23.0,147,96.16519174041298,65.33665835411472,39.27958833619211
larsspe01,Pelle Larsson,MIA,SG,24.0,70.0,1849.0,-1.2,0.0,-1.2,0.4,pelle larsson,larsspe01,MIA,2296271.0,1.0,2296271.0,2296271.0,larsspe01,26.4,11.4,3.5,3.4,0.7,0.2,0.496,0.323,0.797,3.3,8.0,,0.729,0.482,0.286,0.0,0.317,0.297,0.038,0.005,0.343,,,,,,,,,,,,,2024.0,44.0,2,Rookie Scale,,,,,2.0,False,False,False,False,,,,False,177.52,3.4563115197404004,64.42136498516321,False,39.97361477572559,65.51724137931035,39.130434782608695,38.65435356200528,52.110817941952504,72.16358839050132,70.97625329815304,36.01583113456465,56.33245382585752,43.66754617414248,73.87862796833772,41.42480211081794,24.406332453825858,73.21899736147758,26.96476964769648,59.10290237467019,41.37931034482759,70.42440318302387,59.6816976127321,73.87267904509284,42.83819628647215,,71.2166172106825,49.23628225465104,3,5.7356608478802995,True,Guard,46.47058823529411,66.27218934911244,44.44444444444444,47.35294117647059,59.411764705882355,74.70588235294117,72.35294117647058,38.82352941176471,56.47058823529411,69.11764705882352,61.47058823529412,37.94117647058823,40.294117647058826,93.52941176470588,25.0,45.588235294117645,21.89349112426036,79.88165680473372,63.31360946745562,72.7810650887574,39.053254437869825,,87.76978417266187,43.50062140677075,8.584238775702204,True,14093812.704299986,3749258.141865853,33042973.519760594,5405672.8613516735,22917893.975079075,11797541.704299986,2.0784805355726985,Medium,Underpaid,41240250.0,0.0556803365644,False,Rookie Scale,47.0,178,95.87020648967552,96.00997506234414,75.8147512864494
champju01,Justin Champagnie,WAS,SF,24.0,69.0,1377.0,0.6,-1.0,-0.4,0.6,justin champagnie,champju01,WAS,2667944.0,2.0,2667944.0,2667944.0,champju01,20.0,8.7,5.6,1.2,0.9,0.6,0.502,0.319,0.784,1.5,6.7,,0.753,0.357,0.125,,0.411,0.212,0.017,0.0,0.359,,,,,,,,,,,,,,,5,Veteran,,,,,5.0,True,False,False,False,,,,False,190.0053,4.967458823529412,82.35905044510386,False,52.770448548812666,56.49867374005305,74.18478260869566,65.96306068601582,21.108179419525065,48.68073878627968,67.01846965699208,36.01583113456465,40.23746701846966,77.9683377308707,18.733509234828496,63.58839050131926,73.87862796833772,75.19788918205805,23.983739837398375,51.45118733509235,22.546419098143236,61.40583554376657,47.3474801061008,32.228116710875334,63.26259946949602,,91.83976261127596,62.19890826798394,3,21.07231920199501,True,Wing,58.95522388059702,57.57575757575758,78.78787878787878,67.16417910447761,28.35820895522388,35.82089552238806,62.68656716417911,38.059701492537314,26.86567164179105,81.34328358208955,17.16417910447761,58.2089552238806,81.34328358208955,79.1044776119403,22.388059701492537,45.52238805970149,15.151515151515152,63.63636363636363,53.78787878787878,28.030303030303028,65.9090909090909,,95.23809523809524,41.12658906598893,2.951687836149297,False,7004641.898372298,2260268.78336143,31319463.249768488,3258850.9937853217,21722504.413391553,4336697.898372298,4.148562465864198,Low,Leaning underpaid,41240250.0,0.0646927213098853,False,Minimum,5.0,29,95.57522123893806,68.07980049875312,30.017152658662095
hylanbo01,Bones Hyland,MIN,PG,25.0,71.0,1177.0,1.2,0.5,1.7,1.1,bones hyland,hylanbo01,MIN,2845883.0,1.0,2845883.0,2845883.0,hylanbo01,16.6,8.5,1.8,2.6,0.6,0.2,0.453,0.388,0.78,1.2,6.6,,0.697,0.317,0.577,0.462,0.19,0.088,0.056,0.028,0.639,11.6,4.6,1.3,1.5,0.4,0.1,0.3,0.265,0.875,10.0,116.0,-3.2,2021.0,26.0,5,Veteran,,,,,5.0,False,False,True,True,,,,False,89.03399999999999,2.723214953271028,45.066765578635014,True,77.04485488126649,54.11140583554377,,76.91292875989446,67.67810026385224,37.203166226912934,73.61477572559367,46.04221635883905,38.12664907651715,7.387862796833773,59.76253298153035,28.49604221635884,24.406332453825858,44.19525065963061,79.26829268292683,50.131926121372025,87.79840848806366,67.24137931034483,23.87267904509284,59.15119363395226,59.15119363395226,,41.246290801186944,63.28478545383287,2,23.690773067331673,True,Guard,77.64705882352942,56.80473372781065,,78.52941176470588,72.94117647058823,39.411764705882355,75.58823529411765,49.11764705882353,40.588235294117645,13.529411764705882,45.294117647058826,24.11764705882353,40.294117647058826,62.05882352941177,77.05882352941177,34.705882352941174,74.55621301775149,76.92307692307693,26.035502958579883,59.46745562130178,57.692307692307686,,58.992805755395686,39.59401238650119,2.671284101788103,False,6817754.649798295,2122007.462306882,25854677.83590808,3059506.0986836865,17932247.079664867,3971871.649798295,3.4810097447996804,Low,Leaning underpaid,41240250.0,0.0690074138735822,False,Minimum,4.0,29,95.2802359882006,64.83790523690773,28.47341337907376
minotjo01,Josh Minott,BRK,PF,23.0,49.0,834.0,1.4,1.1,2.5,1.0,josh minott,minotjo01,BRK,4500000.0,2.0,4500000.0,4500000.0,minotjo01,17.0,7.4,3.2,0.9,0.9,0.5,0.5,0.418,0.787,1.2,5.1,,0.815,0.447,0.2,0.0,0.214,0.151,0.02,0.008,0.607,,,,,,,,,,,,,2022.0,45.0,4,Rookie Scale,,,,,4.0,False,False,False,False,,,,False,53.47859999999999,2.308428776978417,66.5727002967359,True,85.62005277044855,58.09018567639257,82.88043478260869,79.28759894459102,83.64116094986808,16.094986807387862,20.052770448548813,25.593667546174142,29.551451187335093,35.75197889182058,10.15831134564644,63.58839050131926,66.75461741424802,74.53825857519789,92.6829268292683,53.29815303430079,16.180371352785148,93.10344827586206,34.48275862068966,41.51193633952255,57.02917771883289,,75.37091988130564,74.2689958647376,3,34.78802992518703,True,Big,83.09859154929578,55.633802816901415,77.85714285714286,76.76056338028168,78.87323943661971,17.6056338028169,23.591549295774648,23.591549295774648,32.74647887323944,13.732394366197184,17.6056338028169,74.29577464788733,38.38028169014084,50.352112676056336,90.15151515151516,74.64788732394366,32.74647887323944,83.80281690140845,29.577464788732392,43.66197183098591,59.859154929577464,,57.77777777777777,39.48096593955057,2.1349008847139626,True,14362740.2019085,2977200.059958897,37067396.217393465,4292521.068961437,25709146.785305068,9862740.2019085,2.3735161729726695,Low,Fairly paid,41240250.0,0.1091167003109826,False,Rookie Scale,16.0,178,94.98525073746312,93.01745635910224,76.5008576329331
sheadja01,Jamal Shead,TOR,PG,23.0,82.0,1852.0,-2.3,0.0,-2.3,-0.1,jamal shead,sheadja01,TOR,2296271.0,1.0,2296271.0,2296271.0,sheadja01,22.6,6.6,1.7,5.4,0.9,0.2,0.367,0.321,0.784,1.4,6.1,,0.573,0.35,0.327,0.273,0.163,0.198,0.097,0.022,0.52,32.0,9.0,2.0,5.0,1.4,0.1,0.354,0.333,0.5,7.0,224.0,-3.8,2024.0,45.0,2,Rookie Scale,,,,,2.0,False,False,True,False,,,,False,81.5326,1.5848669546436285,6.6172106824925825,True,25.065963060686013,58.88594164456234,44.83695652173913,18.46965699208443,52.110817941952504,72.55936675461741,97.75725593667546,25.593667546174142,23.87862796833773,5.408970976253298,90.10554089709764,63.58839050131926,24.406332453825858,2.9023746701846966,25.474254742547423,51.45118733509235,89.65517241379311,4.641909814323608,71.75066312997347,83.55437665782493,82.89124668435012,,1.7804154302670625,45.16257757753456,3,5.7356608478802995,True,Guard,33.82352941176471,61.53846153846154,49.382716049382715,24.41176470588235,59.411764705882355,75.29411764705883,97.05882352941175,27.35294117647059,23.235294117647054,9.117647058823527,82.94117647058825,57.35294117647059,40.294117647058826,5.294117647058823,23.235294117647054,36.76470588235294,78.69822485207101,8.875739644970414,75.7396449704142,83.72781065088756,82.54437869822485,,4.316546762589928,39.42691672965426,7.873997221126676,True,14421476.248656074,3152142.8717939886,30234563.46394377,4544753.263823026,20970041.31408096,12125205.248656074,1.8779229064481917,Medium,Underpaid,41240250.0,0.0556803365644,False,Rookie Scale,52.0,178,94.69026548672566,96.50872817955111,76.67238421955403
greenja02,Javonte Green,DET,SG,32.0,82.0,1446.0,-0.3,2.4,2.1,1.5,javonte green,greenja02,DET,3943679.0,1.0,3943679.0,3943679.0,greenja02,17.6,6.9,2.8,0.7,1.2,0.3,0.447,0.381,0.84,1.5,5.0,,0.651,0.479,0.167,0.286,0.2,0.171,0.014,0.017,0.597,12.0,2.7,1.8,0.3,0.5,0.5,0.3,0.259,0.833,11.0,132.0,-1.0,,,7,Veteran,,,,,7.0,True,False,True,True,,,,False,82.0,2.04149377593361,22.722551928783385,True,81.79419525065963,68.43501326259947,67.66304347826086,53.693931398416886,97.22955145118732,53.43007915567283,97.75725593667546,90.63324538258574,25.857519788918204,27.440633245382585,4.617414248021108,85.75197889182058,40.89709762532981,38.91820580474934,72.62872628726286,76.78100263852242,16.180371352785148,71.61803713527851,77.45358090185677,83.55437665782493,43.50132625994695,,13.353115727002969,71.48532009048753,3,32.16957605985037,True,Guard,83.82352941176471,68.63905325443787,72.8395061728395,60.0,97.6470588235294,54.70588235294118,97.05882352941175,93.23529411764706,25.882352941176475,49.11764705882353,1.4705882352941175,79.70588235294119,61.47058823529412,55.88235294117647,70.0,66.47058823529412,5.9171597633136095,81.36094674556213,80.4733727810651,83.72781065088756,39.94082840236686,,21.58273381294964,39.31574403063716,2.22214057025469,False,8087494.083663487,3228510.069033735,29940804.15582077,4654859.335476696,20766296.191877387,4143815.083663487,3.3029135861434664,Low,Leaning underpaid,49488300.0,0.0796891184380954,False,Mid-Level,38.0,147,94.3952802359882,66.58354114713218,39.96569468267582
rolliry01,Ryan Rollins,MIL,PG,23.0,74.0,2376.0,0.7,-0.5,0.2,1.3,ryan rollins,rolliry01,MIL,4000000.0,2.0,4000000.0,4000000.0,rolliry01,32.1,17.3,4.6,5.6,1.5,0.4,0.472,0.406,0.796,2.1,13.9,,0.7,0.369,0.507,0.382,0.204,0.152,0.13,0.074,0.44,,,,,,,,,,,,,2022.0,44.0,4,Rookie Scale,,,,,4.0,False,False,False,False,,,,False,209.8344,3.179309090909091,51.37240356083086,False,61.08179419525066,68.96551724137932,82.6086956521739,68.07387862796834,36.93931398416886,92.87598944591028,80.87071240105541,25.593667546174142,82.45382585751979,63.19261213720316,91.95250659630608,95.77836411609498,55.67282321899736,58.970976253298154,87.66937669376695,58.443271767810025,91.77718832891246,54.37665782493368,75.9946949602122,12.46684350132626,85.0132625994695,,53.70919881305638,72.11077838389512,3,33.042394014962596,True,Guard,66.17647058823529,69.8224852071006,85.80246913580247,71.17647058823529,44.11764705882353,92.94117647058825,81.47058823529412,27.35294117647059,83.52941176470588,88.8235294117647,86.1764705882353,93.82352941176472,78.52941176470588,80.58823529411765,88.23529411764706,44.41176470588235,82.84023668639054,66.27218934911244,78.69822485207101,10.059171597633137,85.79881656804734,,73.38129496402878,39.06838436893253,2.182371481655996,True,21278580.69140704,4999908.522026033,45707313.84819269,7208858.068467488,31701607.363880284,17278580.69140704,1.9130695752938816,Medium,Underpaid,41240250.0,0.0969926224986511,False,Rookie Scale,17.0,178,94.10029498525071,98.00498753117208,88.50771869639794
clingdo01,Donovan Clingan,POR,C,21.0,77.0,2094.0,2.4,0.6,3.0,2.6,donovan clingan,clingdo01,POR,7519920.0,2.0,7519920.0,7519920.0,clingdo01,27.2,12.1,11.6,2.1,0.6,1.7,0.52,0.341,0.68,2.6,8.9,,0.661,0.509,0.25,0.667,0.471,0.155,0.006,0.009,0.36,21.4,7.0,7.8,2.2,0.2,0.6,0.304,0.2,0.5,5.0,107.0,-2.7,2024.0,7.0,2,Rookie Scale,,,,,2.0,False,False,True,True,,,,False,322.7763,5.549162750716333,56.00890207715133,False,90.36939313984168,90.98143236074272,78.53260869565217,89.44591029023746,71.50395778364116,83.11345646437994,88.39050131926122,9.630606860158313,60.817941952506594,99.47229551451188,48.15303430079156,28.49604221635884,98.68073878627968,83.90501319261213,40.65040650406504,16.358839050131927,23.87267904509284,69.49602122015915,64.45623342175067,88.9920424403183,45.62334217506631,,59.940652818991104,86.1601136811085,3,50.12468827930174,True,Big,89.08450704225352,89.43661971830986,72.14285714285714,91.54929577464787,64.08450704225352,88.02816901408451,89.7887323943662,7.394366197183098,65.49295774647888,98.59154929577466,64.43661971830986,39.08450704225352,96.47887323943662,64.43661971830986,47.34848484848485,27.464788732394368,44.014084507042256,56.690140845070424,58.45070422535211,84.85915492957746,47.183098591549296,,40.74074074074074,36.035425401806755,1.7189157008022145,True,18186085.983458973,3598660.233894467,50898163.95972558,5188541.100002181,35301869.07838667,10666165.983458972,2.6008622069010365,Low,Fairly paid,41240250.0,0.1823441904450142,False,Rookie Scale,5.0,178,93.80530973451329,94.5137157107232,84.21955403087479
smithdr01,Dru Smith,MIA,SG,28.0,70.0,1141.0,-1.5,3.6,2.2,1.2,dru smith,smithdr01,MIA,2584539.0,2.0,,2584539.0,smithdr01,16.3,5.6,2.5,2.6,1.4,0.3,0.415,0.295,0.829,1.5,4.6,,0.595,0.411,0.467,0.5,0.258,0.292,0.046,0.006,0.397,,,,,,,,,,,,,,,4,Rookie Scale,,,,,4.0,True,False,False,False,,,,False,83.07600000000001,2.621153374233129,23.2566765578635,True,82.98153034300792,49.07161803713528,40.76086956521739,32.45382585751979,99.34036939313984,33.50923482849604,70.97625329815304,72.16358839050132,14.775725593667548,20.58047493403694,59.76253298153035,92.87598944591028,40.89709762532981,16.358839050131927,14.634146341463412,72.42744063324538,71.88328912466844,17.50663129973475,24.801061007957557,76.92307692307693,10.875331564986736,,13.94658753709199,54.43256543663423,3,19.201995012468828,True,Guard,86.1764705882353,51.4792899408284,45.67901234567901,39.411764705882355,100.0,35.294117647058826,72.35294117647058,76.76470588235294,16.176470588235293,37.05882352941177,45.294117647058826,89.41176470588236,61.47058823529412,25.0,12.647058823529411,59.11764705882353,47.33727810650888,28.10650887573964,27.2189349112426,76.33136094674556,11.538461538461538,,23.021582733812952,35.2305704241654,2.8347349013104317,True,6946157.796423091,1970322.3743021472,26128898.06643028,2840806.8433449036,18122440.318937633,4361618.796423091,3.477976803891288,Low,Leaning underpaid,41240250.0,0.0626703038900103,False,Rookie Scale,40.0,178,93.5103244837758,68.3291770573566,29.50257289879931
vucevni01,Nikola Vučević,BOS,C,35.0,64.0,1818.0,1.4,0.1,1.5,1.6,nikola vucevic,vucevni01,ORL,2449421.0,1.0,2449421.0,2449421.0,vucevni01,28.4,15.1,8.4,3.3,0.6,0.6,0.493,0.369,0.828,1.5,12.5,,0.698,0.506,0.512,0.357,0.199,0.324,0.103,0.035,0.339,19.0,6.2,4.3,2.3,0.2,0.5,0.378,0.292,0.5,6.0,114.0,-1.6,2011.0,16.0,15,Veteran,,,,,15.0,False,False,True,True,,,,False,159.20000000000002,3.1524752475247526,49.69584569732938,False,74.80211081794195,54.907161803713535,23.64130434782609,79.28759894459102,55.4089709762533,70.97625329815304,51.05540897097626,96.30606860158312,75.19788918205805,93.53562005277044,72.0316622691293,28.49604221635884,73.87862796833772,72.42744063324538,63.68563685636857,71.50395778364116,34.350132625994696,44.96021220159151,46.02122015915119,24.53580901856764,19.893899204244033,,49.25816023738873,48.15620251131284,3,13.591022443890274,True,Big,71.47887323943662,52.816901408450704,17.857142857142858,76.76056338028168,45.774647887323944,72.53521126760563,50.70422535211267,95.77464788732394,77.46478873239437,83.45070422535211,87.32394366197182,39.08450704225352,48.59154929577465,47.183098591549296,68.93939393939394,89.43661971830986,53.52112676056338,34.154929577464785,39.7887323943662,28.169014084507044,23.591549295774648,,30.37037037037037,34.56518006742257,3.54323618477733,False,6708271.145086537,2285847.3302392773,39251898.05082023,3295730.091318356,27224270.155691147,4258850.145086537,5.5105182723057755,Low,Leaning underpaid,57736350.0,0.0424242439987979,False,Minimum,7.0,29,93.21533923303836,67.33167082294264,27.101200686106345
wallaca01,Cason Wallace,OKC,SG,22.0,77.0,2046.0,-2.1,3.3,1.2,1.7,cason wallace,wallaca01,OKC,7420806.0,1.0,7420806.0,7420806.0,wallaca01,26.6,8.6,3.1,2.6,1.9,0.4,0.432,0.351,0.809,0.9,7.6,,0.656,0.324,0.348,0.455,0.274,0.175,0.039,0.019,0.493,24.9,8.6,3.8,2.4,2.1,0.5,0.479,0.484,0.875,15.0,374.0,7.4,2023.0,10.0,3,Rookie Scale,,,,,3.0,False,False,True,False,,,,False,160.3448,2.821316129032258,34.19881305637983,False,71.50395778364116,85.6763925729443,88.31521739130434,22.427440633245386,98.81266490765172,81.53034300791556,88.39050131926122,16.62269129287599,39.31398416886543,33.90501319261214,59.76253298153035,98.94459102902374,55.67282321899736,28.36411609498681,47.5609756097561,63.19261213720316,57.02917771883289,19.49602122015915,64.45623342175067,90.84880636604774,59.15119363395226,,26.112759643916917,83.12284318250353,3,49.62593516209476,True,Guard,73.52941176470588,85.20710059171599,90.12345679012346,28.823529411764703,99.11764705882354,80.58823529411765,87.6470588235294,17.352941176470587,42.35294117647059,56.1764705882353,45.294117647058826,98.52941176470588,78.52941176470588,40.588235294117645,44.41176470588235,49.11764705882353,31.65680473372781,30.473372781065088,66.27218934911244,93.19526627218934,57.692307692307686,,40.28776978417266,33.49690802040877,1.67498794553688,True,28879963.422345165,11975555.274331192,56613480.30915194,17266331.550553747,39265889.267182745,21459157.422345165,1.5456364809757082,Medium,Underpaid,41240250.0,0.1799408587484314,False,Rookie Scale,9.0,178,92.92035398230088,99.00249376558602,93.13893653516296
millele01,Leonard Miller,CHI,SF,22.0,46.0,719.0,-0.2,-1.1,-1.3,0.1,leonard miller,millele01,CHI,2406205.0,1.0,2406205.0,2406205.0,millele01,15.6,7.8,3.9,0.9,0.4,0.3,0.553,0.323,0.736,1.2,5.7,,0.77,0.457,0.4,1.0,0.466,0.134,0.019,0.004,0.378,,,,,,,,,,,,,2023.0,33.0,3,Rookie Scale,,,,,3.0,False,False,False,False,,,,False,122.1852,6.117756884561891,90.56379821958458,False,38.12664907651715,50.6631299734748,32.065217391304344,54.485488126649074,18.601583113456467,10.554089709762533,15.963060686015831,16.62269129287599,33.24538258575198,51.97889182058047,10.15831134564644,8.839050131926122,40.89709762532981,89.18205804749341,26.96476964769648,32.321899736147756,31.697612732095493,88.06366047745358,49.20424403183024,38.196286472148536,72.67904509283821,,97.03264094955487,40.55479253092146,3,7.98004987531172,True,Wing,44.02985074626866,54.54545454545454,34.84848484848485,53.73134328358209,24.62686567164179,8.955223880597014,10.44776119402985,19.402985074626866,20.8955223880597,47.76119402985074,10.44776119402985,8.955223880597014,43.28358208955223,100.0,24.62686567164179,26.86567164179105,34.090909090909086,95.45454545454544,57.57575757575758,37.878787878787875,78.78787878787878,,100.0,32.57474265560974,5.082022439031096,True,15251565.99194656,2327139.853785216,29236845.892009456,3355265.5688616335,20278045.918539766,12845360.99194656,1.764389706108451,Medium,Leaning underpaid,41240250.0,0.0583460333048417,False,Rookie Scale,59.0,178,92.6253687315634,97.2568578553616,79.41680960548885
goodwjo01,Jordan Goodwin,PHO,PG,27.0,70.0,1572.0,0.3,1.5,1.8,1.5,jordan goodwin,goodwjo01,PHO,5864198.0,3.0,12197531.0,5864198.0,goodwjo01,22.5,8.7,4.9,2.2,1.5,0.2,0.413,0.371,0.696,0.8,7.9,,0.539,0.457,0.263,0.353,0.231,0.126,0.068,0.031,0.544,5.0,2.0,0.0,0.0,0.0,0.0,0.25,0.0,,1.0,5.0,-25.2,,,5,Veteran,,,,,5.0,True,False,True,True,,,,False,127.743,2.9254122137404583,22.477744807121663,False,77.9683377308707,76.39257294429707,70.38043478260869,61.47757255936675,90.50131926121372,60.15831134564644,70.97625329815304,65.03957783641161,40.23746701846966,66.88654353562006,50.52770448548812,95.77836411609498,24.406332453825858,15.171503957783642,64.90514905149053,20.18469656992084,56.49867374005305,14.588859416445624,55.03978779840849,99.73474801061008,74.13793103448276,,13.056379821958458,74.53196233030734,3,42.14463840399002,True,Guard,78.23529411764706,76.33136094674556,76.5432098765432,66.17647058823529,92.3529411764706,63.52941176470588,72.35294117647058,70.58823529411765,43.52941176470589,92.94117647058825,35.88235294117647,93.82352941176472,40.294117647058826,23.235294117647054,61.76470588235294,10.588235294117649,30.76923076923077,23.076923076923077,57.98816568047337,100.0,72.18934911242604,,20.863309352517987,32.387323926317315,1.768480289612618,False,11501997.042845745,3227815.3314519,39784582.81112525,4653857.664226068,27593728.819921628,5637799.042845745,3.1782974159614916,Low,Fairly paid,41240250.0,0.1421959857178363,False,Mid-Level,29.0,147,92.33038348082596,78.05486284289277,64.83704974271012
santogu01,Gui Santos,GSW,PF,23.0,68.0,1395.0,-0.9,0.3,-0.6,0.5,gui santos,santogu01,GSW,4629630.0,3.0,9629630.0,4629630.0,santogu01,20.5,9.2,3.9,2.3,0.9,0.3,0.5,0.351,0.725,1.8,6.8,,0.778,0.481,0.333,1.0,0.274,0.235,0.007,0.002,0.483,,,,,,,,,,,,,2022.0,55.0,3,Rookie Scale,,,,,4.0,False,False,False,False,,,,False,126.6976,3.2696154838709677,73.62017804154303,False,49.736147757255935,76.657824933687,70.1086956521739,44.9868073878628,61.08179419525066,50.131926121372025,63.19261213720316,25.593667546174142,43.403693931398415,51.97889182058047,52.770448548812666,63.58839050131926,40.89709762532981,74.53825857519789,47.5609756097561,27.96833773087071,55.83554376657824,73.47480106100795,75.9946949602122,70.82228116710876,59.15119363395226,,83.38278931750742,67.47148215901183,3,35.16209476309227,True,Big,41.19718309859155,76.76056338028168,61.42857142857143,38.028169014084504,51.76056338028169,54.929577464788736,64.43661971830986,23.591549295774648,46.478873239436616,24.295774647887324,70.77464788732394,74.29577464788733,15.845070422535212,50.352112676056336,54.54545454545454,46.478873239436616,84.15492957746478,60.91549295774647,71.12676056338029,67.95774647887323,61.61971830985915,,67.4074074074074,32.30938739591956,1.9188698117562937,True,13416298.843063043,2842896.5765628996,41548575.891429,4098882.576249534,28817196.38596856,8786668.843063045,2.884974445458111,Low,Fairly paid,41240250.0,0.1122599887246076,False,Rookie Scale,19.0,178,92.03539823008848,91.02244389027432,73.58490566037736
scheiba01,Baylor Scheierman,BOS,SG,25.0,77.0,1429.0,-0.7,1.3,0.6,0.9,baylor scheierman,scheiba01,BOS,2744040.0,2.0,2744040.0,2744040.0,scheiba01,18.6,5.5,3.5,1.5,0.5,0.1,0.453,0.399,0.903,0.4,4.3,,0.773,0.452,0.607,0.667,0.066,0.093,0.084,0.027,0.73,14.1,4.3,2.9,0.6,0.9,0.1,0.423,0.381,,7.0,99.0,2.9,2024.0,30.0,2,Rookie Scale,,,,,2.0,False,False,True,True,,,,False,21.8526,0.5505203638908327,,True,64.77572559366754,62.06896551724138,38.58695652173913,48.41688654353562,87.0712401055409,51.71503957783641,88.39050131926122,46.04221635883905,13.720316622691293,43.66754617414248,30.738786279683374,16.75461741424802,9.366754617414248,44.19525065963061,85.36585365853658,97.8891820580475,27.453580901856768,77.05570291777188,37.6657824933687,49.07161803713528,44.56233421750663,,,53.939902163034574,3,21.695760598503743,True,Guard,68.52941176470588,63.905325443786985,43.82716049382716,56.1764705882353,89.70588235294117,53.52941176470589,87.6470588235294,49.11764705882353,14.705882352941178,69.11764705882352,19.705882352941178,11.470588235294118,16.76470588235294,62.05882352941177,84.70588235294117,96.47058823529412,12.42603550295858,87.86982248520711,39.94082840236686,47.928994082840234,42.01183431952663,,,32.244141564530835,2.486195490503088,True,7834910.574023569,3352747.6497918027,26182493.81794563,4833984.8299750965,18159613.176580388,5090870.574023569,2.913848977912425,Low,Underpaid,41240250.0,0.0665379089602997,False,Rookie Scale,41.0,178,91.74041297935102,75.06234413965088,38.42195540308747
wellsja01,Jaylen Wells,MEM,SG,22.0,69.0,1821.0,-1.8,-1.4,-3.1,-0.5,jaylen wells,wellsja01,MEM,2296271.0,2.0,,2296271.0,wellsja01,26.4,12.5,3.2,1.6,0.9,0.1,0.431,0.353,0.784,2.5,10.1,,0.604,0.475,0.537,0.41,0.152,0.142,0.096,0.087,0.523,,,,,,,,,,,,,2024.0,39.0,2,Rookie Scale,,,,,2.0,False,False,False,False,,,,False,105.9288,2.09414431630972,16.42433234421365,False,14.907651715039576,56.76392572944297,32.880434782608695,26.912928759894463,12.532981530343006,71.2401055408971,67.01846965699208,16.62269129287599,63.852242744063325,35.75197889182058,34.56464379947229,63.58839050131926,9.366754617414248,27.83641160949868,49.86449864498645,51.45118733509235,34.350132625994696,36.737400530503976,55.03978779840849,66.3129973474801,72.67904509283821,,6.824925816023739,37.34354812077927,3,5.7356608478802995,True,Guard,22.058823529411764,59.171597633136095,37.65432098765432,32.94117647058823,17.352941176470587,73.52941176470588,67.94117647058823,17.352941176470587,64.41176470588236,58.82352941176471,22.647058823529413,57.35294117647059,16.76470588235294,39.705882352941174,47.05882352941176,36.76470588235294,17.75147928994083,46.44970414201183,57.98816568047337,65.68047337278107,69.8224852071006,,12.949640287769784,31.607887272898967,6.510766433231516,True,14216710.096276771,3531378.8721398916,29492950.035743963,5091534.9677089015,20455674.23062791,11920439.096276771,1.8261307284027108,Medium,Underpaid,41240250.0,0.0556803365644,False,Rookie Scale,68.0,178,91.44542772861357,96.25935162094764,76.15780445969125
porteke02,Kevin Porter Jr.,MIL,PG,25.0,38.0,1261.0,0.8,1.2,2.1,1.3,kevin porter,porteke02,MIL,5390700.0,1.0,5390700.0,5390700.0,porteke02,33.2,17.4,5.2,7.4,2.2,0.5,0.465,0.322,0.878,4.1,13.5,,0.682,0.407,0.439,0.471,0.251,0.21,0.128,0.132,0.278,,,,,,,,,,,,,2019.0,30.0,6,Veteran,,,,,7.0,False,False,False,False,,,,False,128.763,3.6760253766851703,50.02967359050445,False,81.79419525065963,66.84350132625994,65.76086956521739,70.05277044854881,85.22427440633246,41.952506596306065,8.70712401055409,46.04221635883905,82.98153034300792,72.42744063324538,97.75725593667546,100.0,66.75461741424802,52.90237467018469,26.151761517615174,89.9736147757256,97.61273209549071,42.57294429708223,42.04244031830239,22.015915119363395,60.3448275862069,,50.44510385756677,70.17518789696891,3,38.65336658354115,True,Guard,83.82352941176471,67.45562130177515,70.37037037037037,72.94117647058823,88.23529411764706,42.35294117647059,9.117647058823527,49.11764705882353,84.41176470588235,95.2941176470588,96.17647058823528,100.0,88.52941176470588,72.6470588235294,24.11764705882353,82.94117647058825,94.67455621301777,55.02958579881657,43.49112426035503,20.118343195266274,58.57988165680473,,69.06474820143885,31.52182131342776,1.815500022366744,False,7708734.117971416,4208649.033990252,29524019.871114515,6068021.727272426,20477223.59852657,2318034.1179714156,3.283985470209226,Low,Leaning underpaid,49488300.0,0.1089287771048914,False,Mid-Level,41.0,147,91.1504424778761,50.62344139650873,37.04974271012007
jacksgg01,GG Jackson II,MEM,PF,21.0,55.0,1178.0,0.0,-1.2,-1.2,0.2,gg jackson,jacksgg01,MEM,2406205.0,1.0,2406205.0,2406205.0,jacksgg01,21.4,12.5,4.3,1.5,0.6,0.8,0.496,0.332,0.742,2.7,9.3,,0.734,0.471,0.333,0.333,0.329,0.232,0.053,0.012,0.375,,,,,,,,,,,,,2023.0,45.0,3,Rookie Scale,,,,,3.0,False,False,False,False,,,,False,168.28350000000003,5.1427894736842115,77.69287833827894,False,39.97361477572559,38.196286472148536,40.21739130434783,56.99208443271768,16.358839050131927,37.46701846965699,31.398416886543533,9.630606860158313,63.852242744063325,60.02638522427441,30.738786279683374,28.49604221635884,83.90501319261213,73.21899736147758,33.06233062330624,34.168865435356196,52.91777188328912,62.46684350132627,20.95490716180371,8.488063660477453,71.48541114058355,,87.83382789317507,39.398532860117534,3,7.98004987531172,True,Big,29.577464788732392,34.50704225352113,34.285714285714285,52.816901408450704,8.098591549295776,41.54929577464789,30.28169014084507,7.394366197183098,68.30985915492957,33.45070422535211,43.66197183098591,39.08450704225352,65.14084507042254,47.88732394366197,37.121212121212125,53.87323943661971,79.5774647887324,48.943661971830984,18.661971830985916,11.267605633802818,72.88732394366197,,75.55555555555556,31.418482984805813,4.937128649033479,True,8471428.240056245,1959310.7685754937,27428556.15813844,2824930.332316817,19023855.148683768,6065223.240056245,3.006487768984967,Low,Leaning underpaid,41240250.0,0.0583460333048417,False,Rookie Scale,63.0,178,90.85545722713864,80.29925187032418,44.25385934819897
portecr01,Craig Porter Jr.,CLE,PG,25.0,64.0,1148.0,0.0,1.9,2.0,1.2,craig porter,portecr01,CLE,2406205.0,1.0,2406205.0,2406205.0,portecr01,17.9,4.5,3.4,3.2,0.9,0.6,0.45,0.355,0.6,0.6,4.0,,0.721,0.321,0.35,0.75,0.264,0.205,0.155,0.016,0.36,3.0,0.3,0.4,0.6,0.0,0.0,0.333,0.0,,7.0,21.0,-11.2,,,3,Rookie Scale,,,,,3.0,True,False,True,True,,,,False,67.584,2.1193588850174216,45.45994065281899,True,80.47493403693932,14.588859416445624,36.684782608695656,56.99208443271768,94.85488126649076,34.03693931398417,51.05540897097626,46.04221635883905,8.311345646437996,41.29287598944591,70.18469656992085,63.58839050131926,73.87862796833772,41.029023746701846,51.21951219512195,6.596306068601583,69.76127320954907,11.671087533156498,24.801061007957557,52.65251989389921,66.18037135278514,,41.839762611275965,39.346349268662806,3,7.98004987531172,True,Guard,82.05882352941177,15.976331360946746,41.9753086419753,62.05882352941177,96.47058823529412,36.47058823529411,53.8235294117647,49.11764705882353,8.235294117647058,66.17647058823529,57.35294117647059,57.35294117647059,92.64705882352942,58.82352941176471,48.8235294117647,3.5294117647058822,45.5621301775148,18.639053254437872,27.2189349112426,52.071005917159766,63.31360946745562,,59.71223021582733,31.366299393351085,4.930589392729308,True,3418172.0949533153,1790846.413193464,17392758.904724322,2582038.762962101,12063242.561212225,1011967.0949533152,4.564402276458215,Low,Leaning underpaid,41240250.0,0.0583460333048417,False,Rookie Scale,64.0,178,90.56047197640116,41.14713216957606,0.8576329331046313
matkoka01,Karlo Matković,NOP,PF,24.0,62.0,912.0,0.2,0.4,0.7,0.6,karlo matkovic,matkoka01,NOP,2296271.0,1.0,2296271.0,2296271.0,matkoka01,14.7,5.7,3.7,0.8,0.4,0.9,0.604,0.422,0.732,0.7,3.8,,0.848,0.405,0.0,,0.447,0.157,0.013,0.0,0.383,,,,,,,,,,,,,2022.0,52.0,2,Rookie Scale,,,,,4.0,False,False,False,False,,,,False,105.3132,4.1571,87.19584569732939,False,66.2269129287599,20.95490716180371,33.42391304347826,59.63060686015831,63.98416886543535,21.899736147757256,46.17414248021108,36.01583113456465,15.699208443271766,48.15303430079156,6.992084432717678,8.839050131926122,87.33509234828496,93.66754617414249,94.0379403794038,30.606860158311346,1.5915119363395225,98.40848806366049,51.45888594164456,22.015915119363395,76.657824933687,,94.3620178041543,36.948785809170715,3,5.7356608478802995,True,Big,60.91549295774647,16.19718309859155,27.857142857142858,55.633802816901415,55.98591549295775,24.647887323943664,45.42253521126761,32.3943661971831,15.492957746478872,22.183098591549296,12.323943661971832,13.732394366197184,71.12676056338029,83.09859154929578,91.66666666666666,49.647887323943664,3.5211267605633805,95.77464788732394,44.36619718309859,25.352112676056336,76.76056338028168,,87.4074074074074,31.213124961290415,6.4419404823815025,True,4078314.9900294426,1897120.1617656483,18667700.6129393,2735264.040281862,12947514.64029145,1782043.9900294426,4.112134666442863,Low,Leaning underpaid,41240250.0,0.0556803365644,False,Rookie Scale,70.0,178,90.2654867256637,46.88279301745636,5.145797598627787
filipky01,Kyle Filipowski,UTA,C,22.0,77.0,1801.0,-0.6,-0.5,-1.1,0.4,kyle filipowski,filipky01,UTA,3000000.0,2.0,,3000000.0,filipky01,23.4,11.4,7.2,2.6,0.9,0.5,0.492,0.325,0.75,2.8,8.5,,0.706,0.525,0.355,0.2,0.259,0.339,0.047,0.008,0.347,,,,,,,,,,,,,2024.0,32.0,2,Rookie Scale,,,,,2.0,False,False,False,False,,,,False,169.5155,3.388427540255414,55.97181008902078,False,41.82058047493404,57.02917771883289,66.03260869565217,49.6042216358839,36.93931398416886,70.18469656992085,88.39050131926122,16.62269129287599,56.33245382585752,89.44591029023746,59.76253298153035,63.58839050131926,66.75461741424802,71.89973614775725,28.72628726287263,37.071240105540895,50.53050397877984,55.96816976127321,56.76392572944297,55.437665782493376,68.16976127320955,,59.64391691394659,56.60331502416541,3,25.43640897755611,True,Big,31.690140845070424,54.22535211267606,58.57142857142858,41.901408450704224,28.52112676056338,70.4225352112676,89.7887323943662,15.140845070422534,59.859154929577464,75.35211267605634,77.8169014084507,74.29577464788733,38.38028169014084,46.12676056338028,33.33333333333333,57.3943661971831,75.0,42.25352112676056,49.647887323943664,52.112676056338024,69.71830985915493,,40.0,31.166906046609295,2.22528718869513,True,14496948.607196372,2779762.550574707,30835145.460031636,4007856.064337392,21386592.037079733,11496948.607196372,1.9352612518423409,Medium,Leaning underpaid,41240250.0,0.0727444668739884,False,Rookie Scale,37.0,178,89.97050147492625,95.51122194513717,77.01543739279589
huffja01,Jay Huff,IND,C,27.0,82.0,1719.0,-0.9,1.3,0.4,1.1,jay huff,huffja01,IND,2667944.0,2.0,,2667944.0,huffja01,21.0,9.5,4.0,1.5,0.5,1.9,0.476,0.319,0.828,1.2,7.5,,0.791,0.587,0.6,0.8,0.25,0.123,0.008,0.008,0.61,,,,,,,,,,,,,,,5,Veteran,,,,,5.0,True,False,False,False,,,,False,153.75,3.2198952879581153,74.79970326409496,False,62.66490765171504,39.257294429708224,54.61956521739131,44.9868073878628,87.0712401055409,66.2269129287599,97.75725593667546,65.03957783641161,46.56992084432718,54.35356200527705,30.738786279683374,16.75461741424802,99.34036939313984,62.00527704485488,23.983739837398375,71.50395778364116,11.007957559681698,67.24137931034483,19.76127320954907,0.2652519893899204,52.785145888594165,,85.16320474777447,50.87004928059109,3,21.07231920199501,True,Big,56.690140845070424,35.2112676056338,46.42857142857143,38.028169014084504,83.80281690140845,66.19718309859155,98.943661971831,60.2112676056338,48.23943661971831,26.76056338028169,43.66197183098591,25.704225352112676,98.23943661971832,36.267605633802816,28.40909090909091,89.43661971830986,22.535211267605636,53.52112676056338,16.901408450704224,0.7042253521126761,53.87323943661971,,71.11111111111111,29.79773007859608,2.41406979426237,False,6965313.317475674,2683988.602244587,27246991.06949113,3869769.377925616,18897925.51802555,4297369.317475674,3.5264748831354096,Low,Underpaid,41240250.0,0.0646927213098853,False,Minimum,6.0,29,89.67551622418878,67.83042394014963,29.845626072041163
kolekty01,Tyler Kolek,NYK,PG,24.0,62.0,727.0,-0.8,0.2,-0.6,0.3,tyler kolek,kolekty01,NYK,2296271.0,2.0,2296271.0,2296271.0,kolekty01,11.7,4.4,1.6,2.7,0.4,0.1,0.435,0.386,0.7,0.3,4.0,,0.651,0.389,0.394,0.5,0.173,0.218,0.133,0.016,0.46,6.6,3.5,0.8,1.5,0.0,0.1,0.44,0.444,1.0,8.0,53.0,-1.0,2024.0,34.0,2,Rookie Scale,,,,,2.0,False,False,True,True,,,,False,42.904,2.124544704264099,24.5919881305638,True,49.736147757255935,27.851458885941643,32.608695652173914,47.0976253298153,58.70712401055409,10.817941952506596,46.17414248021108,36.01583113456465,6.860158311345646,4.221635883905013,62.796833773087066,8.839050131926122,9.366754617414248,30.21108179419525,77.37127371273714,20.58047493403694,93.63395225464193,18.169761273209552,44.03183023872679,38.196286472148536,66.18037135278514,,15.727002967359049,35.10659489110732,3,5.7356608478802995,True,Guard,55.58823529411765,31.952662721893493,37.03703703703704,55.00000000000001,65.29411764705883,11.76470588235294,48.8235294117647,38.82352941176471,5.88235294117647,6.764705882352941,49.411764705882355,5.294117647058823,16.76470588235294,43.8235294117647,75.29411764705883,11.176470588235295,86.3905325443787,28.99408284023669,47.0414201183432,37.278106508875744,63.31360946745562,,24.46043165467626,29.37093404322702,6.120758500580015,True,5779098.06953261,2045394.867248452,25134168.82020293,2949046.212947737,17432517.561673805,3482827.0695326095,3.9952209973176327,Low,Leaning underpaid,41240250.0,0.0556803365644,False,Rookie Scale,74.0,178,89.38053097345133,60.099750623441395,18.353344768439108
wareke01,Kel'el Ware,MIA,C,21.0,77.0,1704.0,2.1,0.1,2.1,1.8,kelel ware,wareke01,MIL,4654920.0,2.0,4654920.0,4654920.0,wareke01,22.1,11.1,9.0,0.7,0.8,1.1,0.53,0.395,0.74,1.2,8.4,,0.713,0.36,0.455,0.375,0.441,0.171,0.017,0.012,0.359,,,,,,,,,,,,,2024.0,15.0,2,Rookie Scale,,,,,2.0,False,False,False,False,,,,False,285.2388,6.026171830985916,73.98367952522256,False,81.79419525065963,62.864721485411145,55.97826086956522,86.80738786279683,55.4089709762533,65.4353562005277,88.39050131926122,9.630606860158313,55.27704485488126,95.91029023746702,4.617414248021108,52.242744063324544,92.0844327176781,85.35620052770449,83.73983739837398,33.64116094986807,5.305039787798409,78.91246684350133,35.94164456233422,14.854111405835544,9.151193633952255,,83.97626112759644,65.01466719578104,3,35.66084788029925,True,Big,80.98591549295774,61.267605633802816,48.57142857142857,88.38028169014085,45.774647887323944,65.49295774647888,89.7887323943662,7.394366197183098,58.45070422535211,89.7887323943662,8.80281690140845,62.676056338028175,79.92957746478874,66.90140845070422,86.36363636363636,52.46478873239436,10.56338028169014,64.08450704225352,31.690140845070424,16.901408450704224,9.859154929577464,,68.88888888888889,29.353819315481793,1.823138569615958,True,15479291.040072948,3061780.5964602195,29313783.194320746,4414469.116672077,20331407.97253422,10824371.040072948,1.6959434724690603,Medium,Fairly paid,41240250.0,0.1128732245803553,False,Rookie Scale,23.0,178,89.08554572271386,94.76309226932668,79.93138936535163
richawi02,Will Richard,GSW,SG,23.0,69.0,1377.0,-2.5,0.9,-1.7,0.1,will richard,richawi02,GSW,2150917.0,3.0,2150917.0,2150917.0,richawi02,20.0,6.4,2.5,1.3,1.2,0.1,0.468,0.335,0.852,0.8,5.0,,0.838,0.472,0.182,0.714,0.231,0.104,0.032,0.02,0.613,,,,,,,,,,,,,2025.0,56.0,1,Rookie Scale,,,,,1.0,False,False,False,False,,,,False,79.69500000000001,2.0835294117647063,64.43620178041544,True,31.266490765171508,18.83289124668435,42.66304347826087,15.03957783641161,78.7598944591029,48.68073878627968,67.01846965699208,25.593667546174142,21.767810026385224,20.58047493403694,22.03166226912929,85.75197889182058,9.366754617414248,55.27704485488126,37.262872628726285,81.26649076517151,18.30238726790451,65.25198938992042,15.251989389920425,29.973474801061005,30.90185676392573,,71.51335311572701,30.877598213147333,3,1.99501246882793,True,Guard,39.11764705882353,21.89349112426036,48.148148148148145,20.0,81.47058823529412,49.411764705882355,67.94117647058823,27.35294117647059,21.470588235294116,37.05882352941177,13.23529411764706,79.70588235294119,16.76470588235294,75.88235294117646,37.05882352941177,70.0,8.284023668639055,74.55621301775149,15.680473372781064,29.88165680473373,28.402366863905325,,88.48920863309353,28.882585744319403,15.477396104340102,True,6814575.147860219,1942795.4304053416,18149622.813224684,2801118.5509018386,12588187.04897759,4663658.147860219,2.378259397125923,Low,Leaning underpaid,41240250.0,0.0521557701517328,False,Rookie Scale,83.0,178,88.79056047197639,72.31920199501248,28.30188679245283
pritcpa01,Payton Pritchard,BOS,PG,28.0,79.0,2556.0,2.6,-0.3,2.3,2.8,payton pritchard,pritcpa01,BOS,7767857.0,2.0,16071428.0,7767857.0,pritcpa01,32.4,17.0,3.9,5.2,0.7,0.1,0.464,0.377,0.89,1.7,13.8,,0.714,0.583,0.529,0.323,0.083,0.171,0.173,0.057,0.515,33.0,14.6,3.7,5.1,0.4,0.0,0.424,0.309,0.875,7.0,231.0,2.0,2020.0,26.0,6,Veteran,,,,,6.0,False,False,True,False,,,,False,90.4866,1.2744591549295776,34.06528189910979,True,83.64116094986808,89.65517241379311,66.57608695652173,90.36939313984168,42.0844327176781,96.04221635883906,93.4036939313984,72.16358839050132,81.13456464379946,51.97889182058047,88.52242744063325,41.42480211081794,9.366754617414248,52.5065963060686,70.18970189701898,93.13984168865436,90.18567639257294,55.96816976127321,75.9946949602122,86.60477453580901,40.84880636604775,,25.519287833827892,79.49701250133509,3,50.62344139650873,True,Guard,87.6470588235294,91.1242603550296,70.98765432098766,91.17647058823528,50.294117647058826,95.2941176470588,92.05882352941175,76.76470588235294,82.05882352941177,77.3529411764706,80.58823529411765,37.94117647058823,16.76470588235294,71.76470588235294,67.05882352941175,88.23529411764706,79.88165680473372,68.04733727810651,78.69822485207101,87.27810650887574,37.8698224852071,,39.568345323741006,28.87357110482636,1.570359705075634,False,14232812.043350693,6453456.0224244725,41181643.14041765,9304579.936175188,28562699.741511513,6464955.043350693,2.440008833968797,Medium,Leaning underpaid,41240250.0,0.1883562054061263,False,Mid-Level,17.0,147,88.49557522123894,81.79551122194513,76.32933104631218
murraco01,Collin Murray-Boyles,TOR,PF,20.0,57.0,1246.0,-0.5,1.5,1.0,1.0,collin murray boyles,murraco01,TOR,6649560.0,3.0,6649560.0,6649560.0,murraco01,21.9,8.5,5.0,1.9,0.9,0.9,0.579,0.34,0.657,1.9,6.0,,0.697,0.475,0.333,0.182,0.617,0.178,0.026,0.032,0.146,27.3,14.4,6.4,2.4,1.3,1.1,0.656,0.0,0.773,7.0,191.0,5.6,2025.0,9.0,1,Rookie Scale,,,,,1.0,False,False,True,False,,,,False,211.014,6.096712680577849,68.96884272997032,False,69.78891820580475,81.16710875331566,75.54347826086956,51.187335092348285,90.50131926121372,41.42480211081794,36.80738786279684,4.749340369393139,38.12664907651715,68.60158311345647,42.87598944591029,63.58839050131926,87.33509234828496,91.2928759894459,40.10840108401084,13.324538258575195,15.384615384615383,80.90185676392572,70.55702917771883,73.87267904509284,42.04244031830239,,78.93175074183976,76.21369968177063,3,47.381546134663346,True,Big,65.84507042253522,82.3943661971831,67.85714285714286,44.71830985915493,87.67605633802818,49.29577464788733,35.563380281690144,2.112676056338028,41.901408450704224,41.19718309859155,58.098591549295776,74.29577464788733,71.12676056338029,77.46478873239437,46.21212121212121,23.239436619718308,30.985915492957744,66.54929577464789,63.732394366197184,71.83098591549296,44.71830985915493,,61.48148148148148,28.83215354710729,1.6085101880205277,True,17892891.159622252,2747354.1986155566,46591508.320807025,3961129.7675507087,32314865.585468847,11243331.159622252,2.4503672285858293,Low,Fairly paid,41240250.0,0.1612395657155327,False,Rookie Scale,15.0,178,88.20058997050147,95.26184538653366,83.704974271012
bryanth01,Thomas Bryant,CLE,C,28.0,60.0,732.0,0.8,-0.7,0.1,0.4,thomas bryant,bryanth01,CLE,2449421.0,1.0,2449421.0,2449421.0,bryanth01,12.2,6.2,3.4,0.6,0.3,0.4,0.506,0.359,0.803,1.1,4.5,,0.699,0.625,0.444,0.25,0.311,0.15,0.034,0.015,0.491,4.6,1.9,1.2,0.2,0.2,0.1,0.286,0.167,1.0,9.0,41.0,-5.8,2017.0,42.0,9,Veteran,,,,,9.0,False,False,True,True,,,,False,83.97,4.129672131147541,59.34718100890208,True,59.23482849604221,35.54376657824933,37.5,70.05277044854881,30.606860158311346,11.609498680738788,42.480211081794195,72.16358839050132,20.052770448548813,41.29287598944591,3.2981530343007917,3.825857519788918,55.67282321899736,77.17678100263852,54.33604336043361,61.34564643799473,26.12732095490716,84.3501326259947,40.45092838196286,27.32095490716181,27.18832891246684,,65.57863501483679,42.20011959085405,3,13.591022443890274,True,Big,52.46478873239436,33.098591549295776,30.0,66.19718309859155,23.591549295774648,11.971830985915492,41.54929577464789,69.01408450704226,22.535211267605636,17.6056338028169,6.338028169014084,4.929577464788732,26.76056338028169,54.5774647887324,62.121212121212125,80.63380281690141,46.478873239436616,72.53521126760563,37.67605633802817,30.633802816901408,29.929577464788732,,45.18518518518518,28.609097146963776,3.104999624941738,False,5687727.453908555,2137493.160548661,28510712.82305288,3081833.347317201,19774415.67847704,3238306.453908555,4.636864173999895,Low,Leaning underpaid,49488300.0,0.0494949513319309,False,Minimum,9.0,29,87.90560471976401,57.60598503740648,17.667238421955403
castlst01,Stephon Castle,SAS,PG,21.0,68.0,2038.0,1.0,0.9,1.9,2.0,stephon castle,castlst01,SAS,10015920.0,2.0,10015920.0,10015920.0,castlst01,30.0,16.7,5.3,7.4,1.1,0.3,0.471,0.332,0.734,5.6,12.0,,0.68,0.425,0.382,0.412,0.31,0.262,0.109,0.021,0.299,33.0,18.2,5.0,6.1,0.9,0.3,0.459,0.35,0.816,23.0,760.0,1.8,2024.0,4.0,2,Rookie Scale,,,,,2.0,False,False,True,False,,,,False,252.96,4.46838076545633,55.33382789317507,False,79.02374670184696,86.73740053050398,92.11956521739133,73.61477572559367,78.7598944591029,81.00263852242745,63.19261213720316,9.630606860158313,80.21108179419525,73.87862796833772,97.75725593667546,79.94722955145119,40.89709762532981,58.04749340369393,33.06233062330624,31.398416886543533,91.3793103448276,46.41909814323608,56.76392572944297,45.225464190981434,67.50663129973475,,58.45697329376854,86.82729883092247,3,58.60349127182045,True,Guard,80.0,86.98224852071006,93.20987654320987,74.70588235294117,81.47058823529412,79.41176470588235,64.70588235294117,10.294117647058822,80.58823529411765,95.88235294117648,96.17647058823528,72.6470588235294,61.47058823529412,79.11764705882352,32.64705882352941,18.235294117647054,81.95266272189349,57.100591715976336,60.05917159763313,43.786982248520715,65.38461538461539,,76.2589928057554,28.22380755910202,1.4816062481361665,True,35683249.72855026,11760333.834075868,60117777.79884919,16956025.710105535,41696394.44789822,25667329.728550263,1.3551860980330612,Medium,Underpaid,41240250.0,0.2428675868841726,False,Rookie Scale,4.0,178,87.61061946902655,99.501246882793,94.16809605488852
tomlina01,Nae'Qwan Tomlin,CLE,PF,25.0,64.0,1004.0,-2.2,0.1,-2.1,0.0,naeqwan tomlin,tomlina01,CLE,2411090.0,1.0,2411090.0,2411090.0,tomlina01,15.7,5.8,2.9,0.8,0.6,0.5,0.478,0.235,0.77,1.0,4.9,,0.684,0.395,0.0,,0.503,0.121,0.01,0.0,0.366,2.7,1.3,0.7,0.3,0.1,0.0,0.667,,0.5,7.0,19.0,5.0,,,2,Rookie Scale,,,,,2.0,True,False,True,True,,,,False,157.7408,5.656044621513944,63.50890207715134,False,27.83641160949868,42.17506631299735,38.04347826086957,20.58047493403694,55.4089709762533,26.64907651715039,51.05540897097626,46.04221635883905,17.282321899736147,29.287598944591032,6.992084432717678,28.49604221635884,66.75461741424802,63.7203166226913,5.826558265582656,44.45910290237467,13.660477453580905,26.392572944297083,51.45888594164456,63.395225464190986,48.143236074270554,,70.02967359050444,37.041057117574766,3,9.600997506234414,True,Big,19.014084507042252,38.028169014084504,31.428571428571427,15.140845070422534,45.774647887323944,29.577464788732392,50.70422535211267,41.901408450704224,18.661971830985916,8.450704225352112,12.323943661971832,39.08450704225352,38.38028169014084,38.028169014084504,12.12121212121212,64.08450704225352,27.464788732394368,16.901408450704224,44.36619718309859,59.859154929577464,48.59154929577465,,50.37037037037037,27.440059611340352,3.8580425725058394,True,8675822.293529768,2392109.4658037657,26657362.855742466,3448938.625026937,18488972.10227663,6264732.293529768,2.796882251499685,Low,Leaning underpaid,41240250.0,0.0584644855450682,False,Rookie Scale,69.0,178,87.31563421828909,80.79800498753117,45.28301886792453
wembavi01,Victor Wembanyama,SAS,C,22.0,64.0,1866.0,6.5,4.2,10.7,6.0,victor wembanyama,wembavi01,SAS,16868246.0,6.0,211748246.0,16868246.0,wembavi01,29.2,25.0,11.5,3.1,1.0,3.1,0.512,0.349,0.827,7.0,16.9,,0.78,0.425,0.391,0.42,0.328,0.148,0.119,0.081,0.324,34.1,23.8,10.9,2.7,1.0,3.5,0.485,0.342,0.847,22.0,750.0,8.9,2023.0,1.0,3,Rookie Scale,,,,,3.0,False,False,True,False,,,,False,354.7648,6.8443369774919605,92.77448071216617,False,99.47229551451188,100.0,99.72826086956522,98.68073878627968,100.0,73.08707124010554,51.05540897097626,16.62269129287599,95.77836411609498,99.0765171503958,68.99736147757255,73.21899736147758,100.0,79.41952506596306,46.20596205962059,70.58047493403694,57.824933687002655,82.36074270557029,99.46949602122017,63.395225464190986,100.0,,98.21958456973294,99.76617170471492,3,73.31670822942642,True,Big,99.29577464788731,100.0,99.28571428571428,98.59154929577466,100.0,73.94366197183099,50.70422535211267,15.140845070422534,97.1830985915493,97.53521126760565,84.15492957746478,84.15492957746478,100.0,57.74647887323944,52.65151515151515,88.02816901408451,85.91549295774648,69.01408450704226,99.29577464788731,59.859154929577464,100.0,,96.29629629629628,26.449463475288496,1.3607562875370982,True,44155497.27037634,11123059.49136682,72511165.40568708,16037204.8422781,50292180.8711663,27287251.27037634,1.3902709675858451,Medium,Fairly paid,41240250.0,0.4090238541230958,False,Rookie Scale,1.0,178,87.02064896755162,99.75062344139651,96.56946826758148
bitadgo01,Goga Bitadze,ORL,C,26.0,64.0,972.0,0.8,2.0,2.8,1.2,goga bitadze,bitadgo01,ORL,7608696.0,1.0,7608696.0,7608696.0,bitadgo01,15.2,5.9,5.0,1.3,0.6,1.0,0.676,0.182,0.711,1.5,3.5,,0.756,0.558,0.333,0.0,0.729,0.191,0.027,0.004,0.049,13.8,2.8,4.0,0.3,0.3,1.7,0.4,,0.714,6.0,83.0,-2.0,2019.0,18.0,7,Veteran,,,,,7.0,False,False,True,True,,,,False,163.296,6.047999999999999,88.04154302670624,False,88.91820580474933,64.19098143236074,80.70652173913044,70.05277044854881,95.51451187335093,25.065963060686013,51.05540897097626,55.8047493403694,18.46965699208443,68.60158311345647,22.03166226912929,28.49604221635884,89.9736147757256,98.15303430079156,2.9810298102981028,23.614775725593667,18.30238726790451,98.93899204244032,62.732095490716176,90.84880636604774,60.3448275862069,,95.54896142433236,76.56611514049652,3,50.374064837905244,True,Big,86.61971830985915,63.38028169014085,74.28571428571429,66.19718309859155,93.30985915492955,28.169014084507044,50.70422535211267,51.056338028169016,21.12676056338028,41.19718309859155,33.80281690140845,39.08450704225352,75.70422535211267,95.07042253521126,8.333333333333332,39.7887323943662,34.859154929577464,97.1830985915493,56.33802816901409,86.97183098591549,63.38028169014085,,90.37037037037037,26.192050302591277,1.5199510975910446,False,8631664.01233039,4632846.709203515,38559944.32255817,6679629.083710048,26744345.969373982,1022968.0123303904,3.930539646224594,Low,Fairly paid,49488300.0,0.1537473705906244,False,Mid-Level,26.0,147,86.72566371681415,41.64588528678304,44.93996569468268
alvarjo01,Jose Alvarado,NYK,PG,27.0,69.0,1370.0,-1.3,0.3,-1.0,0.3,jose alvarado,alvarjo01,NYK,4500000.0,3.0,14580000.0,4500000.0,alvarjo01,19.9,7.4,2.5,3.4,1.0,0.1,0.416,0.352,0.761,0.7,6.5,,0.695,0.471,0.37,0.333,0.131,0.156,0.06,0.013,0.639,9.4,4.2,1.4,1.2,0.6,0.1,0.433,0.353,0.833,18.0,170.0,0.6,,,5,Veteran,,,,,5.0,True,False,True,False,,,,False,58.7535,1.543887591240876,29.250741839762615,True,43.403693931398415,71.08753315649867,62.22826086956522,36.675461741424805,61.08179419525066,47.75725593667546,67.01846965699208,65.03957783641161,29.551451187335093,20.58047493403694,73.87862796833772,73.21899736147758,9.366754617414248,17.018469656992085,48.9159891598916,40.36939313984168,89.92042440318302,24.40318302387268,86.60477453580901,81.83023872679045,47.08222811671088,,19.8813056379822,60.84434624262356,3,34.78802992518703,True,Guard,50.0,72.18934911242604,67.28395061728395,45.0,67.94117647058823,47.647058823529406,67.94117647058823,70.58823529411765,31.176470588235293,37.05882352941177,61.47058823529412,65.88235294117646,16.76470588235294,25.882352941176475,45.88235294117647,25.882352941176475,79.28994082840237,34.9112426035503,89.64497041420118,81.06508875739645,45.5621301775148,,30.93525179856115,26.05631631743653,1.7490023543578528,False,7347578.752073633,2559770.2902871906,29490376.612481963,3690671.665145337,20453889.359740347,2847578.752073633,3.665235478366859,Low,Fairly paid,41240250.0,0.1091167003109826,False,Mid-Level,61.0,147,86.4306784660767,55.11221945137157,32.41852487135506
podzibr01,Brandin Podziemski,GSW,SG,22.0,82.0,2333.0,0.3,-0.1,0.2,1.3,brandin podziemski,podzibr01,GSW,5679459.0,1.0,5679459.0,5679459.0,podzibr01,28.5,13.8,5.1,3.7,1.1,0.2,0.455,0.371,0.797,2.9,10.6,,0.7,0.556,0.398,0.35,0.15,0.174,0.13,0.069,0.476,,,,,,,,,,,,,2023.0,19.0,3,Rookie Scale,,,,,3.0,False,False,False,False,,,,False,130.38,2.011864552078868,36.283382789317514,False,61.08179419525066,68.70026525198939,68.75,61.47757255936675,48.54881266490765,91.55672823218998,97.75725593667546,16.62269129287599,70.05277044854881,70.71240105540898,78.23218997361478,79.94722955145119,24.406332453825858,45.51451187335092,64.90514905149053,59.10290237467019,79.04509283819628,54.37665782493368,86.60477453580901,90.84880636604774,41.37931034482759,,27.89317507418398,66.81429801830869,3,40.89775561097257,True,Guard,66.17647058823529,69.23076923076923,74.69135802469135,66.17647058823529,56.47058823529411,91.76470588235294,97.05882352941175,17.352941176470587,72.05882352941177,94.41176470588236,67.3529411764706,72.6470588235294,40.294117647058826,63.52941176470588,61.76470588235294,45.588235294117645,59.171597633136095,66.27218934911244,89.64497041420118,93.19526627218934,38.46153846153847,,43.884892086330936,25.916542407336124,1.6336910673988894,True,18113933.35609451,4602044.40581309,35059135.139914066,6635218.384525201,24316260.20321736,12434474.35609451,1.6814178420201351,Medium,Leaning underpaid,41240250.0,0.1377164056958917,False,Rookie Scale,21.0,178,86.13569321533923,96.7581047381546,84.04802744425386
proctty01,Tyrese Proctor,CLE,PG,21.0,50.0,545.0,-2.3,-0.5,-2.8,-0.1,tyrese proctor,proctty01,CLE,2150917.0,3.0,2150917.0,2150917.0,proctty01,10.9,5.4,1.3,1.5,0.5,0.0,0.413,0.351,0.889,0.9,4.5,,0.632,0.323,0.643,0.364,0.169,0.138,0.062,0.049,0.582,3.3,0.5,0.3,0.5,0.0,0.0,0.0,0.0,1.0,4.0,13.0,-14.3,2025.0,49.0,1,Rookie Scale,,,,,1.0,False,False,True,True,,,,False,38.025000000000006,2.511743119266056,,True,17.41424802110818,39.787798408488065,21.195652173913043,18.46965699208443,36.93931398416886,2.5065963060686016,21.767810026385224,9.630606860158313,12.401055408970976,2.242744063324538,30.738786279683374,16.75461741424802,1.3192612137203166,15.171503957783642,47.5609756097561,92.61213720316624,76.25994694960212,31.29973474801061,33.02387267904509,55.437665782493376,22.281167108753316,,,27.22235597367746,3,1.99501246882793,True,Guard,24.705882352941178,43.19526627218935,28.39506172839506,24.41176470588235,44.11764705882353,2.6470588235294117,22.941176470588236,10.294117647058822,13.23529411764706,5.0,19.705882352941178,11.470588235294118,2.3529411764705883,23.235294117647054,44.41176470588235,87.3529411764706,54.142011834319526,42.01183431952663,35.798816568047336,55.62130177514793,19.82248520710059,,,25.22734350484953,13.645205931805828,True,12465970.276495367,2527913.0442523267,31374517.366326712,3644739.9517738046,21760688.761583492,10315053.276495367,2.314028004419741,Low,Underpaid,41240250.0,0.0521557701517328,False,Rookie Scale,91.0,178,85.84070796460178,94.0149625935162,69.63979416809606
thompam01,Amen Thompson,HOU,PG,23.0,79.0,2953.0,1.6,1.0,2.6,3.4,amen thompson,thompam01,HOU,12258609.0,1.0,12258609.0,12258609.0,thompam01,37.4,18.3,7.8,5.3,1.5,0.6,0.534,0.216,0.779,4.9,13.2,,0.76,0.486,0.325,0.333,0.383,0.333,0.112,0.06,0.111,44.0,19.2,7.0,5.7,2.0,1.2,0.488,0.25,0.707,6.0,264.0,2.3,2023.0,4.0,3,Rookie Scale,,,,,3.0,False,False,True,False,,,,False,399.3924,4.868989637656621,83.7833827893175,False,86.80738786279683,93.10344827586206,84.51086956521739,82.32189973614776,81.13456464379946,100.0,93.4036939313984,25.593667546174142,84.69656992084433,92.0844327176781,89.18205804749341,95.77836411609498,73.87862796833772,86.2796833773087,4.878048780487805,49.340369393139845,85.41114058355438,64.45623342175067,88.46153846153845,99.3368700265252,81.43236074270557,,92.87833827893176,88.307216156104,3,63.34164588528678,True,Guard,91.17647058823528,95.26627218934912,87.65432098765432,82.94117647058825,83.82352941176471,100.0,92.05882352941175,27.35294117647059,85.88235294117646,99.41176470588236,81.47058823529412,93.82352941176472,92.64705882352942,97.6470588235294,2.3529411764705883,33.23529411764706,69.23076923076923,73.66863905325444,90.8284023668639,99.40828402366864,81.06508875739645,,99.28057553956836,24.965570270817224,1.3941414834093586,True,9916203.249205207,4783220.03651085,58143066.7725926,6896437.045109016,40326777.45794697,-2342405.7507947925,5.381076344956784,Low,Fairly paid,41240250.0,0.297248658773892,False,Rookie Scale,2.0,178,85.54572271386431,25.935162094763093,56.08919382504288
walteja01,Ja'Kobe Walter,TOR,SG,21.0,72.0,1474.0,-1.3,1.0,-0.3,0.6,jakobe walter,walteja01,TOR,3811800.0,2.0,3811800.0,3811800.0,walteja01,20.5,7.5,2.6,1.2,1.0,0.2,0.446,0.409,0.789,1.3,5.6,,0.59,0.459,0.286,0.0,0.205,0.092,0.035,0.002,0.666,32.0,11.1,3.1,1.4,2.0,0.3,0.373,0.327,0.917,7.0,224.0,0.2,2024.0,19.0,2,Rookie Scale,,,,,2.0,False,False,True,False,,,,False,82.65599999999999,2.018735413839891,14.050445103857566,True,54.089709762532976,51.9893899204244,58.42391304347826,36.675461741424805,81.13456464379946,55.8047493403694,76.38522427440633,9.630606860158313,30.87071240105541,23.7467018469657,18.733509234828496,73.21899736147758,24.406332453825858,37.86279683377309,89.83739837398373,55.01319261213721,17.108753315649867,73.47480106100795,28.381962864721483,66.3129973474801,24.27055702917772,,5.637982195845697,54.927416052096746,3,30.174563591022448,True,Guard,60.0,54.4378698224852,62.34567901234568,45.0,83.82352941176471,58.82352941176471,78.23529411764706,10.294117647058822,33.23529411764706,42.05882352941177,10.588235294117649,65.88235294117646,40.294117647058826,54.11764705882353,91.47058823529412,41.47058823529412,7.100591715976331,83.4319526627219,31.65680473372781,65.68047337278107,22.7810650887574,,10.071942446043163,24.752852461074298,1.8203218047017184,True,13494255.45178824,2955659.138099832,27092246.47376491,4261463.411073924,18790598.002965465,9682455.45178824,1.7886564710368318,Medium,Leaning underpaid,41240250.0,0.0924291196100896,False,Rookie Scale,39.0,178,85.25073746312685,92.51870324189528,74.09948542024014
thompau01,Ausar Thompson,DET,SF,23.0,73.0,1896.0,-0.6,3.6,3.1,2.4,ausar thompson,thompau01,DET,11117925.0,1.0,11117925.0,11117925.0,thompau01,26.0,9.9,5.7,3.1,2.0,0.9,0.525,0.25,0.571,2.6,7.9,,0.683,0.452,0.321,0.25,0.426,0.414,0.097,0.021,0.042,30.5,8.2,7.9,3.1,2.0,1.8,0.505,0.143,0.516,14.0,427.0,5.3,2023.0,5.0,3,Rookie Scale,,,,,3.0,False,False,True,False,,,,False,245.6742,4.6647,57.94510385756677,False,91.16094986807389,94.42970822281168,76.3586956521739,49.6042216358839,99.34036939313984,74.40633245382587,79.02374670184696,25.593667546174142,48.284960422163586,79.68337730870712,68.99736147757255,99.6042216358839,87.33509234828496,84.69656992084433,6.639566395663957,5.013192612137203,62.9973474801061,24.40318302387268,85.80901856763926,97.87798408488064,84.21750663129973,,62.908011869436194,86.83588892013806,3,62.094763092269325,True,Wing,89.55223880597015,95.45454545454544,83.33333333333334,48.507462686567166,100.0,67.16417910447761,77.61194029850746,26.86567164179105,38.059701492537314,85.82089552238806,70.1492537313433,100.0,93.28358208955224,95.52238805970148,1.4925373134328357,4.477611940298507,74.24242424242425,18.181818181818183,90.9090909090909,100.0,86.36363636363636,,66.66666666666666,24.741125827868736,1.398441423974914,True,6933506.105499697,3035485.8752253577,47491316.84639721,4376557.440389003,32938953.377538033,-4184418.894500303,6.41173892324249,Low,Fairly paid,41240250.0,0.2695891756233291,False,Rookie Scale,3.0,178,84.95575221238938,20.947630922693268,29.15951972555746
prospol01,Olivier-Maxence Prosper,MEM,PF,23.0,53.0,984.0,1.1,-1.2,-0.1,0.5,olivier maxence prosper,prospol01,MEM,3500172.0,2.0,2497812.0,3500172.0,prospol01,18.6,10.0,3.5,1.0,0.8,0.2,0.549,0.405,0.754,2.2,6.6,,0.776,0.516,0.111,0.25,0.357,0.183,0.026,0.011,0.423,,,,,,,,,,,,,2023.0,24.0,3,Rookie Scale,,,,,3.0,False,False,False,False,,,,False,124.87859999999998,4.568729268292682,83.33827893175075,False,56.068601583113455,49.602122015915114,55.16304347826087,75.46174142480211,16.358839050131927,26.121372031662272,26.912928759894463,25.593667546174142,49.20844327176781,43.66754617414248,13.060686015831136,52.242744063324544,24.406332453825858,88.12664907651715,87.26287262872629,37.73087071240106,27.453580901856768,94.56233421750665,3.7135278514588856,22.015915119363395,10.344827586206897,,92.58160237388724,53.30408745609435,3,28.6783042394015,True,Big,46.83098591549296,45.07042253521127,47.85714285714286,73.59154929577466,8.098591549295776,28.87323943661972,26.76056338028169,23.591549295774648,51.056338028169016,19.014084507042252,23.239436619718308,62.676056338028175,5.985915492957746,71.12676056338029,87.87878787878788,58.45070422535211,47.53521126760563,86.61971830985915,4.929577464788732,25.352112676056336,11.267605633802818,,84.44444444444444,24.625783216692852,1.8586903539038115,True,12430794.695177406,2325187.4236951773,27601273.71819241,3352450.5590778165,19143648.324276272,8930622.695177406,2.03334436086401,Medium,Fairly paid,41240250.0,0.0848727153690872,False,Rookie Scale,42.0,178,84.66076696165192,91.2718204488778,69.46826758147513
pottemi01,Micah Potter,IND,C,27.0,47.0,908.0,1.5,-0.8,0.7,0.6,micah potter,pottemi01,POR,2801346.0,1.0,2801346.0,2801346.0,pottemi01,19.3,9.7,5.0,1.5,0.5,0.3,0.515,0.423,0.842,2.1,6.2,,0.753,0.5,1.0,0.333,0.249,0.143,0.003,0.031,0.573,,,,,,,,,,,,,,,5,Veteran,,,,,5.0,True,False,False,False,,,,False,72.55860000000001,2.87677268722467,64.73293768545994,True,66.2269129287599,32.891246684350136,48.641304347826086,80.73878627968337,28.100263852242747,21.372031662269126,17.018469656992085,65.03957783641161,47.361477572559366,68.60158311345647,30.738786279683374,16.75461741424802,40.89709762532981,81.13456464379946,94.71544715447156,78.62796833773086,18.30238726790451,95.22546419098144,29.84084880636605,19.363395225464192,66.18037135278514,,72.10682492581603,47.131434869256054,3,22.81795511221945,True,Big,60.91549295774647,28.87323943661972,42.142857142857146,79.92957746478874,21.47887323943662,23.591549295774648,18.661971830985916,60.2112676056338,49.29577464788733,41.19718309859155,43.66197183098591,25.704225352112676,15.845070422535212,61.267605633802816,92.42424242424242,94.01408450704226,34.859154929577464,88.02816901408451,24.295774647887324,21.830985915492956,68.66197183098592,,53.333333333333336,24.313479757036603,2.065541571865757,False,5269168.105972266,1834748.6293622411,26348236.19056731,2645336.8900893647,18274568.512565818,2467822.105972266,4.652250045585108,Low,Fairly paid,41240250.0,0.0679274737665266,False,Minimum,8.0,29,84.36578171091446,52.618453865336654,16.295025728987994
baglema01,Marvin Bagley III,DAL,PF,26.0,60.0,1201.0,1.8,-1.0,0.8,0.8,marvin bagley,baglema01,DEN,2449421.0,1.0,2449421.0,2449421.0,baglema01,20.0,10.5,6.1,1.4,0.5,0.7,0.618,0.462,0.66,2.4,6.9,,0.733,0.485,0.714,1.0,0.528,0.326,0.017,0.002,0.127,,,,,,,,,,,,,2018.0,2.0,8,Veteran,,,,,8.0,False,False,False,False,,,,False,218.592,6.55229975020816,82.35905044510386,False,67.54617414248021,26.525198938992045,26.6304347826087,84.03693931398418,21.108179419525065,39.1820580474934,42.480211081794195,55.8047493403694,52.638522427440634,82.84960422163589,26.2532981530343,16.75461741424802,79.15567282321899,94.1952506596306,98.3739837398374,14.24802110817942,27.453580901856768,93.50132625994696,37.6657824933687,59.15119363395226,49.46949602122016,,91.83976261127596,36.81990618122033,3,13.591022443890274,True,Big,63.38028169014085,22.535211267605636,20.0,84.50704225352112,14.084507042253522,45.42253521126761,41.54929577464789,51.056338028169016,54.5774647887324,62.323943661971825,38.38028169014084,25.704225352112676,57.04225352112676,84.50704225352112,96.21212121212122,24.647887323943664,47.53521126760563,84.85915492957746,34.154929577464785,54.929577464788736,50.352112676056336,,83.7037037037037,23.228883737330055,2.7091343814072206,False,4511967.493542935,1981114.9399940893,18423590.850118317,2856367.542890721,12778205.372187378,2062546.4935429348,3.644192014604496,Low,Leaning underpaid,49488300.0,0.0494949513319309,False,Minimum,10.0,29,84.070796460177,47.880299251870326,7.547169811320755
jamessi01,Sion James,CHO,SG,23.0,82.0,1843.0,-3.0,1.1,-2.0,0.0,sion james,jamessi01,CHO,2411090.0,3.0,2411090.0,2411090.0,jamessi01,22.5,5.4,3.5,2.0,0.6,0.2,0.371,0.352,0.837,1.2,4.5,,0.554,0.25,0.125,0.0,0.199,0.14,0.022,0.005,0.634,,,,,,,,,,,,,2025.0,33.0,1,Rookie Scale,,,,,1.0,False,False,False,False,,,,False,73.431,1.4343548562126966,4.70326409495549,True,28.62796833773087,48.27586206896552,19.293478260869566,10.29023746701847,83.64116094986808,71.76781002638522,97.75725593667546,25.593667546174142,12.401055408970976,43.66754617414248,45.64643799472295,28.49604221635884,24.406332453825858,3.16622691292876,48.9159891598916,75.46174142480211,61.936339522546426,16.976127320954905,77.45358090185677,52.65251989389921,49.46949602122016,,1.1869436201780417,32.49549470812087,3,9.600997506234414,True,Guard,37.64705882352941,50.88757396449704,26.543209876543212,14.117647058823527,86.76470588235294,74.11764705882354,97.05882352941175,27.35294117647059,13.23529411764706,69.11764705882352,31.176470588235293,24.11764705882353,40.294117647058826,5.88235294117647,45.88235294117647,64.11764705882354,37.278106508875744,27.2189349112426,80.4733727810651,52.071005917159766,48.5207100591716,,2.877697841726619,22.89449720188646,3.384595682586096,True,14951089.865674865,3726374.201688883,32838499.69254248,5372678.842349855,22776075.337296423,12539999.865674865,1.9471574147708153,Medium,Underpaid,41240250.0,0.0584644855450682,False,Rookie Scale,80.0,178,83.77581120943954,97.0074812967581,78.73070325900514
bonaad01,Adem Bona,PHI,C,22.0,71.0,1234.0,-3.2,0.3,-2.9,-0.3,adem bona,bonaad01,PHI,2296271.0,2.0,,2296271.0,bonaad01,17.4,4.8,4.3,0.5,0.4,1.2,0.595,0.333,0.708,1.6,3.1,,0.669,0.391,0.0,,0.755,0.209,0.009,0.0,0.027,9.6,2.6,2.1,0.1,0.1,0.7,0.5,,0.625,10.0,96.0,-9.0,2024.0,41.0,2,Rookie Scale,,,,,2.0,False,False,True,True,,,,False,166.1755,4.847907617504052,54.87388724035608,False,16.75461741424802,18.037135278514587,47.01086956521739,8.311345646437996,61.08179419525066,40.89709762532981,73.61477572559367,16.62269129287599,9.234828496042216,60.02638522427441,2.242744063324538,8.839050131926122,93.7994722955145,92.34828496042216,35.09485094850949,22.295514511873353,0.7957559681697612,84.3501326259947,44.03183023872679,45.225464190981434,54.774535809018566,,58.160237388724035,28.581656169961494,3,5.7356608478802995,True,Big,10.211267605633804,14.084507042253522,40.714285714285715,5.633802816901409,51.76056338028169,48.59154929577465,72.88732394366197,15.140845070422534,9.15492957746479,33.45070422535211,4.225352112676056,13.732394366197184,84.15492957746478,79.5774647887324,40.15151515151515,36.971830985915496,1.4084507042253522,72.53521126760563,38.732394366197184,47.183098591549296,57.3943661971831,,39.25925925925926,22.8459953220812,4.9831496191976346,True,6338116.111037021,1829413.525016244,17943808.57086373,2637644.747354887,12445438.72815323,4041845.1110370206,2.542458163205045,Low,Leaning underpaid,41240250.0,0.0556803365644,False,Rookie Scale,89.0,178,83.48082595870207,65.5860349127182,23.156089193825043
smartma01,Marcus Smart,LAL,SG,31.0,62.0,1769.0,-2.9,0.6,-2.2,-0.1,marcus smart,smartma01,HOU,6064000.0,2.0,6064000.0,6064000.0,smartma01,28.5,9.3,2.8,3.0,1.4,0.4,0.395,0.331,0.822,2.1,7.7,,0.654,0.39,0.5,0.5,0.109,0.162,0.084,0.029,0.616,34.5,12.9,3.5,5.1,2.4,1.0,0.394,0.34,0.791,10.0,345.0,1.8,2014.0,6.0,12,Veteran,,,,,12.0,False,False,True,False,,,,False,52.03660000000001,1.058969813453929,14.376854599406528,True,26.781002638522427,83.28912466843501,79.61956521739131,11.74142480211082,71.50395778364116,68.86543535620054,46.17414248021108,87.20316622691293,44.85488126649077,27.440633245382585,67.67810026385224,92.87598944591028,55.67282321899736,7.255936675461741,32.38482384823848,67.67810026385224,61.40583554376657,25.46419098143236,95.3580901856764,93.368700265252,94.16445623342176,,5.934718100890208,67.78600936681548,3,45.261845386533665,True,Guard,35.88235294117647,82.24852071005917,83.33333333333334,16.176470588235293,75.88235294117646,71.17647058823529,48.8235294117647,90.0,48.23529411764706,49.11764705882353,55.00000000000001,89.41176470588236,78.52941176470588,12.647058823529411,31.76470588235294,55.294117647058826,36.68639053254438,36.3905325443787,96.44970414201184,95.26627218934912,94.67455621301777,,10.79136690647482,22.524163980281813,1.4976413088756475,False,12405243.936436247,5206443.915410537,56810750.905748665,7506640.383976868,39402711.89951955,6341243.936436247,4.159878455817203,Low,Leaning underpaid,57736350.0,0.1050291540771108,False,Mid-Level,50.0,147,83.1858407079646,81.54613466334165,68.95368782161235
pendano01,Noah Penda,ORL,SF,21.0,59.0,757.0,-2.0,0.6,-1.5,0.1,noah penda,pendano01,ORL,2150917.0,3.0,2150917.0,2150917.0,pendano01,12.8,3.8,3.2,1.2,0.5,0.3,0.404,0.323,0.688,0.8,3.4,,0.673,0.288,0.2,0.75,0.241,0.256,0.025,0.02,0.458,3.0,0.0,1.0,0.0,0.0,0.0,,,,1.0,3.0,-4.4,2025.0,32.0,1,Rookie Scale,,,,,1.0,False,False,True,True,,,,False,48.3446,2.2990826948480843,31.95103857566766,True,34.96042216358839,7.161803713527852,34.23913043478261,24.010554089709764,71.50395778364116,12.401055408970976,40.36939313984168,9.630606860158313,3.034300791556728,35.75197889182058,18.733509234828496,16.75461741424802,40.89709762532981,11.345646437994723,26.96476964769648,18.20580474934037,38.46153846153847,6.896551724137931,26.790450928381965,49.07161803713528,35.0132625994695,,22.25519287833828,24.26545584651352,3,1.99501246882793,True,Wing,37.3134328358209,4.545454545454546,36.36363636363637,21.641791044776117,77.61194029850746,10.44776119402985,37.3134328358209,14.17910447761194,4.477611940298507,25.37313432835821,17.16417910447761,12.686567164179104,43.28358208955223,7.462686567164178,24.62686567164179,14.925373134328357,39.39393939393939,3.0303030303030303,31.060606060606062,52.27272727272727,34.090909090909086,,19.047619047619047,22.270443377685588,12.163059743064904,True,5533871.204143392,1889359.3746307516,19562579.14983087,2724074.552972525,13568183.098497558,3382954.204143392,3.1936449409895182,Low,Leaning underpaid,41240250.0,0.0521557701517328,False,Rookie Scale,95.0,178,82.89085545722715,58.35411471321695,17.152658662092623
willizi02,Ziaire Williams,BRK,SF,24.0,56.0,1281.0,-2.0,0.4,-1.7,0.1,ziaire williams,willizi02,LAL,2449421.0,1.0,2449421.0,2449421.0,willizi02,22.9,10.2,2.4,1.1,1.4,0.4,0.425,0.343,0.85,2.5,7.7,,0.68,0.35,0.476,0.25,0.224,0.139,0.048,0.009,0.58,,,,,,,,,,,,,2021.0,10.0,5,Veteran,,,,,5.0,False,False,False,False,,,,False,96.5888,2.7144393442622956,39.7106824925816,True,31.266490765171508,38.46153846153847,35.869565217391305,24.010554089709764,63.98416886543535,42.74406332453825,33.773087071240106,36.01583113456465,50.79155672823219,17.810026385224276,15.8311345646438,92.87598944591028,55.67282321899736,24.670184696569923,42.140921409214094,80.60686015831135,24.801061007957557,54.37665782493368,8.355437665782492,49.07161803713528,42.04244031830239,,33.23442136498516,35.69078657089154,3,13.591022443890274,True,Wing,32.83582089552239,39.39393939393939,37.878787878787875,21.641791044776117,66.4179104477612,26.86567164179105,28.35820895522388,38.059701492537314,45.52238805970149,13.432835820895525,12.686567164179104,92.53731343283582,60.44776119402984,19.402985074626866,32.83582089552239,79.1044776119403,18.939393939393938,53.78787878787878,8.333333333333332,52.27272727272727,46.21212121212121,,25.396825396825395,22.099764127001265,2.62605603943624,False,5446357.217053645,1983274.6301022195,26344426.907595903,2859481.3797524953,18271926.476030953,2996936.2170536453,4.472925903797495,Low,Leaning underpaid,41240250.0,0.0593939415983171,False,Minimum,11.0,29,82.59587020648968,56.10972568578554,16.9811320754717
drumman01,Andre Drummond,PHI,C,32.0,63.0,1231.0,-0.4,-0.2,-0.6,0.4,andre drummond,drumman01,NYK,2449421.0,1.0,2449421.0,2449421.0,drumman01,19.5,6.4,8.4,1.3,0.6,0.8,0.472,0.356,0.631,1.3,5.3,,0.563,0.397,0.4,,0.516,0.202,0.015,0.0,0.267,12.9,3.9,4.3,0.6,0.4,0.2,0.696,0.5,0.7,11.0,142.0,0.7,2012.0,9.0,14,Veteran,,,,,14.0,False,False,True,True,,,,False,172.2924,5.038607961007311,40.682492581602375,False,49.736147757255935,32.62599469496021,28.26086956521739,52.770448548812666,44.72295514511873,40.63324538258576,48.284960422163586,90.63324538258574,21.767810026385224,93.53562005277044,22.03166226912929,28.49604221635884,83.90501319261213,58.970976253298154,52.1680216802168,9.49868073878628,4.111405835543767,20.822281167108752,31.29973474801061,98.6737400530504,27.18832891246684,,34.718100890207715,35.26661103688058,3,13.591022443890274,True,Big,41.19718309859155,28.169014084507044,21.428571428571427,47.183098591549296,34.859154929577464,47.88732394366197,47.88732394366197,89.08450704225352,23.591549295774648,83.45070422535211,33.80281690140845,39.08450704225352,65.14084507042254,33.80281690140845,59.09090909090909,16.19718309859155,7.746478873239436,9.859154929577464,26.408450704225352,98.23943661971832,29.929577464788732,,18.51851851851852,21.67558859299031,2.594846059777819,False,4970153.395538233,1984027.8842810737,30816520.86299984,2860567.4201152176,21373674.418153863,2520732.395538233,5.801127386652099,Low,Leaning underpaid,57736350.0,0.0424242439987979,False,Minimum,12.0,29,82.30088495575221,53.36658354114713,14.23670668953688
furphjo01,Johnny Furphy,IND,SG,21.0,35.0,643.0,-3.9,0.2,-3.7,-0.3,johnny furphy,furphjo01,IND,2296271.0,2.0,2296271.0,2296271.0,furphjo01,18.4,5.1,4.4,1.2,0.6,0.2,0.47,0.324,0.486,1.0,4.3,,0.711,0.484,,0.0,0.302,0.208,0.0,0.013,0.477,,,,,,,,,,,,,2024.0,35.0,2,Rookie Scale,,,,,2.0,False,False,False,False,,,,False,45.451,2.5446905132192845,47.26261127596439,True,10.422163588390502,27.32095490716181,38.315217391304344,4.353562005277045,58.70712401055409,6.596306068601583,5.013192612137203,9.630606860158313,10.15831134564644,61.21372031662269,18.733509234828496,28.49604221635884,24.406332453825858,56.99208443271768,27.91327913279133,1.3192612137203166,22.546419098143236,27.718832891246688,44.03183023872679,70.82228116710876,77.18832891246684,,46.29080118694362,27.21910550902243,3,5.7356608478802995,True,Guard,16.470588235294116,30.76923076923077,43.20987654320987,7.352941176470589,65.29411764705883,5.88235294117647,6.470588235294119,10.294117647058822,10.588235294117649,86.47058823529412,10.588235294117649,24.11764705882353,40.294117647058826,77.64705882352942,26.176470588235297,0.5882352941176471,9.467455621301776,38.75739644970414,47.0414201183432,69.8224852071006,75.14792899408283,,63.30935251798561,21.483444661142133,4.7455918735295635,True,10230211.640514707,2436904.4619508698,25539737.349459294,3513523.960534469,17713811.14887381,7933940.640514709,2.25829471562585,Low,Underpaid,41240250.0,0.0556803365644,False,Rookie Scale,92.0,178,82.00589970501476,87.78054862842892,58.147512864494
conlemi01,Mike Conley,MIN,PG,38.0,54.0,991.0,-2.3,1.0,-1.3,0.2,mike conley,conlemi01,BOS,2449421.0,1.0,2449421.0,2449421.0,conlemi01,18.4,4.5,1.7,2.9,0.6,0.3,0.335,0.337,0.9,0.9,4.0,,0.5,0.261,0.375,0.167,0.056,0.107,0.037,0.028,0.772,14.0,4.4,1.3,2.7,0.7,0.0,0.5,0.5,1.0,12.0,168.0,5.6,2007.0,4.0,19,Veteran,,,,,19.0,False,False,True,False,,,,False,12.096,0.4394106962663975,,True,38.12664907651715,51.72413793103448,15.489130434782608,18.46965699208443,81.13456464379946,26.385224274406333,29.287598944591032,99.47229551451188,8.311345646437996,5.408970976253298,66.2269129287599,28.49604221635884,40.89709762532981,0.9234828496042216,38.21138211382114,96.83377308707124,77.32095490716179,7.427055702917771,56.76392572944297,68.43501326259947,22.281167108753316,,,34.7366379063107,3,13.591022443890274,True,Guard,44.70588235294118,53.84615384615385,22.22222222222222,24.41176470588235,83.82352941176471,28.823529411764703,33.82352941176471,100.0,8.235294117647058,9.117647058823527,52.94117647058824,24.11764705882353,61.47058823529412,1.4705882352941175,37.94117647058823,94.11764705882352,56.50887573964497,12.42603550295858,60.05917159763313,68.04733727810651,19.82248520710059,,,21.145615462420423,2.5558517065010258,False,5935505.859918538,1976073.4148093176,35730779.7332112,2849098.6820014627,24782098.411419585,3486084.8599185375,5.6869131486065365,Low,Leaning underpaid,57736350.0,0.0424242439987979,False,Minimum,13.0,29,81.71091445427729,60.59850374064838,20.411663807890225
sharpda01,Day'Ron Sharpe,BRK,C,24.0,62.0,1160.0,0.4,1.0,1.4,1.0,dayron sharpe,sharpda01,BRK,10000000.0,2.0,10000000.0,10000000.0,sharpda01,18.7,8.7,6.7,2.3,1.1,0.4,0.601,0.231,0.678,2.5,5.7,,0.751,0.462,0.0,0.0,0.587,0.292,0.003,0.008,0.11,,,,,,,,,,,,,2021.0,29.0,5,Veteran,,,,,5.0,False,False,False,False,,,,False,207.4458,6.437973103448277,87.47774480712167,False,73.61477572559367,77.45358090185677,84.78260869565217,63.19261213720316,81.13456464379946,35.48812664907652,46.17414248021108,36.01583113456465,40.23746701846966,85.35620052770449,52.770448548812666,79.94722955145119,55.67282321899736,93.4036939313984,5.149051490514905,15.567282321899736,47.214854111405835,87.79840848806366,91.3793103448276,93.368700265252,88.19628647214854,,94.95548961424332,79.24226503046427,3,58.104738154613464,True,Big,69.71830985915493,77.46478873239437,80.71428571428572,58.80281690140845,76.05633802816901,40.140845070422536,45.42253521126761,32.3943661971831,43.309859154929576,67.6056338028169,70.77464788732394,90.49295774647888,26.76056338028169,82.3943661971831,11.363636363636363,26.76056338028169,72.1830985915493,76.05633802816901,87.67605633802818,91.19718309859157,86.97183098591549,,88.88888888888889,21.137526875850803,1.363783187863355,False,10287202.00369378,3280932.7140895925,54518210.239876784,4730442.1998664215,37812655.12443564,287202.00369377993,4.980681579635517,Low,Fairly paid,41240250.0,0.2424815562466279,False,Mid-Level,18.0,147,81.41592920353983,36.65835411471321,58.31903945111492
jakucka01,Kasparas Jakučionis,MIA,PG,19.0,53.0,945.0,-1.0,0.6,-0.4,0.4,kasparas jakucionis,jakucka01,MIL,3841680.0,3.0,3841680.0,3841680.0,jakucka01,17.8,6.2,2.6,2.6,0.6,0.1,0.429,0.423,0.879,1.2,4.5,,0.622,0.267,0.0,0.0,0.189,0.126,0.025,0.004,0.655,,,,,,,,,,,,,2025.0,20.0,1,Rookie Scale,,,,,1.0,False,False,False,False,,,,False,45.0765,1.7172000000000005,13.308605341246292,True,52.770448548812666,43.236074270557026,60.59782608695651,42.34828496042216,71.50395778364116,23.48284960422164,26.912928759894463,1.58311345646438,20.052770448548813,23.7467018469657,59.76253298153035,28.49604221635884,9.366754617414248,26.64907651715039,94.71544715447156,90.50131926121372,58.22281167108754,73.47480106100795,49.20424403183024,86.60477453580901,64.85411140583554,,5.044510385756676,52.13032477127075,3,31.17206982543641,True,Guard,58.235294117647065,45.5621301775148,64.81481481481481,50.588235294117645,75.88235294117646,25.882352941176475,30.88235294117647,2.3529411764705883,18.823529411764707,42.05882352941177,45.294117647058826,24.11764705882353,16.76470588235294,37.64705882352941,96.47058823529412,84.11764705882354,33.13609467455622,83.4319526627219,52.66272189349112,87.27810650887574,61.834319526627226,,9.352517985611511,20.95825494583434,1.6723408186623656,True,11936518.651732398,2397296.0048496425,28073414.969558977,3456416.5666099843,19471115.316119768,8094838.651732398,2.151055907828104,Low,Fairly paid,41240250.0,0.0931536545001545,False,Rookie Scale,43.0,178,81.12094395280236,88.5286783042394,67.23842195540308
harpedy01,Dylan Harper,SAS,SG,19.0,69.0,1558.0,0.3,1.1,1.4,1.3,dylan harper,harpedy01,SAS,12989040.0,3.0,12989040.0,12989040.0,harpedy01,22.6,11.8,3.4,3.9,0.8,0.3,0.505,0.343,0.756,1.7,9.5,,0.658,0.445,0.417,0.515,0.405,0.181,0.091,0.05,0.271,26.7,14.1,5.6,2.7,1.0,0.2,0.515,0.333,0.827,23.0,615.0,3.7,2025.0,2.0,1,Rookie Scale,,,,,1.0,False,False,True,False,,,,False,265.4775,6.134268292682927,58.10830860534125,False,73.61477572559367,87.53315649867373,89.13043478260869,61.47757255936675,83.64116094986808,59.63060686015831,67.01846965699208,1.58311345646438,58.970976253298154,41.29287598944591,81.66226912928761,52.242744063324544,40.89709762532981,76.64907651715039,42.140921409214094,38.39050131926121,87.79840848806366,48.40848806366048,98.6737400530504,88.9920424403183,62.201591511936336,,63.20474777448071,84.65254066187933,3,65.08728179551122,True,Guard,76.17647058823529,88.16568047337277,90.74074074074076,66.17647058823529,86.76470588235294,62.35294117647059,67.94117647058823,2.3529411764705883,58.235294117647065,66.17647058823529,72.35294117647058,47.647058823529406,61.47058823529412,94.11764705882352,41.17647058823529,24.11764705882353,74.55621301775149,59.171597633136095,99.40828402366864,90.8284023668639,60.35502958579882,,82.01438848920863,19.56525886636811,1.300600337372169,True,32821488.607444186,10322697.605280744,59683724.39587316,14883244.681849506,41395344.36646463,19832448.607444186,1.5039240718471536,Medium,Leaning underpaid,41240250.0,0.31496026333497,False,Rookie Scale,6.0,178,80.8259587020649,98.50374064837904,93.82504288164664
gilleco01,Collin Gillespie,PHO,PG,26.0,80.0,2282.0,1.9,0.6,2.5,2.6,collin gillespie,gilleco01,PHO,10714286.0,4.0,48000000.0,10714286.0,gilleco01,28.5,12.7,4.1,4.6,1.2,0.2,0.418,0.401,0.874,1.1,10.5,,0.511,0.449,0.444,0.425,0.056,0.082,0.128,0.048,0.686,28.5,10.5,5.0,3.8,1.3,0.3,0.444,0.4,0.0,4.0,114.0,2.8,,,3,Rookie Scale,,,,,3.0,True,False,True,True,,,,False,47.04,0.7420858895705522,0.6231454005934719,True,85.62005277044855,83.0238726790451,73.36956521739131,85.22427440633246,71.50395778364116,89.9736147757256,94.32717678100263,55.8047493403694,64.64379947229551,56.72823218997362,85.35620052770449,85.75197889182058,24.406332453825858,18.46965699208443,86.1788617886179,88.65435356200527,80.90185676392572,47.745358090185675,64.45623342175067,87.93103448275862,79.17771883289124,,0.2967359050445104,80.05255240377579,3,60.59850374064838,True,Guard,89.70588235294117,81.65680473372781,77.77777777777779,85.88235294117646,75.88235294117646,90.58823529411764,93.23529411764706,60.29411764705882,65.29411764705883,82.05882352941177,77.94117647058823,79.70588235294119,40.294117647058826,28.235294117647054,86.47058823529412,80.88235294117648,60.946745562130175,58.28402366863905,66.27218934911244,89.3491124260355,78.10650887573965,,0.7194244604316548,19.45404866312741,1.3210318318483163,True,20671138.831783134,4448152.717951663,44925744.48150986,6413337.65794335,31159527.703007903,9956852.831783134,1.9581694116108124,Medium,Fairly paid,41240250.0,0.2598016743351459,False,Rookie Scale,13.0,178,80.53097345132744,93.26683291770571,87.82161234991423
robinmi01,Mitchell Robinson,NYK,C,27.0,60.0,1175.0,1.9,1.5,3.5,1.6,mitchell robinson,robinmi01,BOS,15044000.0,3.0,47388600.0,15044000.0,robinmi01,19.6,5.7,8.8,0.9,0.9,1.2,0.723,,0.408,1.7,3.4,,0.732,0.6,1.0,,0.922,0.073,0.005,0.0,0.0,13.9,4.8,5.5,0.4,0.4,0.6,0.673,,0.293,18.0,251.0,0.8,2018.0,36.0,8,Veteran,,,,,8.0,False,False,True,False,,,,False,188.088,5.762696170212767,79.92581602373889,False,92.4802110817942,84.08488063660478,95.65217391304348,85.22427440633246,90.50131926121372,36.675461741424805,42.480211081794195,65.03957783641161,15.699208443271766,94.9868073878628,10.15831134564644,63.58839050131926,93.7994722955145,99.2084432717678,,0.5277044854881267,1.0610079575596816,96.41909814323608,73.87267904509284,97.87798408488064,54.774535809018566,,89.02077151335311,90.52144822656663,3,71.19700748129677,True,Big,90.84507042253522,85.2112676056338,94.28571428571428,86.26760563380282,87.67605633802818,40.845070422535215,41.54929577464789,60.2112676056338,15.492957746478872,87.32394366197182,17.6056338028169,74.29577464788733,84.15492957746478,97.88732394366195,,1.4084507042253522,2.112676056338028,91.19718309859157,67.6056338028169,96.83098591549296,57.3943661971831,,77.77777777777779,19.324440745269868,1.2714220924291844,False,21801625.493481822,13002220.980001325,61934522.75064016,18746576.10369609,42956449.57459561,6757625.493481822,2.244433644879757,Medium,Leaning underpaid,49488300.0,0.3039910443478559,False,Mid-Level,4.0,147,80.23598820058997,83.54114713216958,88.8507718696398
avdijde01,Deni Avdija,POR,SF,25.0,66.0,2199.0,3.7,0.6,4.3,3.5,deni avdija,avdijde01,POR,13125000.0,2.0,25000000.0,13125000.0,avdijde01,33.3,24.2,6.9,6.7,0.8,0.6,0.462,0.318,0.802,9.2,16.1,,0.683,0.417,0.493,0.393,0.29,0.243,0.07,0.026,0.369,34.8,22.2,6.0,4.6,0.4,0.6,0.449,0.35,0.723,5.0,174.0,2.1,2020.0,9.0,6,Veteran,,,,,6.0,False,False,True,False,,,,False,308.154,5.044813096862209,60.482195845697326,False,94.9868073878628,83.81962864721486,79.34782608695652,94.45910290237468,71.50395778364116,85.75197889182058,57.78364116094987,46.04221635883905,95.3825857519789,87.20316622691293,95.77836411609498,52.242744063324544,73.87862796833772,51.31926121372031,22.899728997289973,60.554089709762536,93.368700265252,66.44562334217507,83.28912466843501,49.07161803713528,31.697612732095493,,67.06231454005935,84.93449737227996,3,65.83541147132169,True,Wing,95.52238805970148,84.84848484848484,86.36363636363636,94.02985074626866,77.61194029850746,83.5820895522388,53.73134328358209,48.507462686567166,94.77611940298507,94.77611940298507,96.26865671641792,43.28358208955223,81.34328358208955,49.25373134328358,20.8955223880597,55.970149253731336,98.48484848484848,72.72727272727273,87.87878787878788,52.27272727272727,31.818181818181817,,69.84126984126983,19.099085900958272,1.2901035396319798,False,19643283.016388115,6743711.168229391,48664845.08929105,9723069.22263558,33752887.26370364,6518283.016388115,2.1341205482855106,Medium,Fairly paid,41240250.0,0.3182570425736992,False,Mid-Level,12.0,147,79.9410029498525,82.04488778054862,86.10634648370498
willija07,Jaylin Williams,OKC,PF,23.0,65.0,1277.0,0.0,2.8,2.7,1.5,jaylin williams,willija07,OKC,7774648.0,2.0,7774648.0,7774648.0,willija07,19.6,7.2,5.5,2.4,0.5,0.6,0.423,0.383,0.793,1.4,5.4,,0.643,0.419,0.571,0.333,0.119,0.088,0.04,0.026,0.727,16.0,4.9,4.1,1.5,0.5,0.2,0.4,0.36,0.667,15.0,240.0,1.5,2022.0,34.0,4,Rookie Scale,,,,,4.0,False,False,True,False,,,,False,41.769,1.177512920908379,13.427299703264095,True,87.73087071240106,66.3129973474801,59.5108695652174,56.99208443271768,97.62532981530345,42.21635883905013,54.74934036939314,25.593667546174142,27.572559366754614,76.38522427440633,54.74934036939314,16.75461741424802,73.87862796833772,22.559366754617415,74.25474254742548,56.596306068601585,40.318302387267906,66.44562334217507,77.45358090185677,22.015915119363395,49.46949602122016,,5.341246290801187,69.11666777036183,3,50.87281795511222,True,Big,85.2112676056338,66.90140845070422,51.42857142857142,52.816901408450704,97.1830985915493,50.0,54.5774647887324,23.591549295774648,30.985915492957744,52.46478873239436,72.88732394366197,25.704225352112676,48.59154929577465,14.084507042253522,75.75757575757575,77.46478873239437,63.38028169014085,52.816901408450704,72.88732394366197,25.352112676056336,50.352112676056336,,2.9629629629629632,18.24384981524961,1.358616851760544,True,11701747.91659546,2420457.971796202,29619344.263740025,3489811.444049987,20543338.54190852,3927099.916595461,2.3243438916822217,Low,Fairly paid,41240250.0,0.1885208746309734,False,Rookie Scale,18.0,178,79.64601769911505,64.33915211970074,66.55231560891939
meltode01,De'Anthony Melton,GSW,PG,27.0,49.0,1125.0,-2.6,0.1,-2.5,-0.1,deanthony melton,meltode01,GSW,5477000.0,2.0,5477000.0,5477000.0,meltode01,23.0,12.3,3.2,2.6,1.6,0.4,0.407,0.294,0.826,2.5,10.8,,0.667,0.428,0.519,0.4,0.159,0.288,0.051,0.038,0.464,,,,,,,,,,,,,2018.0,46.0,8,Veteran,,,,,8.0,False,False,False,False,,,,False,84.14280000000001,2.6925696,35.341246290801195,True,20.58047493403694,70.55702917771883,70.92391304347827,13.984168865435356,55.4089709762533,32.45382585751979,20.052770448548813,65.03957783641161,62.796833773087066,35.75197889182058,59.76253298153035,97.36147757255937,55.67282321899736,12.796833773087071,14.092140921409213,69.65699208443272,83.0238726790451,10.079575596816976,79.3103448275862,86.60477453580901,78.24933687002653,,26.706231454005938,58.20047206645815,3,40.02493765586035,True,Guard,27.941176470588236,71.59763313609467,77.1604938271605,18.823529411764707,62.05882352941177,34.705882352941174,20.588235294117645,70.58823529411765,63.23529411764706,58.82352941176471,45.294117647058826,96.47058823529412,78.52941176470588,19.705882352941178,11.76470588235294,57.35294117647059,64.79289940828401,15.384615384615383,82.84023668639054,87.27810650887574,76.62721893491124,,41.007194244604314,18.1755344105978,1.4541052522523188,False,8300854.580124459,4417814.227765092,31715552.221235044,6369595.683704597,21997223.183702663,2823854.580124459,3.2885455021500527,Low,Leaning underpaid,49488300.0,0.1106726236302318,False,Mid-Level,68.0,147,79.35103244837758,54.862842892768086,42.88164665523155
knuepko01,Kon Knueppel,CHO,SF,20.0,81.0,2551.0,3.1,-0.4,2.8,3.1,kon knueppel,knuepko01,CHO,10516560.0,3.0,10516560.0,10516560.0,knuepko01,31.5,18.5,5.3,3.4,0.7,0.2,0.475,0.425,0.863,2.8,13.4,,0.712,0.443,0.529,0.316,0.141,0.171,0.078,0.018,0.592,,,,,,,,,,,,,2025.0,4.0,1,Rookie Scale,,,,,1.0,False,False,False,False,,,,False,153.0414,2.159737514700118,43.0786350148368,False,88.91820580474933,90.71618037135278,57.608695652173914,92.87598944591028,40.105540897097626,95.77836411609498,95.11873350923484,4.749340369393139,85.22427440633246,73.87862796833772,73.87862796833772,41.42480211081794,24.406332453825858,60.94986807387863,95.39295392953927,85.22427440633246,49.86737400530504,87.53315649867373,88.46153846153845,59.15119363395226,62.201591511936336,,36.795252225519285,77.85137996000984,3,60.099750623441395,True,Wing,85.07462686567165,92.42424242424242,65.15151515151516,89.55223880597015,41.04477611940299,95.52238805970148,95.52238805970148,9.701492537313433,77.61194029850746,70.8955223880597,77.61194029850746,29.1044776119403,24.62686567164179,60.44776119402984,97.01492537313432,82.08955223880598,56.81818181818182,93.93939393939394,92.42424242424242,68.93939393939394,62.878787878787875,,34.92063492063492,17.751629336568442,1.2953694341893751,True,15138315.938194856,3926187.5709810257,42361257.87082492,5660769.357019043,29380855.08418211,4621755.938194856,2.538926420664135,Low,Fairly paid,41240250.0,0.2550071835161038,False,Rookie Scale,14.0,178,79.05604719764013,71.82044887780549,79.073756432247
champju02,Julian Champagnie,SAS,SF,24.0,82.0,2266.0,0.5,0.8,1.4,1.9,julian champagnie,champju02,SAS,13888889.0,3.0,45000000.0,13888889.0,champju02,27.6,11.1,5.8,1.5,0.8,0.5,0.437,0.381,0.844,1.6,8.4,,0.755,0.389,0.286,0.333,0.154,0.078,0.02,0.004,0.743,30.7,11.2,5.7,1.6,1.3,0.5,0.444,0.396,0.767,23.0,705.0,4.6,,,4,Rookie Scale,,,,,4.0,True,False,True,False,,,,False,106.0752,1.6852194174757282,49.68100890207716,False,73.61477572559367,84.61538461538461,90.7608695652174,64.24802110817942,77.04485488126649,89.18205804749341,97.75725593667546,36.01583113456465,55.27704485488126,81.39841688654353,30.738786279683374,52.242744063324544,66.75461741424802,31.53034300791557,72.62872628726286,79.68337730870712,11.007957559681698,77.05570291777188,79.3103448275862,66.3129973474801,92.57294429708224,,48.96142433234421,84.16978924912416,3,66.83291770573567,True,Wing,76.86567164179104,86.36363636363636,95.45454545454544,64.17910447761194,83.5820895522388,88.05970149253731,98.50746268656717,38.059701492537314,49.25373134328358,88.05970149253731,32.83582089552239,43.28358208955223,73.13432835820896,28.35820895522388,76.86567164179104,76.11940298507463,7.575757575757576,81.81818181818183,81.81818181818183,75.0,96.21212121212122,,50.79365079365079,17.336871543388497,1.25940617495891,True,36252765.34567855,13897844.1209677,59722784.825381026,20037883.750149935,41422435.83816729,22363876.345678553,1.264039867509743,Medium,Underpaid,41240250.0,0.3367799419256673,False,Rookie Scale,8.0,178,78.76106194690266,99.25187032418953,94.33962264150944
mamuksa01,Sandro Mamukelashvili,TOR,C,26.0,80.0,1751.0,2.1,0.7,2.8,2.1,sandro mamukelashvili,mamuksa01,LAL,13000000.0,4.0,38350000.0,13000000.0,mamuksa01,21.9,11.2,4.9,1.9,0.8,0.5,0.523,0.389,0.747,2.0,7.9,,0.748,0.471,0.333,1.0,0.339,0.162,0.029,0.002,0.469,14.9,5.0,5.0,1.0,0.7,0.4,0.4,0.286,0.429,7.0,104.0,-0.8,2021.0,54.0,5,Veteran,,,,,5.0,False,False,True,True,,,,False,214.248,4.404870359794404,76.80267062314542,False,88.91820580474933,74.0053050397878,87.5,86.80738786279683,74.80211081794195,67.81002638522428,94.32717678100263,55.8047493403694,55.93667546174142,66.88654353562006,42.87598944591029,52.242744063324544,66.75461741424802,84.43271767810026,80.21680216802169,35.88390501319261,29.310344827586203,88.72679045092838,91.3793103448276,79.57559681697613,77.18832891246684,,86.94362017804154,82.79404084110776,3,65.46134663341647,True,Big,86.61971830985915,73.94366197183099,84.28571428571429,88.38028169014085,67.6056338028169,69.01408450704226,96.12676056338027,51.056338028169016,59.154929577464785,38.732394366197184,58.098591549295776,62.676056338028175,38.38028169014084,65.49295774647888,82.57575757575758,55.28169014084507,49.647887323943664,77.46478873239437,87.67605633802818,77.8169014084507,77.46478873239437,,73.33333333333333,17.33269420769129,1.2647775381822557,False,16359013.566117223,3409510.6794727193,46456891.70862241,4915825.652202805,32221498.405802455,3359013.5661172234,2.631416671620677,Medium,Fairly paid,41240250.0,0.3152260231206163,False,Mid-Level,14.0,147,78.46607669616519,58.104738154613464,82.3327615780446
nembhry01,Ryan Nembhard,DAL,PG,22.0,60.0,1171.0,-2.4,-1.7,-4.1,-0.6,ryan nembhard,nembhry01,ATL,2150917.0,1.0,2150917.0,2150917.0,nembhry01,19.5,6.6,2.2,5.3,0.4,0.0,0.415,0.356,0.806,0.5,6.5,,0.686,0.435,0.36,0.449,0.09,0.159,0.228,0.177,0.346,,,,,,,,,,,,,,,1,Rookie Scale,,,,,1.0,True,False,False,False,,,,False,35.1,1.0790777113578138,,True,8.179419525065963,37.93103448275862,7.880434782608696,16.490765171503956,8.970976253298153,36.01583113456465,42.480211081794195,16.62269129287599,23.87862796833773,13.456464379947231,89.18205804749341,8.839050131926122,1.3192612137203166,16.358839050131927,52.1680216802168,62.66490765171504,97.3474801061008,5.305039787798409,56.76392572944297,27.32095490716181,93.368700265252,,,19.22415585577923,3,1.99501246882793,True,Guard,14.117647058823527,41.42011834319527,12.34567901234568,21.764705882352946,14.705882352941178,38.52941176470589,45.0,17.352941176470587,23.235294117647054,25.294117647058822,81.47058823529412,5.294117647058823,2.3529411764705883,25.0,50.0,48.23529411764706,94.0828402366864,9.467455621301776,60.05917159763313,26.627218934911244,93.49112426035504,,,17.229143386951304,9.63610812270934,True,20667048.655152187,2583807.139326182,37114110.02512921,3725327.94582966,25741546.475127675,18516131.655152187,1.6707902256375051,Medium,Underpaid,41240250.0,0.0521557701517328,False,Rookie Scale,103.0,178,78.17109144542773,98.25436408977556,87.6500857632933
cissemo01,Moussa Cisse,DAL,C,23.0,38.0,530.0,-3.6,0.7,-2.9,-0.1,moussa cisse,cissemo01,DAL,2185116.0,2.0,2185116.0,2185116.0,cissemo01,13.9,4.5,5.7,0.2,0.5,1.2,0.574,,0.469,2.1,3.0,,0.648,0.292,,,0.791,0.209,0.0,0.0,0.0,,,,,,,,,,,,,,,1,Rookie Scale,,,,,1.0,True,False,False,False,,,,False,90.174,6.12502641509434,56.09792284866469,True,16.75461741424802,10.079575596816976,34.51086956521739,5.936675461741425,74.80211081794195,1.58311345646438,8.70712401055409,25.593667546174142,8.311345646437996,79.68337730870712,0.2638522427440633,16.75461741424802,93.7994722955145,90.7651715039578,,1.0554089709762533,2.9177718832891246,32.228116710875334,66.9761273209549,59.15119363395226,97.87798408488064,,60.23738872403561,20.910071289324893,3,3.7406483790523697,True,Big,10.211267605633804,10.56338028169014,28.57142857142857,2.8169014084507045,67.6056338028169,2.8169014084507045,10.915492957746478,23.591549295774648,8.450704225352112,56.33802816901409,0.7042253521126761,25.704225352112676,84.15492957746478,76.05633802816901,,2.8169014084507045,5.28169014084507,22.183098591549296,60.91549295774647,54.929577464788736,96.47887323943662,,41.48148148148148,17.169422910272523,5.589959058012854,True,5887434.799832068,2010412.5869284552,19234211.37514614,2898608.8314182023,13340434.290099353,3702318.799832069,2.92551839193344,Low,Leaning underpaid,41240250.0,0.0529850328259406,False,Rookie Scale,101.0,178,77.87610619469027,62.094763092269325,19.554030874785592
flemira01,Rasheer Fleming,PHO,PF,21.0,55.0,673.0,-3.0,-0.7,-3.8,-0.3,rasheer fleming,flemira01,PHO,2150917.0,3.0,4676818.0,2150917.0,flemira01,12.2,4.3,2.3,0.3,0.4,0.4,0.405,0.346,0.559,0.6,3.9,,0.567,0.438,0.0,0.25,0.279,0.074,0.023,0.019,0.605,4.5,2.3,0.3,0.0,0.5,0.3,0.6,0.6,,4.0,18.0,11.9,2025.0,31.0,1,Rookie Scale,,,,,1.0,False,False,True,True,,,,False,59.84550000000001,3.201245170876672,26.98813056379822,True,9.762532981530343,25.9946949602122,18.206521739130434,10.29023746701847,30.606860158311346,8.575197889182059,31.398416886543533,9.630606860158313,5.408970976253298,15.699208443271766,0.6596306068601583,8.839050131926122,55.67282321899736,11.87335092348285,43.90243902439025,4.353562005277045,0.5305039787798408,8.222811671087534,73.87267904509284,63.395225464190986,96.28647214854112,,17.804154302670625,19.016089507636075,3,1.99501246882793,True,Big,3.873239436619718,21.830985915492956,12.142857142857142,7.394366197183098,23.591549295774648,9.15492957746479,30.28169014084507,7.394366197183098,5.985915492957746,2.112676056338028,1.7605633802816902,13.732394366197184,26.76056338028169,6.690140845070422,49.24242424242424,7.394366197183098,0.7042253521126761,4.225352112676056,67.6056338028169,59.859154929577464,95.07042253521126,,9.62962962962963,17.021077038808144,9.531814865702582,True,9970953.17178416,2350333.7181332,19735972.47461598,3388706.4359109676,13688444.969936987,7820036.171784161,1.743628563584144,Medium,Underpaid,41240250.0,0.0521557701517328,False,Rookie Scale,104.0,178,77.5811209439528,87.28179551122194,56.43224699828473
anderky01,Kyle Anderson,MIN,SF,32.0,43.0,853.0,-1.3,1.7,0.4,0.5,kyle anderson,anderky01,TOR,2449421.0,1.0,2449421.0,2449421.0,anderky01,19.8,6.2,3.5,2.9,1.0,0.6,0.53,0.364,0.706,1.6,4.7,,0.653,0.504,0.4,1.0,0.243,0.559,0.124,0.02,0.054,7.6,1.9,0.9,1.9,0.3,0.0,0.353,0.0,0.375,8.0,61.0,-2.6,2014.0,30.0,12,Veteran,,,,,12.0,False,False,True,True,,,,False,49.110299999999995,2.0726504103165295,23.6646884272997,True,62.66490765171504,15.649867374005304,24.184782608695652,36.675461741424805,93.00791556728232,16.62269129287599,12.796833773087071,90.63324538258574,20.052770448548813,43.66754617414248,66.2269129287599,73.21899736147758,73.87862796833772,85.35620052770449,60.16260162601627,21.63588390501319,61.936339522546426,46.41909814323608,26.790450928381965,52.65251989389921,30.90185676392573,,14.836795252225516,30.60422065644162,3,13.591022443890274,True,Wing,65.67164179104478,16.666666666666664,21.21212121212121,34.32835820895522,96.26865671641792,11.940298507462686,5.970149253731343,88.80597014925374,19.402985074626866,32.83582089552239,67.16417910447761,70.1492537313433,81.34328358208955,97.01492537313432,55.223880597014926,17.91044776119403,69.6969696969697,44.696969696969695,31.060606060606062,59.84848484848485,30.303030303030305,,14.285714285714285,17.013198212551345,2.2517967859143284,False,3311159.966271505,1812383.5698158864,21861706.32779159,2613090.9921389828,15162808.136350589,861738.9662715052,6.055075249219089,Low,Leaning underpaid,57736350.0,0.0424242439987979,False,Minimum,14.0,29,77.28613569321534,40.399002493765586,0.5145797598627788
dunnry01,Ryan Dunn,PHO,SF,23.0,70.0,1355.0,-2.1,1.2,-0.9,0.4,ryan dunn,dunnry01,PHO,2784240.0,2.0,2784240.0,2784240.0,dunnry01,19.4,5.8,4.2,1.5,0.9,0.4,0.453,0.331,0.489,0.7,5.2,,0.675,0.397,0.25,0.333,0.331,0.16,0.033,0.008,0.467,8.5,0.0,1.5,0.5,0.0,0.0,0.0,0.0,,4.0,34.0,-13.1,2024.0,28.0,2,Rookie Scale,,,,,2.0,False,False,True,True,,,,False,120.484,3.2010509225092254,43.50148367952522,False,44.9868073878628,23.87267904509284,50.54347826086957,22.427440633245386,85.22427440633246,47.229551451187334,70.97625329815304,25.593667546174142,17.282321899736147,58.575197889182064,30.738786279683374,63.58839050131926,55.67282321899736,44.19525065963061,32.38482384823848,1.58311345646438,30.50397877984085,16.312997347480106,44.03183023872679,68.43501326259947,52.785145888594165,,38.27893175074184,39.1527608367016,3,22.194513715710723,True,Wing,49.25373134328358,25.75757575757576,51.51515151515152,18.65671641791045,88.05970149253731,34.32835820895522,68.65671641791045,26.86567164179105,15.671641791044776,53.73134328358209,32.83582089552239,58.2089552238806,60.44776119402984,43.28358208955223,26.86567164179105,1.4925373134328357,29.545454545454547,10.606060606060606,49.24242424242424,78.03030303030303,54.54545454545454,,36.507936507936506,16.95824712099088,1.7640738309570048,True,8386072.658347833,2013202.4412894316,18226351.335278504,2902631.237834515,12641404.29748709,5601832.658347833,1.933342287208763,Medium,Leaning underpaid,41240250.0,0.0675126848164111,False,Rookie Scale,66.0,178,76.99115044247787,77.55610972568579,43.73927958833619
williro04,Robert Williams,POR,C,28.0,59.0,1008.0,2.0,2.4,4.5,1.7,robert williams,williro04,POR,13968254.0,3.0,18968254.0,13968254.0,williro04,17.1,6.7,7.0,1.0,0.6,1.5,0.708,0.391,0.596,1.0,4.2,,0.807,0.589,0.375,1.0,0.644,0.224,0.032,0.008,0.092,21.6,9.6,7.4,2.6,0.6,1.2,0.629,0.333,0.333,5.0,108.0,10.8,2018.0,27.0,8,Veteran,,,,,8.0,False,False,True,True,,,,False,159.5832,5.6994,93.33827893175076,False,95.51451187335093,68.16976127320955,92.66304347826086,86.14775725593667,97.22955145118732,27.440633245382585,40.36939313984168,72.16358839050132,24.80211081794195,88.39050131926122,13.060686015831136,28.49604221635884,96.43799472295514,98.94459102902374,81.43631436314364,6.33245382585752,3.4482758620689653,99.20424403183024,73.87267904509284,27.32095490716181,81.43236074270557,,98.81305637982196,84.19092975013913,3,67.33167082294264,True,Big,95.07042253521126,68.30985915492957,89.28571428571429,87.32394366197182,96.47887323943662,31.690140845070424,38.732394366197184,69.01408450704226,28.169014084507044,73.23943661971832,23.239436619718308,39.08450704225352,90.49295774647888,97.1830985915493,84.0909090909091,11.267605633802818,6.338028169014084,97.88732394366195,67.6056338028169,30.633802816901408,80.63380281690141,,97.77777777777776,16.859258927196493,1.2503912159187331,False,12416038.405535389,11513597.17172812,45185297.00676981,12416038.405535389,31339547.738169633,-1552215.5944646131,2.711951971736008,Medium,Fairly paid,49488300.0,0.2822536639973488,False,Mid-Level,13.0,147,76.69616519174042,28.428927680798004,69.12521440823328
cowarce01,Cedric Coward,MEM,SG,22.0,62.0,1598.0,0.4,-0.6,-0.2,0.7,cedric coward,cowarce01,MEM,6001080.0,3.0,6001080.0,6001080.0,cowarce01,25.8,13.6,5.9,2.8,0.6,0.4,0.471,0.338,0.843,2.7,10.5,,0.734,0.485,0.425,0.25,0.238,0.207,0.113,0.019,0.424,,,,,,,,,,,,,2025.0,11.0,1,Rookie Scale,,,,,1.0,False,False,False,False,,,,False,154.938,3.4904680851063827,65.94213649851632,False,55.01319261213721,76.92307692307693,50.27173913043478,63.19261213720316,33.24538258575198,61.34564643799473,46.17414248021108,16.62269129287599,68.46965699208444,82.32189973614776,64.90765171503958,28.49604221635884,55.67282321899736,58.04749340369393,39.02439024390244,79.28759894459102,67.37400530503979,58.48806366047745,79.3103448275862,14.854111405835544,96.81697612732096,,74.77744807121661,61.451354173101194,3,44.63840399002494,True,Guard,61.47058823529412,76.92307692307693,56.79012345679012,67.64705882352942,39.411764705882355,64.70588235294117,48.8235294117647,17.352941176470587,70.88235294117648,97.6470588235294,51.47058823529411,24.11764705882353,78.52941176470588,79.11764705882352,38.82352941176471,68.82352941176471,42.60355029585799,70.71005917159763,82.84023668639054,13.017751479289942,98.22485207100593,,89.92805755395683,16.812950183076254,1.376647654939306,True,14519240.691188954,3441793.5806901115,40562841.61072768,4962371.074361895,28133512.34284795,8518160.691188954,2.5566797065747795,Low,Fairly paid,41240250.0,0.1455151217560514,False,Rookie Scale,27.0,178,76.40117994100295,90.27431421446384,77.18696397941682
dunnkr01,Kris Dunn,LAC,PG,31.0,82.0,2230.0,-2.3,1.5,-0.8,0.6,kris dunn,dunnkr01,LAC,5684800.0,1.0,,5684800.0,dunnkr01,27.2,7.3,3.3,3.6,1.6,0.2,0.476,0.374,0.765,1.0,5.8,,0.719,0.481,0.487,0.333,0.187,0.27,0.082,0.013,0.449,,,,,,,,,,,,,2016.0,5.0,10,Veteran,,,,,10.0,False,False,False,False,,,,False,88.93719999999999,1.4357574887892377,36.58011869436202,True,46.306068601583114,57.55968169761273,63.858695652173914,18.46965699208443,90.50131926121372,86.80738786279683,97.75725593667546,87.20316622691293,28.49604221635884,38.52242744063325,76.12137203166228,97.36147757255937,24.406332453825858,62.00527704485488,67.88617886178862,41.82058047493404,74.93368700265252,54.37665782493368,79.3103448275862,90.84880636604774,38.3289124668435,,28.486646884272997,57.10840865656577,3,41.14713216957606,True,Guard,52.64705882352941,59.76331360946746,68.51851851851852,24.41176470588235,92.3529411764706,85.88235294117646,97.05882352941175,90.0,29.705882352941178,62.35294117647059,64.70588235294117,96.47058823529412,40.294117647058826,83.82352941176471,64.70588235294117,27.941176470588236,52.66272189349112,66.27218934911244,82.84023668639054,93.19526627218934,34.9112426035503,,45.32374100719424,15.96127648698971,1.387907386138356,False,11216100.183167228,4987197.796721341,32974390.691977613,7190531.770243201,22870326.40448191,5531300.1831672285,2.4952695177650583,Medium,Leaning underpaid,57736350.0,0.0984613679250593,False,Mid-Level,70.0,147,76.10619469026548,76.80798004987531,62.95025728987993
divindo01,Donte DiVincenzo,MIN,SG,29.0,82.0,2494.0,0.0,0.7,0.8,1.7,donte divincenzo,divindo01,MIN,12535000.0,1.0,12535000.0,12535000.0,divindo01,30.4,12.2,4.1,3.8,1.3,0.4,0.406,0.379,0.743,1.3,10.2,,0.581,0.419,0.435,0.5,0.103,0.089,0.028,0.01,0.771,24.0,10.8,3.8,4.0,1.8,0.0,0.5,0.478,0.0,4.0,96.0,8.5,2018.0,17.0,8,Veteran,,,,,8.0,False,False,True,True,,,,False,86.1492,1.2435329591018445,5.697329376854599,True,67.54617414248021,81.9628647214854,86.95652173913044,56.99208443271768,74.80211081794195,94.72295514511872,97.75725593667546,77.57255936675462,61.74142480211082,56.72823218997362,80.21108179419525,89.5778364116095,55.67282321899736,12.401055408970976,71.27371273712737,34.56464379947229,46.15384615384615,40.9814323607427,44.03183023872679,49.07161803713528,90.98143236074272,,1.483679525222552,80.231313458351,3,64.83790523690773,True,Guard,69.70588235294117,80.4733727810651,88.88888888888889,62.05882352941177,78.82352941176471,94.11764705882352,97.05882352941175,82.35294117647058,61.76470588235294,82.05882352941177,70.0,85.0,78.52941176470588,18.823529411764707,68.82352941176471,20.588235294117645,24.85207100591716,52.66272189349112,47.0414201183432,47.928994082840234,91.71597633136096,,3.597122302158273,15.393408221443266,1.2374137191076442,False,20360313.209978662,10206756.816866435,57691061.10645472,14716081.485894416,40013276.073863514,7825313.209978666,2.332199107149101,Medium,Leaning underpaid,49488300.0,0.2532921922959568,False,Mid-Level,16.0,147,75.81120943952803,87.53117206982543,87.13550600343054
bouyeja01,Jamaree Bouyea,PHO,PG,26.0,46.0,644.0,-1.4,1.1,-0.4,0.3,jamaree bouyea,bouyeja01,PHO,2584539.0,1.0,2584539.0,2584539.0,bouyeja01,14.0,5.7,1.8,1.8,0.6,0.3,0.458,0.295,0.686,0.8,5.1,,0.933,0.431,0.4,0.267,0.191,0.246,0.106,0.127,0.331,2.5,1.3,0.8,0.3,0.3,0.0,0.5,,0.5,4.0,10.0,11.4,,,4,Rookie Scale,,,,,4.0,True,False,True,True,,,,False,44.8086,2.504828571428571,71.42433234421365,True,52.770448548812666,25.72944297082228,30.434782608695656,34.696569920844325,83.64116094986808,6.860158311345646,15.963060686015831,55.8047493403694,15.699208443271766,7.387862796833773,39.97361477572559,28.49604221635884,40.89709762532981,48.02110817941953,14.634146341463412,17.678100263852244,84.21750663129973,13.660477453580905,42.04244031830239,41.51193633952255,55.96816976127321,,80.71216617210682,34.25419672952239,3,19.201995012468828,True,Guard,58.235294117647065,29.585798816568047,35.80246913580247,42.64705882352941,86.76470588235294,6.470588235294119,17.941176470588236,60.29411764705882,17.058823529411764,13.529411764705882,27.647058823529413,24.11764705882353,61.47058823529412,67.05882352941175,12.647058823529411,9.411764705882351,67.15976331360946,21.89349112426036,43.49112426035503,39.64497041420118,54.142011834319526,,96.40287769784172,15.052201717053563,1.7838873881218804,True,5263698.319164512,1884582.9315342745,18565787.85620531,2717187.88690595,12876830.149619302,2679159.3191645117,3.169103530104815,Low,Leaning underpaid,41240250.0,0.0626703038900103,False,Rookie Scale,75.0,178,75.51622418879056,53.86533665835411,16.123499142367066
peavymi01,Micah Peavy,NOP,SG,24.0,61.0,913.0,-4.4,-0.8,-5.2,-0.7,micah peavy,peavymi01,NOP,2150917.0,3.0,2150917.0,2150917.0,peavymi01,15.0,4.3,1.9,1.0,0.7,0.1,0.385,0.259,0.759,0.5,4.5,,0.64,0.291,0.25,0.333,0.313,0.2,0.073,0.022,0.393,,,,,,,,,,,,,2025.0,40.0,1,Rookie Scale,,,,,1.0,False,False,False,False,,,,False,85.9185,3.3878050383351583,37.5593471810089,True,3.825857519788918,15.119363395225465,27.173913043478255,2.9023746701846966,28.100263852242747,22.163588390501317,44.45910290237467,36.01583113456465,5.408970976253298,9.102902374670183,13.060686015831136,41.42480211081794,9.366754617414248,5.145118733509235,7.994579945799458,39.44591029023747,14.588859416445624,1.1936339522546418,51.45888594164456,73.87267904509284,64.05835543766578,,29.970326409495552,16.816443044461124,3,1.99501246882793,True,Guard,7.352941176470589,17.159763313609467,32.71604938271605,5.294117647058823,32.64705882352941,23.52941176470588,46.76470588235294,38.82352941176471,3.823529411764706,17.352941176470587,5.88235294117647,37.94117647058823,16.76470588235294,8.823529411764707,5.294117647058823,24.705882352941178,5.325443786982249,2.0710059171597637,54.142011834319526,72.7810650887574,60.946745562130175,,48.201438848920866,14.821430575633194,8.42924207603614,True,4373221.011049117,2240910.354941409,18760789.76245376,3230940.0505563114,13012079.267246917,2222304.011049117,3.777508469335124,Low,Underpaid,41240250.0,0.0521557701517328,False,Rookie Scale,108.0,178,75.22123893805309,50.12468827930174,6.34648370497427
shamela01,Landry Shamet,NYK,SG,28.0,51.0,1171.0,-0.4,0.1,-0.3,0.5,landry shamet,shamela01,NYK,5357143.0,4.0,24000000.0,5357143.0,shamela01,23.0,9.3,1.8,1.4,0.6,0.2,0.437,0.392,0.711,1.5,7.1,,0.712,0.071,0.375,0.583,0.162,0.038,0.044,0.033,0.723,16.3,6.0,1.1,0.7,0.2,0.1,0.453,0.475,0.778,19.0,310.0,-0.2,2018.0,26.0,8,Veteran,,,,,8.0,False,False,True,False,,,,False,58.6602,1.8033878736122972,37.47032640949555,True,54.089709762532976,37.6657824933687,67.3913043478261,52.770448548812666,55.4089709762533,36.01583113456465,23.614775725593667,72.16358839050132,44.85488126649077,7.387862796833773,26.2532981530343,28.49604221635884,24.406332453825858,31.53034300791557,81.97831978319783,23.614775725593667,30.50397877984085,68.56763925729443,70.55702917771883,73.87267904509284,61.273209549071616,,29.673590504451035,52.918835006081295,3,38.403990024937656,True,Guard,60.0,40.828402366863905,72.22222222222221,58.52941176470589,62.05882352941177,38.52941176470589,26.176470588235297,76.76470588235294,48.23529411764706,13.529411764705882,16.76470588235294,24.11764705882353,40.294117647058826,45.88235294117647,79.41176470588235,12.352941176470589,14.792899408284024,77.81065088757396,74.2603550295858,72.7810650887574,59.46745562130178,,47.482014388489205,14.51484498114364,1.3779514829505584,False,6786246.386059994,2950075.472594038,27261207.889219243,4253412.8933583,18907785.99765202,1429103.386059994,3.5824122841404717,Low,Fairly paid,49488300.0,0.1082506976396441,False,Mid-Level,79.0,147,74.92625368731564,44.88778054862843,27.958833619210974
carteje01,Jevon Carter,ORL,PG,30.0,53.0,867.0,-1.4,0.4,-1.1,0.2,jevon carter,carteje01,ORL,2449421.0,1.0,2449421.0,2449421.0,carteje01,16.4,6.4,1.7,1.6,0.8,0.2,0.401,0.363,0.789,0.4,5.8,,0.455,0.25,0.48,0.655,0.072,0.052,0.081,0.094,0.7,5.7,0.7,0.7,0.7,0.3,0.0,0.25,0.0,,3.0,17.0,-2.4,2018.0,32.0,8,Veteran,,,,,8.0,False,False,True,True,,,,False,22.132799999999996,0.9190089965397924,,True,41.82058047493404,12.73209549071618,33.96739130434783,34.696569920844325,63.98416886543535,18.20580474934037,26.912928759894463,82.58575197889182,21.767810026385224,5.408970976253298,34.56464379947229,52.242744063324544,24.406332453825858,9.894459102902374,58.80758807588076,55.01319261213721,73.47480106100795,20.159151193633953,53.44827586206896,70.82228116710876,33.15649867374005,,,27.967452666882515,3,13.591022443890274,True,Guard,48.23529411764706,13.6094674556213,38.88888888888889,42.64705882352941,70.29411764705881,18.823529411764707,30.88235294117647,87.05882352941177,21.470588235294116,9.117647058823527,22.647058823529413,47.647058823529406,40.294117647058826,15.88235294117647,55.58823529411765,41.47058823529412,50.591715976331365,31.952662721893493,55.917159763313606,69.8224852071006,31.360946745562128,,,14.37643022299224,2.0577887191596127,False,3299695.7434289707,1982181.856899588,18934748.036423255,2857905.8215429615,13132732.975259451,850274.7434289707,5.137614949282243,Low,Leaning underpaid,49488300.0,0.0494949513319309,False,Minimum,16.0,29,74.63126843657817,39.900249376558605,0.3430531732418524
edwarju01,Justin Edwards,PHI,SF,22.0,64.0,977.0,-1.8,0.6,-1.3,0.2,justin edwards,edwarju01,PHI,2411090.0,2.0,2411090.0,2411090.0,edwarju01,15.3,6.0,1.5,1.3,0.8,0.2,0.447,0.372,0.846,0.6,5.0,,0.784,0.438,0.333,0.455,0.159,0.15,0.094,0.034,0.563,12.1,3.3,2.2,0.4,0.0,0.1,0.344,0.222,0.571,9.0,109.0,-9.3,,,2,Rookie Scale,,,,,2.0,True,False,True,True,,,,False,50.88,1.874800409416581,56.17210682492582,True,38.12664907651715,13.527851458885944,24.456521739130434,26.912928759894463,71.50395778364116,25.593667546174142,51.05540897097626,16.62269129287599,18.997361477572557,3.430079155672823,22.03166226912929,52.242744063324544,24.406332453825858,38.91820580474934,65.71815718157181,80.07915567282322,31.697612732095493,44.96021220159151,4.376657824933687,34.217506631299734,25.3315649867374,,60.534124629080125,23.77580221838543,3,9.600997506234414,True,Wing,44.02985074626866,13.636363636363637,22.727272727272727,27.611940298507463,77.61194029850746,14.925373134328357,46.26865671641791,19.402985074626866,17.91044776119403,5.223880597014925,20.8955223880597,43.28358208955223,24.62686567164179,34.32835820895522,66.4179104477612,77.61194029850746,34.090909090909086,40.15151515151515,1.5151515151515151,31.060606060606062,25.0,,61.904761904761905,14.174804712151015,2.476388750538326,True,5073734.384713392,1866600.7516533807,18710490.58081319,2691261.216057482,12977192.839390058,2662644.384713392,3.319820974450025,Low,Leaning underpaid,41240250.0,0.0584644855450682,False,Rookie Scale,97.0,178,74.33628318584071,53.61596009975062,15.09433962264151
raynama01,Maxime Raynaud,SAC,C,22.0,74.0,1964.0,-0.9,-1.6,-2.4,-0.2,maxime raynaud,raynama01,SAC,2150917.0,2.0,2150917.0,2150917.0,raynama01,26.5,12.5,7.5,1.4,0.5,0.5,0.571,0.324,0.786,2.3,9.1,,0.774,0.587,0.433,0.444,0.198,0.534,0.145,0.013,0.11,,,,,,,,,,,,,2025.0,42.0,1,Rookie Scale,,,,,1.0,False,False,False,False,,,,False,133.3332,2.4439894093686356,63.5459940652819,False,22.823218997361476,12.46684350132626,14.945652173913045,44.9868073878628,10.026385224274406,77.57255936675462,80.87071240105541,16.62269129287599,63.852242744063325,90.7651715039578,26.2532981530343,16.75461741424802,66.75461741424802,90.36939313984168,27.91327913279133,52.37467018469657,23.87267904509284,80.10610079575596,5.305039787798409,8.488063660477453,30.50397877984085,,70.32640949554896,15.985490627555109,3,1.99501246882793,True,Big,14.788732394366196,12.676056338028168,8.571428571428571,38.028169014084504,2.464788732394366,81.69014084507043,80.98591549295774,15.140845070422534,68.30985915492957,78.16901408450704,38.38028169014084,25.704225352112676,38.38028169014084,75.0,31.818181818181817,73.59154929577466,44.014084507042256,64.7887323943662,7.042253521126761,11.267605633802818,34.50704225352113,,51.11111111111111,13.990478158727177,8.012727177061999,True,12577839.764248006,3621249.252123377,19476334.802243248,5221109.901131416,13508365.878573855,10426922.764248006,1.260557126446093,Medium,Underpaid,41240250.0,0.0521557701517328,False,Rookie Scale,111.0,178,74.04129793510324,94.2643391521197,70.49742710120069
beysa01,Saddiq Bey,NOP,SF,26.0,72.0,2246.0,2.3,-1.8,0.5,1.4,saddiq bey,beysa01,NOP,6440678.0,1.0,6440678.0,6440678.0,beysa01,31.2,17.7,5.6,2.5,0.9,0.1,0.451,0.367,0.841,4.1,13.4,,0.625,0.455,0.319,0.348,0.27,0.209,0.071,0.024,0.426,,,,,,,,,,,,,2020.0,19.0,5,Veteran,,,,,6.0,False,False,False,False,,,,False,260.49600000000004,4.175358860195905,41.14243323442137,False,63.7203166226913,71.61803713527851,47.28260869565217,88.52242744063325,8.047493403693931,87.86279683377309,76.38522427440633,55.8047493403694,83.64116094986808,77.9683377308707,56.99208443271768,63.58839050131926,9.366754617414248,42.61213720316623,61.65311653116531,77.70448548812665,42.17506631299735,50.397877984084886,53.44827586206896,59.15119363395226,51.591511936339515,,35.60830860534125,60.51782134227183,3,46.633416458852864,True,Wing,68.65671641791045,71.21212121212122,50.0,83.5820895522388,9.701492537313433,86.56716417910447,74.6268656716418,55.970149253731336,76.11940298507463,81.34328358208955,58.2089552238806,58.2089552238806,8.955223880597014,41.04477611940299,58.2089552238806,71.64179104477611,42.42424242424242,50.0,63.63636363636363,68.93939393939394,53.03030303030303,,31.746031746031743,13.884404883418966,1.2977350993717116,False,11278933.16015029,5228840.986647591,32631665.48149997,7538932.4363186285,22632619.588186577,4838255.16015029,2.429558195421316,Medium,Leaning underpaid,41240250.0,0.1561745624723419,False,Mid-Level,63.0,147,73.74631268436578,73.81546134663341,63.293310463121784
hayesja02,Jaxson Hayes,LAL,C,25.0,66.0,1207.0,0.8,0.4,1.2,1.0,jaxson hayes,hayesja02,UTA,6000000.0,2.0,6000000.0,6000000.0,hayesja02,18.3,7.5,4.1,0.9,0.4,0.8,0.756,1.0,0.653,2.3,4.0,,0.797,0.662,0.333,,0.695,0.282,0.011,0.0,0.011,16.3,5.7,3.2,0.7,0.3,0.8,0.679,0.0,0.704,10.0,163.0,-1.4,2019.0,8.0,7,Veteran,,,,,7.0,False,False,True,False,,,,False,183.48,5.472477216238608,91.18694362017806,False,71.50395778364116,45.35809018567639,59.2391304347826,70.05277044854881,63.98416886543535,39.577836411609496,57.78364116094987,46.04221635883905,30.87071240105541,56.72823218997362,10.15831134564644,8.839050131926122,83.90501319261213,99.73614775725594,99.86449864498644,12.928759894459102,1.326259946949602,99.46949602122017,31.29973474801061,38.196286472148536,63.26259946949602,,97.62611275964392,57.09994717858241,3,43.765586034912715,True,Big,68.30985915492957,41.54929577464789,50.71428571428571,66.19718309859155,55.98591549295775,46.478873239436616,57.74647887323944,41.901408450704224,33.80281690140845,29.929577464788732,17.6056338028169,13.732394366197184,65.14084507042254,99.29577464788731,99.62121212121212,22.535211267605636,2.8169014084507045,98.59154929577466,26.408450704225352,40.140845070422536,65.84507042253522,,94.81481481481482,13.334361143669696,1.3046768557613415,False,7483587.882521235,3781474.882141846,27602003.597898524,5452122.89279829,19144154.55310309,1483587.8825212354,3.183035876600342,Low,Fairly paid,49488300.0,0.1212407781233139,False,Mid-Level,71.0,147,73.45132743362832,45.137157107231914,33.79073756432247
smithja04,Jalen Smith,CHI,C,25.0,53.0,1095.0,0.2,-0.9,-0.7,0.4,jalen smith,smithja04,CHI,9428571.0,1.0,9428571.0,9428571.0,smithja04,20.7,10.2,6.7,1.2,0.5,0.8,0.483,0.373,0.742,1.8,7.6,,0.722,0.333,0.5,0.3,0.329,0.097,0.005,0.025,0.545,,,,,,,,,,,,,2020.0,10.0,6,Veteran,,,,,6.0,False,False,False,False,,,,False,132.5212,4.356861369863013,68.81305637982196,False,47.62532981530343,73.20954907161804,83.15217391304348,59.63060686015831,24.670184696569923,31.13456464379947,26.912928759894463,46.04221635883905,50.79155672823219,85.35620052770449,18.733509234828496,16.75461741424802,83.90501319261213,67.01846965699208,66.53116531165311,34.168865435356196,19.098143236074268,75.59681697612733,81.6976127320955,66.3129973474801,99.73474801061008,,78.33827893175074,70.54197857307392,3,57.23192019950125,True,Big,39.08450704225352,72.53521126760563,78.57142857142857,55.633802816901415,18.30985915492958,33.80281690140845,26.76056338028169,41.901408450704224,53.16901408450704,67.6056338028169,29.929577464788732,25.704225352112676,65.14084507042254,42.25352112676056,70.83333333333334,53.87323943661971,36.61971830985916,61.97183098591549,76.40845070422534,63.732394366197184,99.29577464788731,,60.74074074074074,13.310058373572666,1.2325635471809429,False,8973079.86856696,5483781.102870436,39306801.0937648,7906504.58403152,27262349.72248205,-455491.1314330399,3.769388045834484,Low,Fairly paid,41240250.0,0.2286254569261825,False,Mid-Level,39.0,147,73.15634218289085,33.416458852867834,47.34133790737564
harteis01,Isaiah Hartenstein,OKC,C,27.0,47.0,1137.0,1.0,3.2,4.2,1.8,isaiah hartenstein,harteis01,OKC,23148148.0,3.0,48148148.0,23148148.0,harteis01,24.2,9.2,9.4,3.5,1.0,0.8,0.622,0.0,0.61,2.2,6.3,,0.768,0.484,0.488,,0.524,0.314,0.139,0.0,0.024,23.3,9.1,8.3,2.6,0.8,0.7,0.633,0.0,0.767,15.0,350.0,3.0,2017.0,43.0,8,Veteran,,,,,9.0,False,False,True,False,,,,False,155.1564,4.912603693931398,84.48813056379822,False,94.1952506596306,94.16445623342176,94.02173913043478,73.61477572559367,98.41688654353564,33.24538258575198,17.018469656992085,65.03957783641161,43.403693931398415,96.30606860158312,74.93403693931398,73.21899736147758,83.90501319261213,94.45910290237468,0.9485094850948508,8.179419525065963,37.53315649867374,87.0026525198939,92.9708222811671,93.368700265252,80.10610079575596,,93.17507418397626,94.11863592635385,3,81.04738154613467,True,Big,93.30985915492955,92.25352112676056,92.14285714285714,72.1830985915493,98.59154929577466,38.028169014084504,18.661971830985916,60.2112676056338,46.478873239436616,90.84507042253522,88.02816901408451,84.15492957746478,65.14084507042254,85.2112676056338,2.6515151515151514,14.084507042253522,59.859154929577464,75.35211267605634,90.49295774647888,91.19718309859157,79.5774647887324,,85.18518518518519,13.071254380219171,1.1612791694297813,False,26602664.39063908,15697175.533796448,61997555.788730115,22632156.1685504,43000167.930723846,3454516.390639078,1.7404414676308064,High,Fairly paid,49488300.0,0.4677499126056058,False,Mid-Level,1.0,147,72.86135693215338,59.85037406483791,92.28130360205832
georgky01,Kyshawn George,WAS,SF,22.0,48.0,1391.0,-0.5,-0.6,-1.2,0.3,kyshawn george,georgky01,WAS,3108000.0,2.0,3108000.0,3108000.0,georgky01,29.0,14.8,5.1,4.5,1.0,0.9,0.438,0.381,0.802,2.7,12.0,,0.731,0.357,0.494,0.378,0.135,0.199,0.137,0.078,0.451,,,,,,,,,,,,,2024.0,24.0,2,Rookie Scale,,,,,2.0,False,False,False,False,,,,False,77.76,2.0124802300503237,46.78041543026707,True,39.97361477572559,48.54111405835544,29.347826086956523,51.187335092348285,33.24538258575198,49.6042216358839,18.46965699208443,16.62269129287599,74.14248021108179,70.71240105540898,84.82849604221636,73.21899736147758,87.33509234828496,32.45382585751979,72.62872628726286,60.554089709762536,74.53580901856765,35.0132625994695,47.3474801061008,16.976127320954905,49.46949602122016,,44.80712166172107,39.20175624842338,3,26.184538653366584,True,Wing,47.01492537313433,53.03030303030303,31.818181818181817,50.74626865671642,35.07462686567165,37.3134328358209,11.940298507462686,19.402985074626866,65.67164179104478,67.16417910447761,85.82089552238806,70.1492537313433,93.28358208955224,29.850746268656714,76.86567164179104,55.970149253731336,86.36363636363636,31.818181818181817,53.78787878787878,18.181818181818183,51.51515151515152,,47.61904761904761,13.017217595056795,1.4971337386302643,True,12568817.57346486,2516898.8758036597,27447669.46980664,3628859.745818265,19037111.729543984,9460817.57346486,1.9835414467814796,Medium,Leaning underpaid,41240250.0,0.0753632676814519,False,Rookie Scale,65.0,178,72.56637168141593,92.01995012468828,70.32590051457976
mykhasv01,Svi Mykhailiuk,UTA,SF,28.0,50.0,1156.0,0.3,-2.0,-1.7,0.1,svi mykhailiuk,mykhasv01,UTA,3850000.0,2.0,,3850000.0,mykhasv01,23.1,9.4,2.5,1.9,0.5,0.1,0.478,0.408,0.893,0.6,7.2,,0.702,0.564,0.538,0.571,0.13,0.152,0.036,0.019,0.663,,,,,,,,,,,,,2018.0,47.0,8,Veteran,,,,,8.0,False,False,False,False,,,,False,46.8,1.457439446366782,31.409495548961424,True,31.266490765171508,55.702917771883286,41.03260869565217,61.47757255936675,5.540897097625329,34.82849604221636,21.767810026385224,72.16358839050132,45.91029023746702,20.58047493403694,42.87598944591029,16.75461741424802,9.366754617414248,63.7203166226913,88.88888888888889,94.5910290237467,27.453580901856768,84.88063660477454,81.6976127320955,70.82228116710876,90.3183023872679,,21.364985163204743,44.09244511661868,3,31.421446384039903,True,Wing,32.83582089552239,56.060606060606055,43.93939393939394,59.70149253731343,6.7164179104477615,20.8955223880597,14.925373134328357,68.65671641791045,32.83582089552239,15.671641791044776,46.26865671641791,12.686567164179104,8.955223880597014,67.16417910447761,87.31343283582089,97.01492537313432,24.24242424242424,89.39393939393939,84.84848484848484,81.06060606060606,90.9090909090909,,17.46031746031746,12.670998732578774,1.4032595628384197,False,7762815.805572055,2886923.5172546217,27158079.49212027,4162360.5309435623,18836258.365033895,3912815.8055720553,3.1265917655091218,Low,Leaning underpaid,49488300.0,0.0777961659624598,False,Mid-Level,96.0,147,72.27138643067846,64.08977556109726,37.9073756432247
clarkja02,Jaylen Clark,MIN,SG,24.0,68.0,888.0,-3.2,0.7,-2.4,-0.1,jaylen clark,clarkja02,MIN,3086420.0,3.0,10000000.0,3086420.0,clarkja02,13.1,4.0,1.8,0.6,0.7,0.1,0.434,0.327,0.657,1.0,3.4,,0.662,0.447,0.133,,0.285,0.206,0.066,0.0,0.443,9.5,1.7,1.2,0.5,0.2,0.2,0.25,0.25,1.0,6.0,57.0,-3.2,2023.0,53.0,2,Rookie Scale,,,,,3.0,False,False,True,True,,,,False,65.892,2.671297297297297,33.71661721068249,True,22.823218997361476,36.07427055702917,51.08695652173913,8.311345646437996,74.80211081794195,19.525065963060687,63.19261213720316,36.01583113456465,4.089709762532982,7.387862796833773,3.2981530343007917,41.42480211081794,9.366754617414248,29.155672823218996,29.81029810298103,13.324538258575195,2.9177718832891246,20.822281167108752,53.44827586206896,86.60477453580901,72.67904509283821,,25.222551928783385,38.391264903878486,3,25.935162094763093,True,Guard,30.88235294117647,39.053254437869825,57.407407407407405,11.76470588235294,78.82352941176471,21.176470588235293,64.70588235294117,38.82352941176471,2.941176470588235,13.529411764705882,0.5882352941176471,37.94117647058823,16.76470588235294,42.05882352941177,27.647058823529413,6.470588235294119,1.183431952662722,33.13609467455622,55.917159763313606,87.27810650887574,69.8224852071006,,38.84892086330935,12.456102809115391,1.4802785794668532,True,7161612.298688473,2070575.996361194,27585671.973066386,2985352.3143449593,19132827.29025491,4075192.298688473,3.5627586236939752,Low,Fairly paid,41240250.0,0.0748399924830717,False,Rookie Scale,67.0,178,71.976401179941,66.08478802992519,31.217838765008576
capelca01,Clint Capela,HOU,C,31.0,75.0,926.0,-0.5,0.9,0.4,0.6,clint capela,capelca01,HOU,7035000.0,2.0,14405000.0,7035000.0,capelca01,12.3,3.8,4.6,0.7,0.5,0.8,0.52,0.5,0.577,1.0,3.0,,0.608,0.385,0.0,0.0,0.63,0.344,0.013,0.004,0.009,5.5,1.5,1.8,0.3,0.0,0.3,0.375,,,4.0,22.0,-6.9,2014.0,25.0,12,Veteran,,,,,12.0,False,False,True,True,,,,False,141.75,5.510799136069115,47.22551928783383,False,62.66490765171504,42.97082228116711,77.98913043478261,51.187335092348285,78.7598944591029,22.691292875989447,83.24538258575198,87.20316622691293,3.034300791556728,63.19261213720316,4.617414248021108,16.75461741424802,83.90501319261213,83.90501319261213,99.1869918699187,5.277044854881266,8.222811671087534,18.83289124668435,83.28912466843501,97.21485411140584,81.43236074270557,,45.99406528189911,61.026209181409904,3,48.6284289276808,True,Big,56.690140845070424,39.436619718309856,70.71428571428572,44.71830985915493,72.88732394366197,25.352112676056336,83.09859154929578,84.85915492957746,3.5211267605633805,36.61971830985916,8.80281690140845,25.704225352112676,65.14084507042254,64.43661971830986,97.72727272727272,9.15492957746479,17.95774647887324,8.80281690140845,77.8169014084507,95.77464788732394,80.63380281690141,,28.14814814814815,12.397780253729104,1.2549492247048908,False,8308540.966056203,3609989.442858307,41360705.215348385,5204875.530739973,28686893.335824765,1273540.9660562023,4.543603495092247,Low,Fairly paid,57736350.0,0.1218469820139305,False,Mid-Level,60.0,147,71.68141592920354,43.64089775561097,43.05317324185249
jonestr01,Tre Jones,CHI,PG,26.0,65.0,1752.0,1.2,0.1,1.3,1.5,tre jones,jonestr01,CHI,8000000.0,2.0,8000000.0,8000000.0,jonestr01,27.0,14.1,3.1,5.4,1.2,0.2,0.553,0.315,0.841,3.5,9.5,,0.699,0.473,0.568,0.375,0.48,0.237,0.06,0.013,0.211,,,,,,,,,,,,,2020.0,41.0,6,Veteran,,,,,6.0,False,False,False,False,,,,False,296.4,6.090410958904109,69.89614243323443,False,72.42744063324538,72.41379310344827,49.72826086956522,76.91292875989446,55.4089709762533,68.07387862796834,54.74934036939314,55.8047493403694,71.76781002638522,33.90501319261214,90.10554089709764,85.75197889182058,24.406332453825858,89.18205804749341,20.59620596205962,77.70448548812665,83.55437665782493,87.0026525198939,59.6816976127321,63.395225464190986,44.56233421750663,,79.52522255192879,63.9101303981914,3,51.87032418952619,True,Guard,75.0,72.7810650887574,56.17283950617284,78.52941176470588,62.05882352941177,70.0,57.35294117647059,60.29411764705882,73.52941176470588,56.1764705882353,82.94117647058825,79.70588235294119,40.294117647058826,99.11764705882354,18.823529411764707,67.94117647058823,65.68047337278107,94.97041420118344,63.31360946745562,63.01775147928994,42.01183431952663,,94.9640287769784,12.039806208665212,1.2321135716189784,False,11406531.678361878,5416359.242806051,32251584.44506124,7809295.881557242,22369003.57645471,3406531.678361878,2.352619179865292,Medium,Fairly paid,41240250.0,0.1939852449973023,False,Mid-Level,56.0,147,71.38643067846607,59.10224438902743,63.979416809605496
willike04,Kenrich Williams,OKC,PF,31.0,56.0,855.0,-0.1,0.3,0.2,0.5,kenrich williams,willike04,OKC,5000000.0,1.0,5000000.0,5000000.0,willike04,15.3,6.5,3.3,1.4,0.6,0.1,0.473,0.388,0.635,0.9,5.3,,0.692,0.326,0.526,0.458,0.264,0.155,0.064,0.081,0.436,6.5,3.1,1.8,0.5,0.1,0.0,0.387,0.316,1.0,11.0,72.0,1.8,,,8,Veteran,,,,,8.0,True,False,True,True,,,,False,78.35520000000001,3.299166315789474,49.84421364985164,True,61.08179419525066,33.42175066312997,54.891304347826086,55.54089709762533,61.08179419525066,16.886543535620053,33.773087071240106,87.20316622691293,22.95514511873351,38.52242744063325,26.2532981530343,28.49604221635884,9.366754617414248,60.02638522427441,79.26829268292683,9.894459102902374,47.87798408488064,44.96021220159151,79.3103448275862,86.60477453580901,11.93633952254642,,49.85163204747774,48.38784417792118,3,36.65835411471321,True,Big,54.5774647887324,29.577464788732392,47.14285714285714,49.647887323943664,51.76056338028169,18.30985915492958,33.098591549295776,84.85915492957746,25.704225352112676,15.845070422535212,38.38028169014084,39.08450704225352,1.4084507042253522,34.859154929577464,80.3030303030303,17.253521126760564,73.23943661971832,34.154929577464785,74.64788732394366,82.74647887323944,14.084507042253522,,31.11111111111111,11.729490063207969,1.319967722132408,False,6243865.755852057,2834368.6480213734,27227087.29924683,4086587.026000349,18884120.69214048,1243865.755852057,3.906669298321061,Low,Fairly paid,49488300.0,0.1010339817694283,False,Mid-Level,87.0,147,71.09144542772862,43.391521197007485,22.29845626072041
carusal01,Alex Caruso,OKC,SG,31.0,56.0,1020.0,-1.4,3.3,1.9,1.0,alex caruso,carusal01,OKC,19550160.0,3.0,62994960.0,19550160.0,carusal01,18.2,6.2,2.8,2.0,1.3,0.3,0.423,0.293,0.804,0.9,5.4,,0.725,0.45,0.571,0.667,0.23,0.133,0.023,0.01,0.603,23.5,11.0,3.0,2.1,1.4,0.5,0.478,0.446,0.815,15.0,353.0,5.4,,,9,Veteran,,,,,9.0,True,False,True,False,,,,False,69.552,2.4547764705882353,52.0919881305638,True,79.02374670184696,91.24668435013264,92.3913043478261,34.696569920844325,98.81266490765172,28.232189973614773,33.773087071240106,87.20316622691293,20.052770448548813,27.440633245382585,45.64643799472295,89.5778364116095,40.89709762532981,22.559366754617415,13.550135501355012,61.87335092348285,51.06100795755968,19.49602122015915,97.48010610079577,98.6737400530504,96.55172413793105,,54.59940652818991,88.62018243719626,3,76.93266832917706,True,Guard,80.0,92.3076923076923,93.82716049382717,42.64705882352941,99.11764705882354,30.0,37.05882352941177,90.0,18.823529411764707,49.11764705882353,31.176470588235293,85.0,61.47058823529412,32.05882352941177,10.882352941176473,47.647058823529406,27.810650887573964,30.473372781065088,98.5207100591716,98.81656804733728,97.63313609467455,,74.82014388489209,11.6875141080192,1.1519187409178508,False,24796338.48077702,14547330.479927806,62309032.9558776,20974311.87848928,43216201.77792226,5246178.4807770215,1.9261594816902632,High,Leaning underpaid,49488300.0,0.3950461018058814,False,Mid-Level,6.0,147,70.79646017699115,76.05985037406484,91.25214408233276
gonzahu01,Hugo González,BOS,SF,19.0,74.0,1084.0,-3.1,1.6,-1.5,0.1,hugo gonzalez,gonzahu01,BOS,2923560.0,3.0,2923560.0,2923560.0,gonzahu01,14.6,3.9,3.3,0.5,0.6,0.3,0.476,0.362,0.5,0.4,3.3,,0.75,0.429,0.286,0.333,0.26,0.228,0.028,0.012,0.472,4.8,0.0,1.0,0.5,0.0,0.3,0.0,0.0,0.0,4.0,19.0,-11.7,2025.0,28.0,1,Rookie Scale,,,,,1.0,False,False,True,True,,,,False,63.492,2.1085904059040588,54.03560830860534,True,34.96042216358839,36.339522546419104,37.22826086956522,9.366754617414248,92.21635883905012,30.606860158311346,80.87071240105541,1.58311345646438,3.562005277044855,38.52242744063325,2.242744063324538,28.49604221635884,40.89709762532981,62.00527704485488,57.3170731707317,1.978891820580475,9.814323607427056,35.80901856763926,91.3793103448276,84.88063660477454,91.3793103448276,,56.97329376854599,36.32802432189122,3,24.68827930174563,True,Wing,37.3134328358209,36.36363636363637,40.909090909090914,7.462686567164178,94.02985074626866,19.402985074626866,80.59701492537313,3.731343283582089,6.7164179104477615,27.611940298507463,4.477611940298507,18.65671641791045,43.28358208955223,62.68656716417911,50.74626865671642,2.9850746268656714,6.0606060606060606,34.090909090909086,93.93939393939394,93.18181818181816,93.18181818181816,,58.730158730158735,11.639745020145586,1.471468459906907,True,8754436.121056965,1989988.1700486357,27208087.19918837,2869160.948168097,18870942.632411823,5830876.121056965,2.880608034649185,Low,Fairly paid,41240250.0,0.0708909378580391,False,Rookie Scale,72.0,178,70.50147492625368,79.30174563591022,45.45454545454545
barlodo01,Dominick Barlow,PHI,PF,22.0,71.0,1689.0,-1.5,0.4,-1.1,0.4,dominick barlow,barlodo01,PHI,3415000.0,1.0,3415000.0,3415000.0,barlodo01,23.8,7.7,4.8,1.2,0.9,0.7,0.539,0.256,0.718,1.8,5.6,,0.744,0.465,0.125,0.143,0.489,0.248,0.04,0.018,0.206,10.7,2.9,1.7,0.1,0.2,0.4,0.588,0.0,0.857,9.0,96.0,-0.8,,,4,Rookie Scale,,,,,4.0,True,False,True,True,,,,False,194.42639999999997,4.144079573712255,74.0059347181009,False,41.82058047493404,28.647214854111407,50.0,32.45382585751979,63.98416886543535,63.98416886543535,73.61477572559367,16.62269129287599,32.58575197889182,65.17150395778364,18.733509234828496,63.58839050131926,79.15567282321899,87.0712401055409,7.588075880758807,26.121372031662272,4.111405835543767,67.77188328912467,53.44827586206896,68.43501326259947,59.15119363395226,,84.27299703264094,39.94785068902529,3,28.428927680798004,True,Big,31.690140845070424,23.943661971830984,42.857142857142854,25.0,55.98591549295775,64.08450704225352,72.88732394366197,15.140845070422534,36.267605633802816,37.32394366197183,29.929577464788732,74.29577464788733,57.04225352112676,68.30985915492957,13.636363636363637,43.66197183098591,7.746478873239436,54.5774647887324,46.478873239436616,65.14084507042254,61.61971830985915,,69.62962962962963,11.518923008227285,1.4051831689736087,True,10646105.42922702,3121731.3146350137,24032091.100586317,4500905.9417701615,16668140.217868296,7231105.429227021,1.9641323228441423,Medium,Leaning underpaid,41240250.0,0.0828074514582234,False,Rookie Scale,62.0,178,70.20648967551622,84.78802992518703,59.86277873070326
cissosi01,Sidy Cissoko,POR,SF,21.0,75.0,1435.0,-4.6,0.5,-4.0,-0.7,sidy cissoko,cissosi01,POR,2497812.0,1.0,,2497812.0,cissosi01,19.1,5.1,2.2,1.5,0.7,0.3,0.398,0.298,0.659,1.2,4.5,,0.736,0.377,0.0,0.167,0.216,0.159,0.015,0.018,0.593,6.5,2.8,1.3,0.3,1.0,0.0,0.4,0.4,1.0,4.0,26.0,6.7,2023.0,44.0,3,Rookie Scale,,,,,3.0,False,False,True,True,,,,False,72.9,1.828850174216028,46.00890207715135,True,8.575197889182059,12.9973474801061,58.15217391304349,2.242744063324538,67.67810026385224,52.242744063324544,83.24538258575198,9.630606860158313,10.15831134564644,13.456464379947231,30.738786279683374,41.42480211081794,40.89709762532981,9.102902374670183,15.718157181571817,13.852242744063323,28.381962864721483,7.957559681697612,39.12466843501326,49.07161803713528,40.05305039787798,,42.72997032640949,28.824869994726605,3,17.45635910224439,True,Wing,5.970149253731343,12.12121212121212,66.66666666666666,1.4925373134328357,70.8955223880597,40.298507462686565,85.07462686567165,14.17910447761194,10.44776119402985,10.44776119402985,32.83582089552239,29.1044776119403,43.28358208955223,5.970149253731343,8.955223880597014,11.940298507462686,25.75757575757576,4.545454545454546,42.42424242424242,52.27272727272727,42.42424242424242,,46.03174603174603,11.368510892482211,1.651253266840767,True,6934788.171730583,2960389.753360785,18139763.78507905,4268284.002659251,12581349.039631857,4436976.171730583,2.188873496323427,Low,Underpaid,41240250.0,0.0605673340971502,False,Rookie Scale,85.0,178,69.91150442477876,69.82543640897757,29.331046312178387
tysonja01,Jaylon Tyson,CLE,SG,23.0,66.0,1777.0,0.6,-0.5,0.1,0.9,jaylon tyson,tysonja01,CLE,3658560.0,2.0,3658560.0,3658560.0,tysonja01,26.9,13.2,5.1,2.2,0.8,0.4,0.493,0.446,0.738,1.6,10.2,,0.594,0.49,0.412,0.167,0.279,0.216,0.051,0.009,0.445,12.7,4.1,2.8,1.3,0.2,0.1,0.362,0.237,0.667,17.0,216.0,-2.9,2024.0,20.0,2,Rookie Scale,,,,,2.0,False,False,True,False,,,,False,187.8228,3.8050764209341583,35.40059347181009,False,59.23482849604221,49.86737400530504,19.021739130434785,65.96306068601582,36.93931398416886,69.12928759894459,57.78364116094987,25.593667546174142,65.8311345646438,70.71240105540898,50.52770448548812,52.242744063324544,55.67282321899736,72.42744063324538,97.5609756097561,32.98153034300791,38.726790450928384,73.47480106100795,28.381962864721483,52.65251989389921,48.143236074270554,,27.002967359050444,40.64212454991299,3,29.42643391521197,True,Guard,64.70588235294117,52.66272189349112,25.925925925925924,69.41176470588235,44.11764705882353,71.76470588235294,60.0,27.35294117647059,67.05882352941175,94.41176470588236,35.88235294117647,47.647058823529406,78.52941176470588,92.3529411764706,98.82352941176472,20.0,19.526627218934912,83.4319526627219,31.65680473372781,52.071005917159766,47.33727810650888,,41.726618705035975,11.215690634701025,1.3811433851283992,True,13673513.407298876,3373351.02998473,32429099.51385923,4863690.742170725,22492124.200670272,10014953.407298876,2.124965809326273,Low,Leaning underpaid,41240250.0,0.0887133322421663,False,Rookie Scale,58.0,178,69.6165191740413,93.51620947630924,74.95711835334477
joeis01,Isaiah Joe,OKC,SG,26.0,71.0,1507.0,2.0,0.5,2.5,1.7,isaiah joe,joeis01,DET,11323006.0,2.0,11323006.0,11323006.0,joeis01,21.2,11.1,2.5,1.3,0.7,0.2,0.455,0.423,0.894,1.7,7.6,,0.617,0.571,0.538,0.524,0.087,0.039,0.048,0.039,0.788,11.0,4.8,1.4,1.1,0.5,0.1,0.418,0.348,1.0,13.0,143.0,2.1,2020.0,49.0,6,Veteran,,,,,6.0,False,False,True,True,,,,False,46.9452,1.1214513603185137,8.70919881305638,True,85.62005277044855,76.12732095490716,61.95652173913043,86.14775725593667,67.67810026385224,57.519788918205805,73.61477572559367,55.8047493403694,55.27704485488126,20.58047493403694,22.03166226912929,41.42480211081794,24.406332453825858,45.51451187335092,94.71544715447156,94.9868073878628,31.29973474801061,93.89920424403184,68.83289124668434,59.15119363395226,51.591511936339515,,2.0771513353115725,73.18645420287623,3,62.34413965087282,True,Guard,89.70588235294117,75.7396449704142,66.66666666666666,87.05882352941177,72.94117647058823,60.0,75.58823529411765,60.29411764705882,55.58823529411765,37.05882352941177,13.23529411764706,37.94117647058823,40.294117647058826,63.52941176470588,96.47058823529412,90.58823529411764,15.384615384615383,98.81656804733728,71.89349112426035,59.46745562130178,50.88757396449704,,5.0359712230215825,10.842314552003415,1.1739107254141348,False,13092808.47003237,5432648.826032001,39387532.93371545,7832782.169946929,27318343.585966997,1769802.4700323695,2.5933995892020794,Medium,Fairly paid,41240250.0,0.2745620116269906,False,Mid-Level,32.0,147,69.32153392330383,46.633416458852864,72.89879931389366
sandeko01,Kobe Sanders,LAC,SG,23.0,68.0,1351.0,-2.7,-0.2,-2.9,-0.3,kobe sanders,sandeko01,LAC,2622139.0,4.0,5375385.0,2622139.0,sandeko01,19.9,7.3,2.3,1.6,0.7,0.1,0.466,0.408,0.826,1.0,5.6,,0.759,0.508,0.378,0.357,0.141,0.159,0.117,0.073,0.51,,,,,,,,,,,,,2025.0,50.0,1,Rookie Scale,,,,,1.0,False,False,False,False,,,,False,53.69279999999999,1.4307481865284972,48.635014836795264,True,16.75461741424802,41.11405835543766,28.804347826086957,13.324538258575195,44.72295514511873,46.7018469656992,63.19261213720316,25.593667546174142,28.49604221635884,15.699208443271766,34.56464379947229,41.42480211081794,9.366754617414248,53.29815303430079,88.88888888888889,69.65699208443272,57.55968169761273,66.44562334217507,39.12466843501326,22.015915119363395,44.56233421750663,,48.6646884272997,30.408056671633737,3,19.950124688279303,True,Guard,23.823529411764703,44.97041420118343,34.5679012345679,17.941176470588236,52.94117647058824,45.88235294117647,64.70588235294117,27.35294117647059,29.705882352941178,29.117647058823533,22.647058823529413,37.94117647058823,16.76470588235294,73.52941176470588,90.0,57.35294117647059,32.544378698224854,76.03550295857988,40.828402366863905,20.118343195266274,42.01183431952663,,66.90647482014388,10.457931983354436,1.524203840665641,True,11925417.526697865,2653312.8173613474,26646595.66084623,3825541.092870412,18481504.20805411,9303278.526697865,2.0119448891219327,Medium,Underpaid,41240250.0,0.0635820345414976,False,Rookie Scale,84.0,178,69.02654867256636,91.7705735660848,67.06689536878217
diawamo01,Mohamed Diawara,NYK,SF,20.0,69.0,634.0,-1.8,0.1,-1.7,0.0,mohamed diawara,diawamo01,NYK,2232143.0,4.0,10000000.0,2232143.0,diawamo01,9.2,3.6,1.4,0.8,0.2,0.1,0.423,0.369,0.75,0.3,3.1,,0.548,0.273,0.667,0.7,0.197,0.103,0.042,0.047,0.61,7.2,1.2,1.5,1.0,0.2,0.0,0.231,0.167,,6.0,43.0,-9.8,2025.0,51.0,1,Rookie Scale,,,,,1.0,False,False,True,True,,,,False,42.1383,2.3927110410094636,16.528189910979233,True,31.266490765171508,14.323607427055704,3.260869565217391,26.912928759894463,55.4089709762533,6.33245382585752,67.01846965699208,4.749340369393139,2.1108179419525066,2.7704485488126647,6.992084432717678,1.3192612137203166,9.366754617414248,22.559366754617415,63.68563685636857,37.071240105540895,44.827586206896555,28.912466843501328,49.20424403183024,59.15119363395226,69.89389920424404,,7.121661721068249,14.410801563395289,3,4.239401496259352,True,Wing,32.83582089552239,15.151515151515152,1.5151515151515151,27.611940298507463,60.44776119402984,5.970149253731343,62.68656716417911,9.701492537313433,2.9850746268656714,2.2388059701492535,7.462686567164178,4.477611940298507,8.955223880597014,17.91044776119403,62.68656716417911,30.597014925373134,48.48484848484848,23.484848484848484,57.57575757575758,68.93939393939394,74.24242424242425,,3.1746031746031744,10.171400067135934,3.3992537805420646,True,10930933.086938145,2273905.456561182,24464115.596979417,3278512.321825631,16967783.093442276,8698790.086938143,2.030038054750724,Medium,Underpaid,41240250.0,0.0541253508405016,False,Rookie Scale,117.0,178,68.73156342182891,90.52369077306732,61.57804459691252
millejo02,Jordan Miller,LAC,SF,26.0,60.0,1325.0,0.6,-0.4,0.2,0.8,jordan miller,millejo02,LAC,5300000.0,3.0,5300000.0,5300000.0,millejo02,22.1,10.0,3.0,2.3,0.8,0.2,0.531,0.345,0.777,2.9,6.7,,0.735,0.538,0.4,1.0,0.293,0.326,0.1,0.005,0.276,,,,,,,,,,,,,2023.0,48.0,3,Rookie Scale,,,,,3.0,False,False,False,False,,,,False,117.786,3.2002233962264146,63.44213649851632,False,61.08179419525066,33.15649867374005,54.07608695652174,65.96306068601582,40.105540897097626,45.11873350923483,42.480211081794195,55.8047493403694,49.20844327176781,31.6622691292876,52.770448548812666,52.242744063324544,24.406332453825858,85.75197889182058,43.49593495934959,48.02110817941953,62.59946949602122,81.6976127320955,26.790450928381965,24.53580901856764,35.0132625994695,,69.43620178041543,47.98266816016084,3,37.905236907730675,True,Wing,63.43283582089553,34.84848484848485,60.60606060606061,67.16417910447761,41.04477611940299,28.35820895522388,39.55223880597015,55.970149253731336,41.04477611940299,20.149253731343283,53.73134328358209,43.28358208955223,24.62686567164179,98.50746268656717,39.55223880597015,43.28358208955223,72.72727272727273,87.87878787878788,31.060606060606062,22.727272727272727,34.090909090909086,,73.01587301587301,10.077431252430166,1.2658585481726643,True,5765785.834291669,1898436.552957972,25103218.44764698,2737162.0104599637,17411051.050607473,465785.8342916686,4.024565351817257,Low,Fairly paid,41240250.0,0.1285152248107128,False,Rookie Scale,49.0,178,68.43657817109144,37.406483790523694,18.010291595197256
wadede01,Dean Wade,CLE,PF,29.0,59.0,1318.0,-0.8,1.0,0.2,0.7,dean wade,wadede01,PHI,9000000.0,4.0,30000000.0,9000000.0,wadede01,22.3,5.8,4.2,1.5,0.7,0.4,0.439,0.362,0.711,0.6,4.7,,0.661,0.6,0.286,0.667,0.223,0.036,0.025,0.011,0.705,22.6,4.4,3.9,0.8,0.7,0.1,0.462,0.375,0.333,18.0,407.0,0.5,,,7,Veteran,,,,,7.0,True,False,True,False,,,,False,61.837900000000005,1.6890473444613052,20.356083086053413,True,61.08179419525066,61.0079575596817,70.65217391304348,47.0976253298153,81.13456464379946,44.45910290237467,40.36939313984168,77.57255936675462,17.282321899736147,58.575197889182064,30.738786279683374,41.42480211081794,55.67282321899736,33.37730870712401,57.3170731707317,23.614775725593667,8.222811671087534,52.12201591511937,94.42970822281168,90.84880636604774,84.21750663129973,,11.572700296735905,64.6429978510846,3,54.862842892768086,True,Big,54.5774647887324,59.859154929577464,62.142857142857146,40.49295774647887,76.05633802816901,53.87323943661971,38.732394366197184,73.94366197183099,18.661971830985916,32.04225352112676,43.66197183098591,52.112676056338024,26.76056338028169,17.253521126760564,65.15151515151516,39.7887323943662,17.95774647887324,40.140845070422536,94.3661971830986,86.97183098591549,83.09859154929578,,5.185185185185185,9.780154958316515,1.1782655517402238,False,8215664.351290682,4553270.367682355,27455413.078422975,6564896.074274612,19042482.529515952,-784335.6487093177,2.7876190812423696,Medium,Fairly paid,49488300.0,0.181861167184971,False,Mid-Level,55.0,147,68.14159292035397,31.17206982543641,41.1663807890223
kornelu01,Luke Kornet,SAS,C,30.0,68.0,1430.0,1.6,2.1,3.6,2.0,luke kornet,kornelu01,SAS,10450000.0,3.0,13000000.0,10450000.0,kornelu01,21.0,6.5,6.1,1.9,0.5,1.0,0.643,,0.825,1.7,4.0,,0.693,0.385,0.571,0.0,0.827,0.143,0.026,0.004,0.0,12.9,3.7,3.9,0.7,0.6,0.7,0.569,1.0,0.773,23.0,296.0,2.2,,,9,Veteran,,,,,9.0,True,False,True,False,,,,False,224.944,5.6629258741258734,65.9272997032641,False,92.87598944591028,57.294429708222815,65.48913043478261,82.32189973614776,96.04221635883906,51.97889182058047,63.19261213720316,82.58575197889182,22.95514511873351,82.84960422163589,42.87598944591029,16.75461741424802,89.9736147757256,96.04221635883906,,68.99736147757255,5.305039787798409,95.88859416445624,73.87267904509284,84.88063660477454,12.20159151193634,,74.4807121661721,69.26283241510461,3,59.60099750623441,True,Big,91.54929577464787,54.929577464788736,57.85714285714286,82.74647887323944,94.3661971830986,56.33802816901409,64.43661971830986,78.52112676056338,25.704225352112676,62.323943661971825,58.098591549295776,25.704225352112676,75.70422535211267,89.43661971830986,,87.32394366197182,10.56338028169014,89.7887323943662,67.6056338028169,81.33802816901408,14.788732394366196,,57.03703703703704,9.661834908870205,1.1621086108140983,False,8633227.839000488,4321617.902260021,27915774.800565507,6230900.014730007,19361779.493874673,-1816772.1609995123,2.732947321477977,Medium,Fairly paid,49488300.0,0.2111610218981052,False,Mid-Level,44.0,147,67.84660766961652,27.431421446384043,45.1114922813036
jonesde02,Derrick Jones Jr.,LAC,SF,28.0,50.0,1350.0,-0.6,-0.1,-0.7,0.5,derrick jones,jonesde02,LAC,10476190.0,1.0,10476190.0,10476190.0,jonesde02,27.0,10.1,3.5,1.4,0.9,1.0,0.499,0.359,0.763,1.9,7.6,,0.737,0.467,0.231,0.333,0.311,0.243,0.034,0.008,0.404,,,,,,,,,,,,,,,10,Veteran,,,,,10.0,True,False,False,False,,,,False,118.18,3.1514666666666664,62.86350148367953,False,47.62532981530343,67.90450928381962,85.05434782608695,49.6042216358839,48.54881266490765,46.437994722955146,21.767810026385224,72.16358839050132,50.0,43.66754617414248,26.2532981530343,63.58839050131926,89.9736147757256,74.14248021108179,54.33604336043361,41.16094986807388,22.546419098143236,71.61803713527851,73.87267904509284,70.82228116710876,80.10610079575596,,68.84272997032642,69.26590387004083,3,59.85037406483791,True,Wing,50.74626865671642,68.18181818181817,87.87878787878788,48.507462686567166,52.23880597014925,32.83582089552239,14.925373134328357,68.65671641791045,43.28358208955223,32.83582089552239,26.119402985074625,58.2089552238806,97.76119402985076,77.61194029850746,46.26865671641791,35.82089552238806,15.151515151515152,75.75757575757575,80.3030303030303,81.06060606060606,84.84848484848484,,71.42857142857143,9.415529805202922,1.1573178104952655,False,9740413.791736262,5419898.415930192,42429092.02638704,7814398.654261838,29427903.39186933,-735776.2082637381,3.799550450500916,Low,Fairly paid,57736350.0,0.1814487753382401,False,Mid-Level,43.0,147,67.55162241887905,31.67082294264339,54.54545454545454
krejcvi01,Vít Krejčí,POR,PG,25.0,65.0,1392.0,-1.5,0.0,-1.6,0.1,vit krejci,krejcvi01,POR,2667944.0,2.0,,2667944.0,krejcvi01,21.4,8.5,2.3,1.5,0.7,0.3,0.448,0.39,0.745,0.8,6.6,,0.737,0.6,0.5,0.6,0.089,0.093,0.042,0.012,0.765,4.0,0.5,0.3,0.5,0.0,0.0,0.25,0.0,,4.0,16.0,-9.8,2020.0,37.0,5,Veteran,,,,,6.0,False,False,True,True,,,,False,38.181,0.9874396551724136,,True,32.98153034300791,18.30238726790451,40.48913043478261,32.45382585751979,52.110817941952504,49.86807387862797,54.74934036939314,46.04221635883905,38.12664907651715,15.699208443271766,30.738786279683374,41.42480211081794,40.89709762532981,39.70976253298153,80.89430894308943,34.96042216358839,29.310344827586203,74.53580901856765,25.72944297082228,32.228116710875334,36.206896551724135,,,30.292201724259648,3,21.07231920199501,True,Guard,40.588235294117645,21.301775147928996,45.06172839506173,39.411764705882355,59.411764705882355,51.17647058823529,57.35294117647059,49.11764705882353,40.588235294117645,29.117647058823533,19.705882352941178,37.94117647058823,61.47058823529412,57.35294117647059,77.94117647058823,21.470588235294116,13.905325443786982,85.20710059171599,28.99408284023669,32.544378698224854,33.13609467455622,,,9.219882522264635,1.437535253423446,False,4315640.636884557,2157275.9261282086,17445140.417769022,3110356.099010853,12099573.249232665,1647696.636884557,3.5424322314929952,Low,Leaning underpaid,41240250.0,0.0646927213098853,False,Minimum,15.0,29,67.2566371681416,46.13466334164589,6.003430531732419
millebr02,Brandon Miller,CHO,SF,23.0,65.0,1968.0,1.7,-0.1,1.6,1.8,brandon miller,millebr02,CHO,15104626.0,1.0,15104626.0,15104626.0,millebr02,30.3,20.2,4.9,3.3,1.0,0.7,0.435,0.383,0.892,3.4,16.1,,0.748,0.423,0.395,0.34,0.122,0.199,0.124,0.045,0.511,,,,,,,,,,,,,2023.0,2.0,3,Rookie Scale,,,,,3.0,False,False,False,False,,,,False,127.673,2.335481707317073,56.77299703264096,False,75.72559366754618,89.92042440318302,74.45652173913044,83.24538258575198,48.54881266490765,77.83641160949868,54.74934036939314,25.593667546174142,89.31398416886543,66.88654353562006,72.0316622691293,73.21899736147758,79.15567282321899,30.21108179419525,74.25474254742548,93.7994722955145,71.08753315649867,48.40848806366048,70.55702917771883,68.43501326259947,85.6763925729443,,62.31454005934718,80.5727532202541,3,71.571072319202,True,Wing,79.1044776119403,90.9090909090909,80.3030303030303,82.08955223880598,52.23880597014925,71.64179104477611,50.0,26.86567164179105,82.83582089552239,61.940298507462686,73.88059701492537,70.1492537313433,86.56716417910447,26.119402985074625,81.34328358208955,94.77611940298507,83.33333333333334,48.48484848484848,77.27272727272727,78.03030303030303,87.87878787878788,,63.49206349206349,9.001680901052097,1.1257726146802052,True,16191347.88750372,3255545.81659275,46919407.707513645,4693839.422026136,32542289.53006456,1086721.887503719,2.6967403945795096,Low,Fairly paid,41240250.0,0.3662593219003279,False,Rookie Scale,11.0,178,66.96165191740413,41.895261845386536,81.47512864493997
allenja01,Jarrett Allen,CLE,C,27.0,56.0,1519.0,2.2,0.4,2.6,1.8,jarrett allen,allenja01,CLE,28000000.0,3.0,90720000.0,28000000.0,allenja01,27.1,15.4,8.5,1.8,1.0,0.8,0.638,0.1,0.709,4.7,9.4,,0.813,0.52,0.5,0.273,0.455,0.419,0.087,0.021,0.019,29.4,12.7,7.2,1.1,1.0,1.7,0.635,,0.579,18.0,529.0,3.7,2017.0,22.0,9,Veteran,,,,,9.0,False,False,True,False,,,,False,239.512,5.676387096774193,94.05044510385756,False,86.80738786279683,96.02122015915118,94.83695652173914,87.73087071240106,63.98416886543535,58.04749340369393,33.773087071240106,65.03957783641161,76.64907651715039,94.1952506596306,39.97361477572559,73.21899736147758,83.90501319261213,95.77836411609498,1.8970189701897016,22.691292875989447,17.108753315649867,94.16445623342176,92.44031830238728,63.395225464190986,82.36074270557029,,99.406528189911,93.27366322103308,3,84.28927680798004,True,Big,84.15492957746478,94.3661971830986,93.57142857142856,89.7887323943662,55.98591549295775,61.267605633802816,33.098591549295776,60.2112676056338,78.87323943661971,85.2112676056338,54.5774647887324,84.15492957746478,65.14084507042254,88.73239436619718,5.303030303030303,38.028169014084504,33.80281690140845,85.91549295774648,89.08450704225352,59.859154929577464,82.04225352112677,,99.25925925925924,8.98438641305303,1.1065899098116647,False,34740408.0428873,23102070.173532404,61657980.16733831,33308518.39290998,42764645.60150853,6740408.0428873,1.109828933103156,High,Leaning underpaid,49488300.0,0.5657902979087986,False,Mid-Level,2.0,147,66.66666666666666,83.29177057356608,93.99656946826758
gilgesh01,Shai Gilgeous-Alexander,OKC,PG,27.0,68.0,2259.0,8.7,3.0,11.7,7.8,shai gilgeous alexander,gilgesh01,OKC,40806150.0,5.0,238462350.0,40806150.0,gilgesh01,33.2,31.1,4.3,6.6,1.4,0.8,0.553,0.386,0.879,9.0,19.4,,0.754,0.485,0.586,0.504,0.228,0.173,0.273,0.101,0.226,36.3,27.6,2.9,7.9,1.3,0.9,0.463,0.305,0.892,15.0,544.0,6.5,2018.0,11.0,8,Veteran,,,,,8.0,False,False,True,False,,,,False,300.77759999999995,4.793268525896414,81.2166172106825,False,99.73614775725594,99.20424403183024,99.18478260869566,99.73614775725594,98.15303430079156,88.39050131926122,63.19261213720316,65.03957783641161,99.73614775725594,60.02638522427441,95.11873350923484,92.87598944591028,83.90501319261213,89.18205804749341,77.37127371273714,90.50131926121372,96.55172413793105,94.56233421750665,100.0,97.21485411140584,97.61273209549071,,90.20771513353117,99.3299219295112,3,90.3990024937656,True,Guard,100.0,100.0,100.0,100.0,98.23529411764706,88.23529411764706,64.70588235294117,70.58823529411765,99.41176470588236,84.41176470588235,92.05882352941175,89.41176470588236,97.94117647058825,99.11764705882354,75.29411764705883,84.11764705882354,92.3076923076923,99.40828402366864,100.0,98.22485207100593,99.40828402366864,,98.56115107913668,8.930919435745594,1.098794446723696,False,44785632.37814161,30165544.42505809,69947518.29406637,43492621.38703622,48514090.51079044,3979482.378141612,0.8882753632485169,High,Leaning underpaid,49488300.0,0.8245615630361116,False,Near-Max,1.0,17,66.3716814159292,65.08728179551122,97.42710120068612
alexani01,Nickeil Alexander-Walker,ATL,SG,27.0,78.0,2603.0,1.6,-0.4,1.2,2.1,nickeil alexander walker,alexani01,ATL,14403710.0,3.0,29565510.0,14403710.0,alexani01,33.4,20.8,3.4,3.7,1.3,0.5,0.459,0.399,0.902,3.9,15.3,,0.643,0.412,0.452,0.419,0.216,0.128,0.078,0.052,0.526,35.5,13.7,2.3,2.7,0.5,0.8,0.38,0.419,0.667,6.0,213.0,-3.9,2019.0,17.0,7,Veteran,,,,,7.0,False,False,True,False,,,,False,257.7744,3.5650704571648104,39.332344213649854,False,71.50395778364116,82.49336870026525,76.90217391304348,82.32189973614776,40.105540897097626,96.56992084432716,91.82058047493403,65.03957783641161,90.89709762532982,41.29287598944591,78.23218997361478,89.5778364116095,66.75461741424802,48.812664907651715,85.36585365853658,97.4934036939314,69.09814323607428,74.53580901856765,81.6976127320955,63.395225464190986,78.24933687002653,,32.93768545994065,77.64931792590107,3,68.82793017456359,True,Guard,73.52941176470588,81.06508875739645,80.24691358024691,82.94117647058825,47.94117647058824,96.47058823529412,90.29411764705884,70.58823529411765,91.47058823529412,66.17647058823529,67.3529411764706,85.0,88.52941176470588,67.94117647058823,84.70588235294117,95.58823529411764,44.37869822485207,85.20710059171599,85.50295857988166,63.01775147928994,76.62721893491124,,51.798561151079134,8.821387751337483,1.128165814792983,False,20984767.982124515,9062832.28014164,50909172.490395434,13066773.38556443,35309504.357898,6581057.982124515,1.9941292772881656,High,Fairly paid,49488300.0,0.2910528347104265,False,Mid-Level,20.0,147,66.07669616519173,82.29426433915212,88.16466552315609
porzikr01,Kristaps Porziņģis,GSW,C,30.0,32.0,769.0,1.6,0.3,1.9,0.8,kristaps porzingis,porzikr01,GSW,19512195.0,2.0,19512195.0,19512195.0,porzikr01,24.0,16.7,5.2,2.5,0.6,1.2,0.446,0.338,0.842,4.9,12.1,,0.694,0.468,0.458,0.439,0.16,0.198,0.124,0.106,0.412,,,,,,,,,,,,,2015.0,4.0,10,Veteran,,,,,11.0,False,False,False,False,,,,False,61.952,2.9002236671001302,46.12017804154303,True,79.02374670184696,88.06366047745358,86.41304347826086,82.32189973614776,61.08179419525066,12.928759894459102,3.16622691292876,82.58575197889182,80.21108179419525,72.42744063324538,56.99208443271768,28.49604221635884,93.7994722955145,37.86279683377309,39.02439024390244,78.62796833773086,35.278514588859416,50.397877984084886,56.76392572944297,24.53580901856764,82.36074270557029,,43.02670623145401,85.18470065885465,3,76.55860349127181,True,Big,78.16901408450704,87.32394366197182,82.14285714285714,82.74647887323944,51.76056338028169,14.084507042253522,3.873239436619718,78.52112676056338,83.45070422535211,47.53521126760563,75.35211267605634,39.08450704225352,84.15492957746478,21.12676056338028,45.45454545454545,94.01408450704226,55.633802816901415,38.38028169014084,49.647887323943664,28.169014084507044,82.04225352112677,,24.444444444444443,8.626097167582842,1.1126731258697302,False,23554965.819598462,5267943.984214893,65387760.410623744,7595311.059701937,45351540.75835154,4042770.819598466,2.5523202575139075,Medium,Fairly paid,57736350.0,0.3379533863848338,False,Mid-Level,10.0,147,65.78171091445427,65.83541147132169,89.87993138936535
hausesa01,Sam Hauser,BOS,PF,28.0,78.0,1934.0,0.6,0.0,0.6,1.3,sam hauser,hausesa01,BOS,10848215.0,3.0,34955356.0,10848215.0,hausesa01,24.8,9.2,3.8,1.5,0.5,0.3,0.419,0.393,0.85,0.3,7.7,,0.875,0.389,0.556,0.316,0.04,0.03,0.06,0.032,0.839,23.4,7.7,4.3,0.9,0.1,0.1,0.413,0.421,,7.0,164.0,0.4,,,5,Veteran,,,,,5.0,True,False,True,False,,,,False,24.024,0.4471892450879007,,True,64.77572559366754,78.51458885941645,63.04347826086957,65.96306068601582,52.110817941952504,76.78100263852242,91.82058047493403,72.16358839050132,43.403693931398415,49.86807387862797,30.738786279683374,16.75461741424802,40.89709762532981,19.656992084432716,82.52032520325203,80.60686015831135,15.384615384615383,60.61007957559682,87.66578249336871,59.15119363395226,60.3448275862069,,,69.27820656852414,3,60.84788029925187,True,Big,58.098591549295776,79.5774647887324,55.714285714285715,61.97183098591549,41.901408450704224,79.5774647887324,94.01408450704226,69.01408450704226,46.478873239436616,23.239436619718308,43.66197183098591,25.704225352112676,15.845070422535212,10.915492957746478,85.60606060606061,95.77464788732394,30.985915492957744,46.478873239436616,83.45070422535211,54.929577464788736,63.38028169014085,,,8.430326269272271,1.1385475751630405,False,15651883.657176051,3174626.3208900355,39067344.41932176,4577169.855588457,27096267.73614905,4803668.657176051,2.2931884036830086,Medium,Fairly paid,41240250.0,0.2630492055698013,False,Mid-Level,42.0,147,65.48672566371681,73.31670822942642,80.27444253859348
moodymo01,Moses Moody,GSW,SG,23.0,60.0,1540.0,0.2,-0.3,-0.1,0.7,moses moody,moodymo01,GSW,12500000.0,2.0,25925925.0,12500000.0,moodymo01,25.7,12.1,3.3,1.6,1.0,0.6,0.44,0.401,0.77,1.9,9.3,,0.746,0.4,0.31,0.4,0.127,0.117,0.052,0.027,0.677,,,,,,,,,,,,,2021.0,14.0,5,Veteran,,,,,5.0,False,False,False,False,,,,False,70.866,1.6566077922077922,47.047477744807125,True,56.068601583113455,87.26790450928382,68.47826086956522,59.63060686015831,42.0844327176781,58.575197889182064,42.480211081794195,25.593667546174142,60.817941952506594,38.52242744063325,34.56464379947229,73.21899736147758,73.87862796833772,34.696569920844325,86.1788617886179,44.45910290237467,28.381962864721483,69.49602122015915,44.03183023872679,68.43501326259947,67.10875331564988,,45.103857566765576,72.42196241284675,3,64.46384039900249,True,Guard,62.64705882352941,87.57396449704143,74.07407407407408,64.70588235294117,50.294117647058826,61.76470588235294,45.0,27.35294117647059,60.588235294117645,62.35294117647059,22.647058823529413,65.88235294117646,92.64705882352942,49.411764705882355,86.47058823529412,30.0,13.017751479289942,78.69822485207101,47.0414201183432,68.04733727810651,64.49704142011834,,61.87050359712231,7.95812201384426,1.1234509449729806,False,16354363.96903497,3330364.3859906625,40884154.79859221,4801712.685166715,28356368.24193555,3854363.96903497,2.296255023044929,Medium,Fairly paid,41240250.0,0.303101945308285,False,Mid-Level,35.0,147,65.19174041297934,63.34164588528678,82.16123499142367
pickeja02,Jalen Pickett,DEN,SG,26.0,50.0,807.0,-1.1,-1.1,-2.3,-0.1,jalen pickett,pickeja02,DEN,2406205.0,1.0,,2406205.0,pickeja02,16.1,5.2,2.3,2.3,0.3,0.1,0.422,0.386,0.789,0.4,4.6,,0.667,0.417,0.417,0.381,0.103,0.155,0.103,0.091,0.547,2.0,0.5,0.0,0.5,0.0,0.0,,,0.5,2.0,4.0,4.7,2023.0,32.0,3,Rookie Scale,,,,,3.0,False,False,True,True,,,,False,23.68999999999999,1.056802973977695,,True,25.065963060686013,19.893899204244033,5.163043478260869,40.23746701846966,18.601583113456467,13.984168865435356,21.767810026385224,55.8047493403694,11.213720316622693,15.699208443271766,52.770448548812666,3.825857519788918,9.366754617414248,21.50395778364116,77.37127371273714,55.01319261213721,77.32095490716179,25.46419098143236,42.04244031830239,19.363395225464192,8.753315649867375,,,15.66284427111084,3,7.98004987531172,True,Guard,33.82352941176471,23.66863905325444,8.641975308641975,49.11764705882353,22.941176470588236,14.705882352941178,22.941176470588236,60.29411764705882,12.058823529411764,29.117647058823533,37.94117647058823,2.0588235294117645,16.76470588235294,30.88235294117647,75.29411764705883,41.47058823529412,56.50887573964497,36.3905325443787,43.49112426035503,17.75147928994083,9.467455621301776,,,7.68279439579912,1.9627501727235772,True,10586577.67137706,2269677.248930035,23444971.680274483,3272416.1005522464,16260926.847153706,8180372.671377059,2.000202056666161,Medium,Leaning underpaid,41240250.0,0.0583460333048417,False,Rookie Scale,114.0,178,64.89675516224189,88.7780548628429,59.69125214408233
walkeja01,Jabari Walker,PHI,PF,23.0,64.0,762.0,-2.1,-0.6,-2.7,-0.1,jabari walker,walkeja01,PHI,2584539.0,1.0,,2584539.0,walkeja01,11.9,4.3,3.0,0.5,0.4,0.2,0.455,0.337,0.735,1.1,3.3,,0.663,0.321,0.0,0.333,0.39,0.131,0.019,0.014,0.446,4.8,0.7,1.0,0.0,0.0,0.0,0.1,0.0,1.0,6.0,29.0,-18.8,2022.0,57.0,4,Rookie Scale,,,,,4.0,False,False,True,True,,,,False,82.368,3.891401574803149,46.676557863501486,True,18.073878627968337,20.424403183023873,38.858695652173914,22.427440633245386,33.24538258575198,12.66490765171504,51.05540897097626,25.593667546174142,5.408970976253298,31.6622691292876,2.242744063324538,8.839050131926122,24.406332453825858,45.51451187335092,38.21138211382114,31.79419525065963,5.305039787798409,38.9920424403183,28.381962864721483,59.15119363395226,55.96816976127321,,44.21364985163205,26.749631720191257,3,19.201995012468828,True,Big,11.619718309859154,15.492957746478872,32.142857142857146,17.253521126760564,25.704225352112676,13.380281690140844,50.70422535211267,23.591549295774648,5.985915492957746,11.267605633802818,4.225352112676056,13.732394366197184,5.985915492957746,24.647887323943664,44.696969696969695,50.70422535211267,10.56338028169014,28.169014084507044,22.535211267605636,54.929577464788736,58.45070422535211,,26.666666666666668,7.547636707722429,1.393065236337233,True,7093899.807309489,2009640.798089369,19332706.03437078,2897496.0678195707,13408748.0620386,4509360.807309489,2.4419664369141336,Low,Leaning underpaid,41240250.0,0.0626703038900103,False,Rookie Scale,93.0,178,64.60176991150442,70.57356608478803,30.874785591766724
jenkida01,Daniss Jenkins,DET,PG,24.0,72.0,1455.0,-0.8,0.1,-0.7,0.5,daniss jenkins,jenkida01,DET,4000000.0,1.0,4000000.0,4000000.0,jenkida01,20.2,9.3,2.3,3.9,0.9,0.2,0.408,0.374,0.832,2.2,7.9,,0.591,0.374,0.347,0.405,0.164,0.287,0.132,0.074,0.343,22.7,9.1,2.6,3.0,0.4,0.4,0.361,0.271,0.774,14.0,318.0,-0.4,,,2,Rookie Scale,,,,,2.0,True,False,True,False,,,,False,93.28320000000002,2.3080379381443303,18.620178041543028,True,47.62532981530343,59.15119363395226,16.304347826086957,47.0976253298153,55.4089709762533,54.089709762532976,76.38522427440633,36.01583113456465,44.85488126649077,15.699208443271766,81.66226912928761,63.58839050131926,24.406332453825858,13.324538258575195,67.88617886178862,74.14248021108179,95.22546419098144,11.671087533156498,44.03183023872679,84.88063660477454,37.53315649867374,,8.902077151335313,40.202160501340565,3,33.042394014962596,True,Guard,54.11764705882353,62.1301775147929,23.456790123456788,55.00000000000001,62.05882352941177,55.294117647058826,78.23529411764706,38.82352941176471,48.23529411764706,29.117647058823533,72.35294117647058,57.35294117647059,40.294117647058826,20.588235294117645,64.70588235294117,61.76470588235294,89.94082840236686,18.639053254437872,47.0414201183432,85.20710059171599,34.023668639053255,,16.546762589928058,7.159766486377968,1.2166842536632123,True,9898414.676780064,3917931.29040294,29779871.07589064,5648865.468258144,20654676.477606867,5898414.676780064,2.6127355369496947,Low,Leaning underpaid,41240250.0,0.0969926224986511,False,Rookie Scale,61.0,178,64.30678466076697,79.55112219451371,55.74614065180102
okogijo01,Josh Okogie,HOU,SG,27.0,78.0,1354.0,-2.3,1.1,-1.2,0.3,josh okogie,okogijo01,UTA,6000000.0,2.0,6000000.0,6000000.0,okogijo01,17.4,4.5,2.6,0.9,0.8,0.2,0.425,0.385,0.594,0.9,3.8,,0.556,0.347,0.667,0.333,0.245,0.167,0.02,0.02,0.548,17.3,4.8,2.3,0.8,1.2,0.0,0.44,0.385,1.0,6.0,104.0,-0.6,2018.0,20.0,8,Veteran,,,,,8.0,False,False,True,True,,,,False,72.618,1.9307592319054652,9.80712166172107,True,39.97361477572559,47.48010610079575,59.78260869565217,18.46965699208443,83.64116094986808,46.96569920844328,91.82058047493403,65.03957783641161,8.311345646437996,23.7467018469657,10.15831134564644,52.242744063324544,24.406332453825858,24.670184696569923,76.15176151761518,6.068601583113456,8.222811671087534,23.607427055702917,64.45623342175067,95.88859416445624,53.84615384615385,,2.3738872403560833,50.21692174259937,3,43.765586034912715,True,Guard,46.47058823529411,49.11242603550296,63.580246913580254,24.41176470588235,86.76470588235294,46.47058823529411,90.29411764705884,70.58823529411765,8.235294117647058,42.05882352941177,4.411764705882353,47.647058823529406,40.294117647058826,35.88235294117647,72.94117647058823,2.941176470588235,1.7751479289940828,34.319526627218934,66.27218934911244,96.7455621301775,52.071005917159766,,5.755395683453238,6.451335707686653,1.147406587964806,False,8154118.974611338,3996511.310941682,27612235.211642936,5762161.984101501,19151250.97978667,2154118.974611338,2.896171122132405,Medium,Fairly paid,49488300.0,0.1212407781233139,False,Mid-Level,83.0,147,64.0117994100295,48.6284289276808,40.308747855917666
ballla01,LaMelo Ball,CHO,PG,24.0,72.0,2017.0,4.8,-0.1,4.7,3.4,lamelo ball,ballla01,MIN,40770520.0,3.0,130746840.0,40770520.0,ballla01,28.0,20.1,4.8,7.1,1.2,0.2,0.407,0.368,0.899,2.5,17.3,,0.583,0.409,0.426,0.481,0.112,0.185,0.087,0.022,0.595,,,,,,,,,,,,,2020.0,3.0,6,Veteran,,,,,6.0,False,False,False,False,,,,False,139.5072,2.489964898363907,20.044510385756677,False,96.04221635883906,98.40848806366049,94.29347826086956,96.70184696569922,48.54881266490765,80.47493403693932,76.38522427440633,36.01583113456465,88.52242744063325,65.17150395778364,96.70184696569922,85.75197889182058,24.406332453825858,12.796833773087071,62.737127371273715,96.43799472295514,98.14323607427056,25.46419098143236,85.41114058355438,92.44031830238728,83.55437665782493,,10.385756676557865,96.27379146140854,3,89.9002493765586,True,Guard,96.47058823529412,98.81656804733728,95.06172839506172,96.17647058823528,56.47058823529411,78.82352941176471,78.23529411764706,38.82352941176471,89.70588235294117,91.47058823529412,94.41176470588236,79.70588235294119,40.294117647058826,19.705882352941178,60.0,93.23529411764706,95.85798816568048,36.3905325443787,88.16568047337277,94.67455621301777,84.02366863905326,,19.424460431654676,6.37354208484993,1.0708957108467356,False,43651647.70240608,25202035.93429875,69666456.58298205,36336244.81056686,48319152.16811292,2881127.7024060786,1.0186195250135406,High,Fairly paid,41240250.0,0.9886099138584272,True,Max,8.0,30,63.716814159292035,55.61097256857855,96.22641509433964
cartede02,Devin Carter,SAC,PG,23.0,38.0,700.0,-1.5,-1.2,-2.6,-0.1,devin carter,cartede02,ATL,5158080.0,2.0,5158080.0,5158080.0,cartede02,18.4,8.9,3.3,2.7,0.9,0.2,0.414,0.263,0.713,2.5,7.7,,0.7,0.479,0.167,0.0,0.205,0.329,0.062,0.014,0.39,,,,,,,,,,,,,2024.0,13.0,2,Rookie Scale,,,,,2.0,False,False,False,False,,,,False,59.983,3.08484,49.90356083086054,True,19.129287598944593,53.84615384615385,49.45652173913043,32.45382585751979,16.358839050131927,9.630606860158313,8.70712401055409,25.593667546174142,41.55672823218997,38.52242744063325,62.796833773087066,63.58839050131926,24.406332453825858,15.699208443271766,8.672086720867208,24.538258575197887,84.88063660477454,7.161803713527852,40.45092838196286,88.9920424403183,81.43236074270557,,50.14836795252226,43.52082524421775,3,37.406483790523694,True,Guard,26.47058823529412,56.213017751479285,55.55555555555556,39.411764705882355,21.470588235294116,10.882352941176473,9.117647058823527,27.35294117647059,45.0,62.35294117647059,49.411764705882355,57.35294117647059,40.294117647058826,24.11764705882353,5.88235294117647,12.941176470588236,68.04733727810651,11.83431952662722,41.42011834319527,90.8284023668639,81.06508875739645,,68.34532374100719,6.114341453694053,1.163456728195421,True,16137792.593371583,2353895.6675501033,28736768.388428092,3393842.0474287383,19931202.944509484,10979712.593371583,1.6348501548913486,Medium,Fairly paid,41240250.0,0.1250739265644607,False,Rookie Scale,55.0,178,63.421828908554566,95.01246882793018,81.13207547169812
horfoal01,Al Horford,GSW,C,39.0,45.0,969.0,0.3,1.3,1.6,0.9,al horford,horfoal01,GSW,6822000.0,2.0,13985100.0,6822000.0,horfoal01,21.5,8.3,4.9,2.6,0.7,1.1,0.426,0.361,0.846,0.6,7.2,,0.688,0.458,0.545,0.75,0.099,0.222,0.034,0.012,0.633,,,,,,,,,,,,,2007.0,3.0,19,Veteran,,,,,19.0,False,False,False,False,,,,False,32.076,1.1916780185758515,,True,75.72559366754618,64.72148541114059,27.98913043478261,61.47757255936675,87.0712401055409,24.538258575197887,14.907651715039576,99.73614775725594,36.147757255936675,66.88654353562006,59.76253298153035,41.42480211081794,92.0844327176781,25.46174142480211,56.233062330623305,80.07915567282322,34.350132625994696,30.76923076923077,84.48275862068965,29.973474801061005,36.206896551724135,,,53.697879359107745,3,47.63092269326683,True,Big,73.23943661971832,64.7887323943662,20.714285714285715,57.3943661971831,83.80281690140845,27.464788732394368,16.19718309859155,100.0,40.140845070422536,38.732394366197184,77.8169014084507,52.112676056338024,79.92957746478874,15.140845070422534,63.63636363636363,95.07042253521126,53.52112676056338,20.422535211267608,79.5774647887324,33.098591549295776,40.49295774647887,,,6.066956665840912,1.1273743258116338,False,6737364.491665439,2230537.148385275,33928271.54509125,3215983.982170531,23531917.597037353,-84635.50833456125,4.704767633682006,Low,Fairly paid,57736350.0,0.1181577983367497,False,Mid-Level,75.0,147,63.12684365781711,35.41147132169576,27.787307032590057
newelas01,Asa Newell,ATL,PF,20.0,44.0,500.0,-1.0,-0.5,-1.5,0.1,asa newell,newelas01,ATL,3399480.0,3.0,3399480.0,3399480.0,newelas01,11.4,5.2,2.2,0.6,0.4,0.3,0.538,0.387,0.552,0.7,3.8,,0.721,0.5,,,0.402,0.154,0.0,0.0,0.444,5.5,1.0,0.0,0.5,0.5,0.5,0.5,,,2.0,11.0,3.4,2025.0,23.0,1,Rookie Scale,,,,,1.0,False,False,True,True,,,,False,67.2144,4.8394368,71.6320474777448,True,34.96042216358839,24.40318302387268,42.934782608695656,42.34828496042216,36.93931398416886,0.2638522427440633,13.852242744063323,4.749340369393139,11.213720316622693,13.456464379947231,3.2981530343007917,8.839050131926122,40.89709762532981,86.6754617414248,78.31978319783198,3.6939313984168862,13.660477453580905,85.27851458885941,37.6657824933687,59.15119363395226,14.588859416445624,,81.15727002967358,33.991842653110226,3,27.93017456359102,True,Big,25.704225352112676,20.422535211267608,36.42857142857142,34.154929577464785,28.52112676056338,0.7042253521126761,15.140845070422534,2.112676056338028,10.915492957746478,1.4084507042253522,6.338028169014084,13.732394366197184,15.845070422535212,67.6056338028169,78.78787878787878,5.633802816901409,27.464788732394368,73.94366197183099,34.154929577464785,54.929577464788736,17.6056338028169,,64.07407407407408,6.061668089519205,1.217029366419393,True,9442109.739788711,1933226.438276481,19779609.870821983,2787321.997262636,13718710.927054914,6042629.739788713,1.8900843057713557,Medium,Fairly paid,41240250.0,0.0824311200829286,False,Rookie Scale,76.0,178,62.83185840707964,80.0498753117207,51.286449399656945
harrito02,Tobias Harris,DET,PF,33.0,63.0,1746.0,0.6,0.8,1.4,1.5,tobias harris,harrito02,SAS,15044000.0,2.0,30840200.0,15044000.0,harrito02,27.7,13.3,5.1,2.5,0.9,0.4,0.469,0.368,0.866,2.5,10.5,,0.635,0.508,0.496,0.3,0.158,0.284,0.175,0.046,0.338,34.6,18.1,7.2,1.6,1.5,0.8,0.425,0.292,0.825,14.0,485.0,2.1,2011.0,19.0,15,Veteran,,,,,15.0,False,False,True,False,,,,False,104.517,2.1549896907216493,21.891691394658753,False,73.61477572559367,84.3501326259947,71.73913043478261,65.96306068601582,77.04485488126649,67.54617414248021,48.284960422163586,93.2717678100264,66.2269129287599,70.71240105540898,56.99208443271768,63.58839050131926,55.67282321899736,56.068601583113455,62.737127371273715,86.2796833773087,51.591511936339515,49.07161803713528,96.41909814323608,90.84880636604774,64.05835543766578,,12.462908011869436,76.93716757918992,3,71.19700748129677,True,Big,69.71830985915493,85.91549295774648,63.57142857142857,61.97183098591549,70.4225352112676,68.30985915492957,47.88732394366197,92.25352112676056,70.4225352112676,44.71830985915493,75.35211267605634,74.29577464788733,26.76056338028169,31.338028169014088,67.8030303030303,97.88732394366195,77.11267605633803,36.61971830985916,95.07042253521126,86.97183098591549,66.90140845070422,,6.666666666666667,5.740160097893153,1.0806236146849442,False,17818101.07148123,3953272.558187331,48233864.754286416,5699820.4371930845,33453968.595955,2774101.0714812316,2.4851465382566724,Medium,Fairly paid,57736350.0,0.2605637522981622,False,Mid-Level,24.0,147,62.53687315634219,54.3640897755611,83.53344768439108
holmgch01,Chet Holmgren,OKC,PF,23.0,69.0,1997.0,2.4,1.9,4.2,3.1,chet holmgren,holmgch01,OKC,41500000.0,5.0,240700000.0,41500000.0,holmgch01,28.9,17.1,8.9,1.7,0.6,1.9,0.557,0.362,0.792,4.1,11.3,,0.81,0.475,0.486,0.5,0.344,0.208,0.095,0.041,0.312,30.6,14.9,8.2,1.1,1.1,1.5,0.568,0.357,0.827,15.0,459.0,3.1,2022.0,2.0,3,Rookie Scale,,,,,4.0,False,False,True,False,,,,False,268.2168,4.8351551326990485,89.36943620178042,False,94.1952506596306,97.87798408488064,96.46739130434784,89.44591029023746,94.85488126649076,79.41952506596306,67.01846965699208,25.593667546174142,81.79419525065963,95.3825857519789,37.33509234828496,28.49604221635884,99.34036939313984,89.70976253298153,57.3170731707317,56.068601583113455,40.716180371352785,92.04244031830238,98.14323607427056,41.51193633952255,89.78779840848806,,96.14243323442136,96.42832843586834,3,91.2718204488778,True,Big,93.30985915492955,97.1830985915493,95.71428571428572,91.54929577464787,92.25352112676056,83.80281690140845,68.66197183098592,23.591549295774648,84.85915492957746,88.38028169014085,51.40845070422535,39.08450704225352,98.23943661971832,73.23943661971832,65.15151515151516,76.40845070422534,64.43661971830986,81.33802816901408,97.1830985915493,43.66197183098591,89.08450704225352,,91.85185185185183,5.156507986990533,1.0564961667427104,True,42691501.329254374,14227828.069103172,69666456.58298205,20513653.94404485,48319152.16811292,1191501.329254374,1.298586997124168,Medium,Fairly paid,41240250.0,1.0062984584235062,True,Max,7.0,30,62.24188790560472,42.8927680798005,95.54030874785592
murrakr01,Kris Murray,POR,SF,25.0,57.0,1333.0,-2.3,0.8,-1.5,0.2,kris murray,murrakr01,MEM,5315004.0,1.0,5315004.0,5315004.0,murrakr01,23.4,5.8,3.6,1.4,0.9,0.4,0.467,0.279,0.684,1.0,4.8,,0.682,0.468,,,0.388,0.17,0.0,0.0,0.442,5.0,1.0,0.6,0.0,0.0,0.0,0.5,0.0,0.5,5.0,25.0,-10.9,2023.0,23.0,3,Rookie Scale,,,,,3.0,False,False,True,True,,,,False,106.1568,2.866950337584396,41.75074183976261,False,34.96042216358839,26.790450928381965,65.21739130434783,18.46965699208443,77.04485488126649,45.64643799472295,36.80738786279684,46.04221635883905,17.282321899736147,46.17414248021108,26.2532981530343,63.58839050131926,55.67282321899736,54.089709762532976,11.38211382113821,17.41424802110818,4.111405835543767,28.912466843501328,66.9761273209549,76.92307692307693,69.09814323607428,,36.20178041543027,43.243046378170774,3,38.15461346633416,True,Wing,37.3134328358209,27.27272727272727,71.21212121212122,15.671641791044776,83.5820895522388,29.850746268656714,32.08955223880597,48.507462686567166,15.671641791044776,37.3134328358209,26.119402985074625,58.2089552238806,60.44776119402984,53.73134328358209,4.477611940298507,13.432835820895525,4.545454545454546,23.484848484848484,75.75757575757575,84.0909090909091,72.72727272727273,,33.33333333333333,5.0884329118366125,1.1333635031141491,True,6176032.434632736,2079918.772842209,17423343.315196387,2998822.710717284,12084455.24886793,861028.4346327363,2.484349735003714,Low,Fairly paid,41240250.0,0.1288790441377052,False,Rookie Scale,57.0,178,61.94690265486725,40.14962593516209,21.78387650085763
jaqueja01,Jaime Jaquez Jr.,MIA,SF,24.0,75.0,2121.0,0.3,-0.1,0.1,1.1,jaime jaquez,jaqueja01,MIL,5939141.0,1.0,5939141.0,5939141.0,jaqueja01,28.3,15.4,5.0,4.7,0.7,0.3,0.507,0.317,0.769,2.9,12.2,,0.718,0.47,0.483,0.44,0.271,0.407,0.095,0.027,0.2,,,,,,,,,,,,,2023.0,18.0,3,Rookie Scale,,,,,3.0,False,False,False,False,,,,False,247.965,4.208741159830269,66.43175074183976,False,59.23482849604221,41.90981432360743,45.65217391304348,61.47757255936675,48.54881266490765,83.90501319261213,83.24538258575198,36.01583113456465,76.64907651715039,68.60158311345647,85.8839050131926,41.42480211081794,40.89709762532981,77.70448548812665,22.086720867208673,43.79947229551451,77.9840848806366,44.96021220159151,37.6657824933687,32.228116710875334,64.85411140583554,,75.07418397626114,47.64445271275464,3,42.643391521197,True,Wing,61.19402985074627,43.93939393939394,48.48484848484848,59.70149253731343,52.23880597014925,80.59701492537313,85.07462686567165,38.059701492537314,72.38805970149254,64.92537313432835,88.05970149253731,29.1044776119403,43.28358208955223,83.5820895522388,18.65671641791045,40.298507462686565,89.39393939393939,40.15151515151515,40.909090909090914,28.030303030303028,68.18181818181817,,80.95238095238095,5.001061191557639,1.1172763472406206,True,10524787.12614536,2911352.2793694865,29291954.043287124,4197581.8711138135,20316267.74404796,4585646.126145359,2.50652117213694,Low,Fairly paid,41240250.0,0.1440132152448154,False,Rookie Scale,50.0,178,61.6519174041298,71.3216957605985,59.348198970840485
whitede01,Derrick White,BOS,SG,31.0,77.0,2625.0,2.2,1.0,3.2,3.5,derrick white,whitede01,BOS,30348000.0,3.0,62944000.0,30348000.0,whitede01,34.1,16.5,4.4,5.4,1.1,1.3,0.394,0.327,0.902,2.6,14.4,,0.79,0.403,0.482,0.361,0.073,0.159,0.125,0.065,0.578,35.9,11.1,3.3,3.1,0.9,1.4,0.321,0.273,0.846,7.0,251.0,-1.6,2017.0,29.0,9,Veteran,,,,,9.0,False,False,True,False,,,,False,80.94239999999999,1.1100671999999998,50.51928783382789,True,91.55672823218998,92.04244031830238,88.04347826086956,87.73087071240106,81.13456464379946,97.62532981530345,88.39050131926122,87.20316622691293,79.55145118733509,61.21372031662269,90.10554089709764,79.94722955145119,94.9868073878628,6.728232189973616,29.81029810298103,97.4934036939314,88.85941644562334,15.517241379310343,97.48010610079577,79.57559681697613,95.22546419098144,,51.33531157270029,90.42140152523696,3,85.53615960099751,True,Guard,94.11764705882352,92.89940828402366,89.50617283950618,88.52941176470588,83.82352941176471,97.6470588235294,87.6470588235294,90.0,79.70588235294119,86.47058823529412,82.94117647058825,72.6470588235294,100.0,11.470588235294118,27.647058823529413,95.58823529411764,76.92307692307693,24.55621301775148,98.5207100591716,78.69822485207101,96.44970414201184,,71.22302158273382,4.885241924239466,1.057113178181342,False,24544090.339457277,22704785.924178865,61720668.184032224,24544090.339457277,42808124.65823567,-5803909.660542723,1.5896242932715707,High,Fairly paid,49488300.0,0.6132358557477222,False,Mid-Level,5.0,147,61.35693215339233,15.96009975062344,91.08061749571183
brunsja01,Jalen Brunson,NYK,PG,29.0,74.0,2590.0,4.0,-0.9,3.1,3.3,jalen brunson,brunsja01,NYK,37739521.0,3.0,78274562.0,37739521.0,brunsja01,35.0,26.0,3.3,6.8,0.8,0.1,0.467,0.369,0.841,5.7,19.9,,0.673,0.476,0.489,0.517,0.116,0.222,0.207,0.097,0.358,36.9,28.4,3.2,6.1,1.2,0.0,0.465,0.363,0.846,19.0,702.0,4.6,2018.0,33.0,8,Veteran,,,,,8.0,False,False,True,False,,,,False,170.8216,2.374354285714286,33.28635014836796,False,91.16094986807389,92.3076923076923,96.7391304347826,94.72295514511872,24.670184696569923,96.30606860158312,80.87071240105541,77.57255936675462,96.43799472295514,38.52242744063325,96.30606860158312,52.242744063324544,9.366754617414248,54.089709762532976,63.68563685636857,77.70448548812665,99.46949602122017,55.172413793103445,90.45092838196288,88.9920424403183,29.44297082228117,,24.92581602373887,93.68279599544655,3,89.02743142144638,True,Guard,93.52941176470588,93.49112426035504,96.91358024691358,94.11764705882352,27.941176470588236,95.88235294117648,81.47058823529412,82.35294117647058,95.88235294117648,62.35294117647059,93.52941176470588,47.647058823529406,16.76470588235294,74.41176470588235,60.588235294117645,67.94117647058823,98.81656804733728,67.45562130177515,93.19526627218934,90.8284023668639,27.2189349112426,,38.1294964028777,4.655364574000174,1.052291349976865,False,40135142.77535519,27150261.223161377,63797368.00744267,39145192.120490454,44248478.87885443,2395621.77535519,0.9130927224901836,High,Leaning underpaid,49488300.0,0.7625948153401915,False,Near-Max,4.0,17,61.06194690265486,51.87032418952619,95.02572898799316
poeltja01,Jakob Poeltl,TOR,C,30.0,46.0,1149.0,0.2,1.4,1.6,1.0,jakob poeltl,poeltja01,TOR,19500000.0,4.0,76284000.0,19500000.0,poeltja01,25.0,10.7,7.0,2.0,0.9,0.7,0.7,,0.602,2.1,6.7,,0.809,0.576,0.457,,0.59,0.297,0.113,0.0,0.0,19.1,7.0,6.0,1.4,0.9,0.9,0.645,,0.643,7.0,134.0,2.5,2016.0,9.0,10,Veteran,,,,,10.0,False,False,True,True,,,,False,181.838,5.697274151436031,93.53115727002968,False,75.72559366754618,70.82228116710876,93.47826086956522,59.63060686015831,88.78627968337732,34.300791556728235,15.963060686015831,82.58575197889182,53.43007915567283,88.39050131926122,45.64643799472295,63.58839050131926,79.15567282321899,98.68073878627968,,6.860158311345646,19.098143236074268,98.6737400530504,66.9761273209549,73.87267904509284,28.116710875331563,,99.10979228486649,80.54410168063927,3,76.30922693266832,True,Big,73.23943661971832,71.12676056338029,90.71428571428572,55.633802816901415,85.91549295774648,38.732394366197184,16.901408450704224,78.52112676056338,56.33802816901409,73.23943661971832,61.61971830985915,74.29577464788733,57.04225352112676,96.47887323943662,,11.971830985915492,36.61971830985916,96.47887323943662,60.91549295774647,71.83098591549296,30.985915492957744,,98.51851851851852,4.234874747970949,1.0554962344423644,False,13784626.513277285,13438072.18927068,52362677.605512336,13784626.513277285,36317624.16589795,-5715373.486722715,2.823769318577451,Medium,Fairly paid,57736350.0,0.3377421676292318,False,Mid-Level,15.0,147,60.766961651917406,16.209476309226932,75.30017152658662
merrisa01,Sam Merrill,CLE,SG,29.0,52.0,1377.0,1.0,-1.0,0.1,0.7,sam merrill,merrisa01,CLE,9160715.0,3.0,29517856.0,9160715.0,merrisa01,26.5,12.8,2.6,2.4,0.6,0.1,0.461,0.421,0.855,1.3,9.3,,0.86,0.481,0.458,0.267,0.089,0.056,0.05,0.031,0.775,19.9,7.8,1.2,1.1,0.5,0.0,0.427,0.372,0.84,17.0,338.0,-0.3,2020.0,60.0,6,Veteran,,,,,6.0,False,False,True,False,,,,False,43.0404,1.1252392156862745,55.84569732937686,True,59.23482849604221,60.47745358090185,58.69565217391305,73.61477572559367,21.108179419525065,48.68073878627968,25.065963060686013,77.57255936675462,64.90765171503958,23.7467018469657,54.74934036939314,28.49604221635884,9.366754617414248,50.79155672823219,93.76693766937667,82.71767810026385,26.790450928381965,91.24668435013264,68.83289124668434,66.3129973474801,77.71883289124668,,59.34718100890207,59.49862178206614,3,55.36159600997507,True,Guard,64.70588235294117,63.31360946745562,62.96296296296296,74.70588235294117,24.705882352941178,49.411764705882355,28.52941176470588,82.35294117647058,65.88235294117646,42.05882352941177,39.705882352941174,24.11764705882353,16.76470588235294,70.29411764705881,95.2941176470588,72.6470588235294,11.83431952662722,97.63313609467455,71.89349112426035,65.68047337278107,75.7396449704142,,78.41726618705036,4.1370257720910715,1.0747273574147982,False,8002463.025813826,4162920.970726661,25904996.32107429,6002091.097469712,17967146.896030787,-1158251.9741861736,2.716922937377336,Medium,Fairly paid,41240250.0,0.2221304429531828,False,Mid-Level,64.0,147,60.47197640117994,30.174563591022448,39.79416809605489
battlja01,Jamison Battle,TOR,SF,24.0,61.0,517.0,-1.6,-1.0,-2.6,-0.1,jamison battle,battlja01,TOR,2296271.0,1.0,,2296271.0,battlja01,8.5,3.1,1.5,0.4,0.1,0.0,0.51,0.412,0.643,0.2,2.4,,0.636,0.8,0.571,0.4,0.228,0.103,0.048,0.034,0.586,11.8,4.8,1.8,0.2,0.0,0.0,0.579,0.636,,6.0,71.0,0.4,,,2,Rookie Scale,,,,,2.0,True,False,True,True,,,,False,33.379200000000004,2.3242769825918765,,True,19.129287598944593,4.244031830238726,8.423913043478262,30.606860158311346,21.108179419525065,0.5277044854881267,44.45910290237467,36.01583113456465,1.0554089709762533,3.430079155672823,1.3192612137203166,0.2638522427440633,1.3192612137203166,78.7598944591029,91.05691056910568,10.29023746701847,2.3872679045092835,89.38992042440319,18.30238726790451,19.363395225464192,92.57294429708224,,,9.532801227380018,3,5.7356608478802995,True,Wing,15.671641791044776,3.0303030303030303,9.090909090909092,31.343283582089555,28.35820895522388,1.4925373134328357,41.7910447761194,38.059701492537314,1.4925373134328357,5.223880597014925,2.2388059701492535,1.4925373134328357,1.4925373134328357,87.31343283582089,91.04477611940298,8.955223880597014,3.0303030303030303,98.48484848484848,21.96969696969697,19.696969696969695,96.21212121212122,,,3.7971403794997185,1.662023170512777,True,6672296.527330189,2351346.124068476,24464115.596979417,3390166.1207557856,16967783.093442276,4376025.527330189,3.3141167186343568,Low,Underpaid,41240250.0,0.0556803365644,False,Rookie Scale,127.0,178,60.17699115044248,69.07730673316709,26.58662092624357
clarkjo01,Jordan Clarkson,NYK,SG,33.0,72.0,1279.0,-1.9,-1.4,-3.3,-0.4,jordan clarkson,clarkjo01,NYK,2449421.0,1.0,2449421.0,2449421.0,clarkjo01,17.8,8.6,1.8,1.3,0.4,0.1,0.451,0.327,0.83,1.3,7.3,,0.635,0.549,0.383,0.357,0.183,0.27,0.114,0.027,0.407,10.8,4.9,1.7,0.6,0.2,0.1,0.455,0.211,0.789,18.0,195.0,-4.4,2014.0,46.0,12,Veteran,,,,,12.0,False,False,True,False,,,,False,96.1848,2.7073125879593434,28.968842729970326,True,13.720316622691293,21.750663129973475,14.673913043478262,25.32981530343008,12.532981530343006,42.480211081794195,76.38522427440633,93.2717678100264,39.31398416886543,7.387862796833773,22.03166226912929,8.839050131926122,9.366754617414248,42.61213720316623,29.81029810298103,73.21899736147758,42.17506631299735,28.912466843501328,42.04244031830239,41.51193633952255,26.25994694960212,,19.287833827893177,17.089295220717226,3,13.591022443890274,True,Guard,20.588235294117645,24.85207100591716,20.98765432098765,31.470588235294116,17.352941176470587,42.94117647058823,78.23529411764706,95.88235294117648,42.35294117647059,13.529411764705882,13.23529411764706,5.294117647058823,16.76470588235294,60.29411764705882,27.647058823529413,60.29411764705882,22.7810650887574,40.23668639053255,43.49112426035503,39.64497041420118,24.55621301775148,,30.215827338129497,3.4982727768269513,1.257395850184882,False,4904761.385752714,1958535.5890477635,20791464.281694654,2823812.680030106,14420511.329271378,2455340.3857527142,3.839723731994901,Low,Leaning underpaid,57736350.0,0.0424242439987979,False,Minimum,17.0,29,59.882005899705014,52.36907730673317,13.7221269296741
jonesty01,Tyus Jones,DEN,PG,29.0,67.0,979.0,-2.9,0.5,-2.4,-0.1,tyus jones,jonesty01,DEN,2449421.0,1.0,2449421.0,2449421.0,jonesty01,14.6,3.0,1.1,2.4,0.6,0.0,0.349,0.292,0.778,0.1,3.3,,0.455,0.429,0.5,0.375,0.05,0.193,0.092,0.037,0.628,10.0,3.0,0.0,1.7,0.7,0.0,0.5,0.0,0.5,3.0,30.0,0.6,2015.0,24.0,11,Veteran,,,,,11.0,False,False,True,True,,,,False,11.055,0.4065168539325842,,True,22.823218997361476,7.6923076923076925,22.554347826086957,11.74142480211082,67.67810026385224,25.857519788918204,60.29023746701847,77.57255936675462,0.79155672823219,1.3192612137203166,54.74934036939314,28.49604221635884,1.3192612137203166,1.3192612137203166,13.008130081300814,48.54881266490765,87.0026525198939,0.5305039787798408,11.80371352785146,24.53580901856764,7.294429708222812,,,17.048300568738362,3,13.591022443890274,True,Guard,30.88235294117647,10.059171597633137,30.246913580246915,16.176470588235293,72.94117647058823,28.235294117647054,62.05882352941177,82.35294117647058,1.1764705882352942,2.941176470588235,39.705882352941174,24.11764705882353,2.3529411764705883,2.3529411764705883,10.0,32.05882352941177,72.7810650887574,1.183431952662722,12.42603550295858,22.7810650887574,8.875739644970414,,,3.457278124848088,1.2543795464337768,False,3182935.9372862377,1981151.2485668624,20451989.54379472,2856419.892518047,14185058.970670668,733514.9372862377,5.803082015837254,Low,Leaning underpaid,57736350.0,0.0424242439987979,False,Minimum,18.0,29,59.587020648967545,38.90274314214464,0.1715265866209262
dasiltr01,Tristan Da Silva,ORL,SF,24.0,77.0,1899.0,-0.7,0.1,-0.6,0.7,tristan da silva,dasiltr01,ORL,3991200.0,2.0,3991200.0,3991200.0,dasiltr01,24.7,9.9,3.7,1.6,0.9,0.3,0.45,0.374,0.884,1.2,8.1,,0.727,0.475,0.341,0.333,0.16,0.227,0.071,0.024,0.518,15.3,4.1,2.9,0.1,0.1,0.0,0.379,0.313,0.5,7.0,107.0,-5.1,2024.0,18.0,2,Rookie Scale,,,,,2.0,False,False,True,True,,,,False,99.792,1.8917914691943127,44.332344213649854,True,49.736147757255935,30.76923076923077,31.793478260869566,48.41688654353562,55.4089709762533,74.80211081794195,88.39050131926122,36.01583113456465,48.284960422163586,48.15303430079156,34.56464379947229,63.58839050131926,40.89709762532981,41.029023746701846,67.88617886178862,91.42480211081794,30.50397877984085,46.41909814323608,44.03183023872679,52.65251989389921,70.55702917771883,,39.7626112759644,35.89505282560161,3,32.66832917705736,True,Wing,54.47761194029851,31.818181818181817,33.33333333333333,45.52238805970149,60.44776119402984,68.65671641791045,88.80597014925374,38.059701492537314,38.059701492537314,41.04477611940299,37.3134328358209,58.2089552238806,43.28358208955223,37.3134328358209,68.65671641791045,91.04477611940298,29.545454545454547,44.696969696969695,49.24242424242424,59.84848484848485,76.51515151515152,,39.68253968253968,3.226723648544251,1.0987722277149805,True,13630274.769669378,3559330.2619624157,28536548.348587476,5131835.225435483,19792334.64193347,9639074.769669378,1.832480893356996,Medium,Leaning underpaid,41240250.0,0.0967792387291541,False,Rookie Scale,73.0,178,59.29203539823009,92.26932668329178,74.78559176672384
doncilu01,Luka Dončić,LAL,PG,26.0,64.0,2289.0,8.0,1.3,9.3,6.6,luka doncic,doncilu01,LAL,49800000.0,3.0,103584000.0,49800000.0,doncilu01,35.8,33.5,7.7,8.3,1.6,0.5,0.476,0.366,0.78,10.1,22.8,,0.829,0.595,0.509,0.402,0.076,0.198,0.186,0.063,0.476,,,,,,,,,,,,,2018.0,3.0,8,Veteran,,,,,8.0,False,False,False,False,,,,False,110.8992,1.7441551769331585,59.2433234421365,False,98.94459102902374,98.6737400530504,98.6413043478261,99.47229551451188,87.0712401055409,90.50131926121372,51.05540897097626,55.8047493403694,100.0,91.688654353562,99.2084432717678,97.36147757255937,66.75461741424802,62.00527704485488,60.97560975609756,50.131926121372025,98.40848806366049,79.70822281167109,95.88859416445624,41.51193633952255,75.72944297082228,,64.98516320474778,98.72928940758462,3,95.76059850374064,True,Guard,99.41176470588236,99.40828402366864,99.38271604938272,99.41176470588236,89.70588235294117,91.17647058823528,53.8235294117647,60.29411764705882,100.0,98.82352941176472,98.82352941176472,96.47058823529412,88.52941176470588,83.82352941176471,58.82352941176471,34.705882352941174,96.44970414201184,90.8284023668639,97.0414201183432,39.64497041420118,73.96449704142012,,84.17266187050359,2.9686909038439637,1.0310011732406623,False,46893027.906246915,30165544.42505809,71313454.61989035,43492621.38703622,49461474.49465684,-2906972.0937530845,0.877484607671297,High,Leaning overpaid,49488300.0,1.0062984584235062,True,Max,3.0,30,58.99705014749262,23.690773067331673,98.1132075471698
barnesc01,Scottie Barnes,TOR,PF,24.0,80.0,2681.0,1.9,2.3,4.2,4.2,scottie barnes,barnesc01,TOR,41754690.0,4.0,185576400.0,41754690.0,barnesc01,33.5,18.1,7.5,5.9,1.4,1.5,0.507,0.304,0.815,3.7,14.0,,0.723,0.446,0.483,0.429,0.302,0.249,0.181,0.069,0.199,39.0,24.1,6.1,8.6,1.1,1.7,0.509,0.381,0.796,7.0,273.0,8.1,2021.0,4.0,5,Veteran,,,,,5.0,False,False,True,False,,,,False,338.24,4.541827676240208,70.50445103857567,False,94.1952506596306,93.89920424403184,95.92391304347828,85.22427440633246,96.70184696569922,98.41688654353564,94.32717678100263,36.01583113456465,84.1688654353562,90.7651715039578,92.87598944591028,92.87598944591028,96.43799472295514,77.70448548812665,16.802168021680217,65.4353562005277,68.43501326259947,50.397877984084886,73.87267904509284,90.84880636604774,70.55702917771883,,79.82195845697329,94.73248164772394,3,91.89526184538651,True,Big,93.30985915492955,91.54929577464787,95.0,86.26760563380282,95.4225352112676,98.59154929577466,96.12676056338027,32.3943661971831,86.61971830985915,78.16901408450704,98.59154929577466,97.88732394366195,90.49295774647888,55.633802816901415,22.727272727272727,83.45070422535211,92.95774647887325,38.38028169014084,67.6056338028169,86.97183098591549,71.83098591549296,,62.96296296296296,2.8372198023374153,1.0308744949996556,False,41394583.97883809,15082405.786769496,63943448.2188287,21745782.381593764,44349796.96375394,-360106.0211619064,1.1803728346934987,High,Fairly paid,41240250.0,1.0124742211795514,True,Max,13.0,30,58.70206489675516,33.66583541147132,95.19725557461408
sheppre01,Reed Sheppard,HOU,SG,21.0,82.0,2147.0,1.2,1.5,2.7,2.5,reed sheppard,sheppre01,HOU,11108880.0,2.0,11108880.0,11108880.0,sheppre01,26.2,13.5,2.9,3.4,1.5,0.7,0.43,0.394,0.802,1.0,11.5,,0.643,0.47,0.412,0.484,0.074,0.124,0.126,0.068,0.609,32.0,12.2,1.0,4.7,2.2,0.8,0.307,0.296,0.75,6.0,192.0,-1.5,2024.0,3.0,2,Rookie Scale,,,,,2.0,False,False,True,False,,,,False,69.782,1.1700754541220308,13.160237388724038,True,87.73087071240106,56.233421750663126,57.065217391304344,76.91292875989446,90.50131926121372,84.96042216358839,97.75725593667546,9.630606860158313,67.54617414248021,29.287598944591032,73.87862796833772,95.77836411609498,79.15567282321899,27.176781002638524,83.06233062330624,60.554089709762536,83.0238726790451,38.3289124668435,8.355437665782492,5.437665782493369,29.44297082228117,,4.747774480712167,64.41970735633807,3,61.84538653366584,True,Guard,92.05882352941175,58.57988165680473,60.49382716049383,78.52941176470588,92.3529411764706,84.11764705882354,97.05882352941175,10.294117647058822,69.41176470588235,51.76470588235295,61.47058823529412,93.82352941176472,95.2941176470588,38.52941176470589,80.88235294117648,47.05882352941176,64.79289940828401,48.81656804733728,8.875739644970414,3.2544378698224854,27.2189349112426,,8.633093525179856,2.5743208226722274,1.0416251068504665,True,18638139.24956377,2760278.2085454417,30529526.287427995,3979763.579119376,21174621.168589555,7529259.249563768,1.48991525962188,Medium,Fairly paid,41240250.0,0.2693698510557041,False,Rookie Scale,24.0,178,58.4070796460177,87.03241895261846,84.73413379073756
adamsst01,Steven Adams,HOU,C,32.0,32.0,730.0,-0.1,-0.3,-0.5,0.3,steven adams,adamsst01,HOU,13000000.0,2.0,24869566.0,13000000.0,adamsst01,22.8,5.8,8.6,1.5,0.7,0.6,0.504,,0.58,2.5,4.3,,0.582,0.349,0.4,,0.655,0.309,0.036,0.0,0.0,,,,,,,,,,,,,2013.0,12.0,12,Veteran,,,,,13.0,False,False,False,False,,,,False,90.128,4.444668493150685,38.30860534124629,True,51.58311345646438,59.6816976127321,87.22826086956522,55.54089709762533,42.0844327176781,11.345646437994723,3.16622691292876,90.63324538258574,17.282321899736147,94.45910290237468,30.738786279683374,41.42480211081794,73.87862796833772,76.12137203166228,,5.540897097625329,12.3342175066313,12.86472148541114,92.44031830238728,98.6737400530504,89.78779840848806,,31.60237388724035,67.98701279497759,3,65.46134663341647,True,Big,43.309859154929576,57.74647887323944,83.57142857142857,49.647887323943664,32.3943661971831,11.267605633802818,3.873239436619718,89.08450704225352,18.661971830985916,85.91549295774648,43.66197183098591,52.112676056338024,48.59154929577465,53.52112676056338,,9.859154929577464,25.0,7.042253521126761,89.08450704225352,98.23943661971832,89.08450704225352,,17.40740740740741,2.5256661615611193,1.0385825573632763,False,10699034.338120252,4272834.766376692,46423293.34005746,6160564.587357991,32198195.301799215,-2300965.661879748,3.93965074245068,Low,Fairly paid,57736350.0,0.2251614450861545,False,Mid-Level,48.0,147,58.11209439528023,26.184538653366584,60.2058319039451
buzelma01,Matas Buzelis,CHI,PF,21.0,77.0,2248.0,-0.6,-0.4,-1.0,0.5,matas buzelis,buzelma01,CHI,5715360.0,2.0,5715360.0,5715360.0,buzelma01,29.2,16.3,5.8,2.1,0.7,1.5,0.463,0.349,0.786,3.1,12.5,,0.661,0.45,0.231,0.5,0.319,0.145,0.013,0.008,0.514,,,,,,,,,,,,,2024.0,11.0,2,Rookie Scale,,,,,2.0,False,False,False,False,,,,False,307.0375,4.916970640569396,53.20474777448071,False,43.403693931398415,53.315649867374006,35.05434782608695,49.6042216358839,40.105540897097626,88.12664907651715,88.39050131926122,9.630606860158313,78.62796833773086,81.39841688654353,48.15303430079156,41.42480211081794,96.43799472295514,51.97889182058047,46.20596205962059,52.37467018469657,57.02917771883289,58.48806366047745,16.180371352785148,3.050397877984085,8.222811671087534,,55.48961424332344,43.98967261789746,3,41.64588528678304,True,Big,33.80281690140845,50.0,29.28571428571429,41.901408450704224,30.985915492957744,89.43661971830986,89.7887323943662,7.394366197183098,82.04225352112677,59.859154929577464,64.43661971830986,52.112676056338024,90.49295774647888,29.929577464788732,52.65151515151515,73.59154929577466,85.2112676056338,44.36619718309859,14.788732394366196,5.633802816901409,8.80281690140845,,37.03703703703704,2.34378733111442,1.0562789652561009,True,12421426.730676768,3572986.921427087,29853288.01500552,5151525.369632425,20705596.88359283,6706066.730676768,2.115723230784342,Low,Fairly paid,41240250.0,0.1385869387309727,False,Rookie Scale,54.0,178,57.817109144542776,82.7930174563591,69.2967409948542
plowdda01,Daeqwon Plowden,SAC,SG,27.0,32.0,844.0,-2.1,-2.3,-4.4,-0.5,daeqwon plowden,plowdda01,SAC,2449421.0,2.0,5113822.0,2449421.0,plowdda01,26.4,10.8,3.0,1.3,0.7,0.2,0.43,0.333,0.857,1.5,8.7,,0.921,0.396,0.571,,0.136,0.172,0.025,0.0,0.667,,,,,,,,,,,,,,,2,Rookie Scale,,,,,2.0,True,False,False,False,,,,False,37.8624,1.614983886255924,,True,6.860158311345646,19.363395225464192,17.934782608695652,22.427440633245386,3.16622691292876,16.358839050131927,3.16622691292876,65.03957783641161,53.95778364116095,31.6622691292876,22.03166226912929,41.42480211081794,24.406332453825858,27.176781002638524,35.09485094850949,83.50923482849603,25.3315649867374,52.12201591511937,22.546419098143236,55.437665782493376,49.46949602122016,,,15.701856265646354,3,13.591022443890274,True,Guard,12.352941176470589,22.485207100591715,24.69135802469136,28.823529411764703,5.294117647058823,17.647058823529413,3.5294117647058822,70.58823529411765,54.41176470588235,53.8235294117647,13.23529411764706,37.94117647058823,40.294117647058826,38.52941176470589,34.705882352941174,74.41176470588235,10.650887573964498,63.31360946745562,24.2603550295858,55.62130177514793,48.5207100591716,,,2.1108338217560796,1.155310892206273,True,5405283.94490268,2209367.1073999163,18247124.956829477,3185461.0595820886,12655812.433483096,2955862.94490268,2.967051872372694,Low,Leaning underpaid,41240250.0,0.0593939415983171,False,Rookie Scale,113.0,178,57.52212389380531,55.86034912718204,16.466552315608922
leonaka01,Kawhi Leonard,LAC,SF,34.0,65.0,2085.0,7.4,0.6,8.0,5.3,kawhi leonard,leonaka01,LAC,50300000.0,1.0,50300000.0,50300000.0,leonaka01,32.1,27.9,6.4,3.6,1.9,0.4,0.505,0.387,0.892,6.4,19.4,,0.752,0.566,0.525,0.445,0.128,0.205,0.204,0.109,0.354,,,,,,,,,,,,,2011.0,15.0,14,Veteran,,,,,15.0,False,False,False,False,,,,False,161.40800000000002,2.7869007194244606,63.47181008902078,False,98.68073878627968,99.46949602122017,99.45652173913044,98.94459102902374,71.50395778364116,82.84960422163589,54.74934036939314,95.11873350923484,98.54881266490764,84.03693931398418,76.12137203166228,98.94459102902374,55.67282321899736,76.64907651715039,78.31978319783198,93.7994722955145,80.63660477453581,86.3395225464191,98.93899204244032,94.42970822281168,98.93899204244032,,69.73293768545994,99.2674413567014,3,97.2568578553616,True,Wing,100.0,100.0,100.0,100.0,77.61194029850746,79.1044776119403,50.0,91.7910447761194,98.50746268656717,91.04477611940298,79.1044776119403,98.50746268656717,60.44776119402984,82.08955223880598,83.5820895522388,94.77611940298507,93.93939393939394,92.42424242424242,100.0,95.45454545454544,100.0,,74.60317460317461,2.010583501339795,1.020672922667622,False,53060770.20468788,15697652.633543044,74400937.24895972,22632844.050007146,53060770.20468788,2760770.2046878785,1.1063406051017006,High,Fairly paid,57736350.0,0.8712015913718134,False,Near-Max,2.0,17,57.227138643067846,54.11471321695761,99.31389365351627
allengr01,Grayson Allen,PHO,SG,30.0,51.0,1467.0,1.9,0.2,2.1,1.5,grayson allen,allengr01,CHO,18125000.0,2.0,18125000.0,18125000.0,allengr01,28.8,16.5,3.0,3.8,1.4,0.3,0.403,0.349,0.857,3.3,13.1,,0.769,0.39,0.435,0.667,0.097,0.177,0.034,0.009,0.682,19.0,9.5,2.0,2.0,0.0,1.0,0.462,0.364,0.75,2.0,38.0,5.3,2018.0,21.0,8,Veteran,,,,,8.0,False,False,True,True,,,,False,64.8057,1.590323926380368,51.11275964391692,True,81.79419525065963,86.47214854111405,64.67391304347827,85.22427440633246,58.70712401055409,54.61741424802111,23.614775725593667,82.58575197889182,79.55145118733509,31.6622691292876,80.21108179419525,92.87598944591028,40.89709762532981,10.949868073878628,46.20596205962059,83.50923482849603,72.41379310344827,38.9920424403183,62.732095490716176,49.07161803713528,27.18832891246684,,53.11572700296736,77.12832190688704,3,75.56109725685786,True,Guard,83.82352941176471,86.3905325443787,69.75308641975309,85.88235294117646,65.29411764705883,56.47058823529411,26.176470588235297,87.05882352941177,79.70588235294119,53.8235294117647,70.0,89.41176470588236,61.47058823529412,17.647058823529413,43.23529411764706,74.41176470588235,48.5207100591716,50.0,65.08875739644971,47.928994082840234,25.44378698224852,,72.66187050359713,1.5672246500291749,1.020741157909627,False,18949343.077003896,5746930.23121922,40602653.17660654,8285912.468945907,28161124.786541957,824343.0770038962,1.8394158997356864,High,Fairly paid,49488300.0,0.3662481839141777,False,Mid-Level,21.0,147,56.932153392330385,39.40149625935162,85.24871355060034
huertke01,Kevin Huerter,DET,SF,27.0,69.0,1549.0,-1.1,0.5,-0.6,0.6,kevin huerter,huertke01,DET,8333333.0,3.0,27000000.0,8333333.0,huertke01,22.4,10.0,3.5,2.6,0.9,0.5,0.451,0.308,0.775,1.0,8.6,,0.808,0.467,0.556,0.25,0.21,0.18,0.045,0.02,0.545,9.2,1.2,1.0,1.4,0.4,0.0,0.286,0.4,,5.0,46.0,-0.6,2018.0,19.0,8,Veteran,,,,,8.0,False,False,True,True,,,,False,124.614,2.8961291155584243,72.53709198813057,False,49.736147757255935,61.53846153846154,51.90217391304349,40.23746701846966,67.67810026385224,58.970976253298154,67.01846965699208,65.03957783641161,49.20844327176781,43.66754617414248,59.76253298153035,63.58839050131926,66.75461741424802,42.61213720316623,18.69918699186992,46.96569920844328,43.236074270557026,31.29973474801061,81.6976127320955,52.65251989389921,47.08222811671088,,82.19584569732937,54.97427523362837,3,53.86533665835411,True,Wing,54.47761194029851,59.09090909090909,54.54545454545454,38.059701492537314,70.8955223880597,46.26865671641791,62.68656716417911,62.68656716417911,41.04477611940299,32.83582089552239,59.70149253731343,58.2089552238806,73.13432835820896,41.04477611940299,11.940298507462686,41.7910447761194,44.696969696969695,28.030303030303028,84.84848484848484,59.84848484848485,50.0,,85.71428571428571,1.1089385752742589,1.0205872392909712,False,10705227.291777004,5884219.998161584,27085764.33103497,8483856.579279238,18786102.12853312,2371894.2917770054,1.980485211104196,High,Leaning underpaid,49488300.0,0.1683899628801151,False,Mid-Level,74.0,147,56.63716814159292,51.6209476309227,60.37735849056604
achiupr01,Precious Achiuwa,SAC,C,26.0,73.0,1745.0,-0.5,-1.1,-1.6,0.2,precious achiuwa,achiupr01,SAC,5477000.0,2.0,11227850.0,5477000.0,achiupr01,23.9,10.1,6.7,1.4,0.9,0.7,0.528,0.278,0.554,1.9,8.2,,0.707,0.513,0.289,0.0,0.371,0.395,0.064,0.007,0.162,,,,,,,,,,,,,2020.0,20.0,6,Veteran,,,,,6.0,False,False,False,False,,,,False,222.0806,4.581605501432664,65.1112759643917,False,32.98153034300791,41.644562334217504,45.92391304347826,51.187335092348285,18.601583113456467,67.28232189973615,79.02374670184696,55.8047493403694,50.0,85.35620052770449,26.2532981530343,63.58839050131926,79.15567282321899,84.96042216358839,10.975609756097562,3.95778364116095,32.62599469496021,33.28912466843501,12.9973474801061,73.87267904509284,87.26790450928382,,72.70029673590504,41.08356085238789,3,40.02493765586035,True,Big,23.591549295774648,37.32394366197183,40.0,44.71830985915493,11.267605633802818,67.6056338028169,78.52112676056338,51.056338028169016,52.112676056338024,67.6056338028169,38.38028169014084,74.29577464788733,57.04225352112676,66.19718309859155,19.318181818181817,6.338028169014084,51.40845070422535,24.295774647887324,11.971830985915492,71.83098591549296,85.56338028169014,,54.81481481481482,1.0586231965275417,1.0264490904552988,False,9636909.271413837,4418145.519537292,27841488.557454433,6370073.339516603,19310256.157380573,4159909.271413835,2.4305866516143606,Medium,Leaning underpaid,41240250.0,0.1328071483562781,False,Mid-Level,104.0,147,56.342182890855455,66.83291770573567,53.687821612349914
barneha02,Harrison Barnes,SAS,PF,33.0,77.0,1986.0,-0.2,0.1,-0.1,1.0,harrison barnes,barneha02,SAS,8000000.0,1.0,8000000.0,8000000.0,barneha02,25.8,9.9,2.8,1.9,0.6,0.2,0.456,0.388,0.829,1.6,7.5,,0.769,0.467,0.323,0.2,0.158,0.157,0.054,0.009,0.623,9.2,2.3,1.3,0.3,0.1,0.1,0.333,0.231,0.824,20.0,183.0,-2.8,2012.0,7.0,14,Veteran,,,,,14.0,False,False,True,False,,,,False,91.245,1.6539879154078552,51.646884272997035,True,56.068601583113455,36.87002652519894,66.84782608695652,54.485488126649074,55.4089709762533,78.3641160949868,88.39050131926122,93.2717678100264,48.284960422163586,27.440633245382585,42.87598944591029,28.49604221635884,24.406332453825858,46.96569920844328,79.26829268292683,72.42744063324538,25.3315649867374,70.82228116710876,29.84084880636605,41.51193633952255,33.687002652519894,,54.00593471810089,52.91134512533666,3,51.87032418952619,True,Big,46.83098591549296,33.80281690140845,59.285714285714285,47.88732394366197,45.774647887323944,83.09859154929578,89.7887323943662,92.25352112676056,50.0,7.042253521126761,58.098591549295776,39.08450704225352,5.985915492957746,25.704225352112676,80.3030303030303,90.84507042253522,45.774647887323944,58.45070422535211,24.295774647887324,43.66197183098591,37.32394366197183,,34.81481481481482,1.0410209358104725,1.020069682464423,False,11143441.734983178,3833629.009958383,33963169.53676949,5527318.609571479,23556122.09161014,3143441.734983178,2.70379127412888,Medium,Fairly paid,57736350.0,0.1385608892837874,False,Mid-Level,81.0,147,56.04719764011799,57.107231920199496,62.264150943396224
duranke01,Kevin Durant,HOU,SF,37.0,78.0,2840.0,4.4,0.1,4.5,4.7,kevin durant,duranke01,HOU,43902439.0,2.0,43902439.0,43902439.0,duranke01,36.4,26.0,5.5,4.8,0.8,0.9,0.52,0.413,0.874,6.0,17.6,,0.82,0.61,0.533,0.512,0.065,0.145,0.307,0.156,0.327,41.0,23.0,6.0,4.0,1.0,1.0,0.583,0.25,0.889,1.0,41.0,-1.7,2007.0,2.0,18,Veteran,,,,,19.0,False,False,True,True,,,,False,89.23200000000001,1.1311098591549298,54.42878338278933,True,95.51451187335093,91.77718832891246,96.19565217391305,95.3825857519789,55.4089709762533,99.73614775725594,91.82058047493403,98.54881266490764,96.43799472295514,76.38522427440633,86.54353562005277,52.242744063324544,87.33509234828496,83.90501319261213,91.869918699187,88.65435356200527,73.47480106100795,88.72679045092838,81.6976127320955,5.437665782493369,38.3289124668435,,57.27002967359051,94.36844315689729,3,93.51620947630924,True,Wing,97.01492537313432,93.93939393939394,98.48484848484848,97.01492537313432,60.44776119402984,100.0,92.53731343283582,97.76119402985076,97.01492537313432,77.61194029850746,90.29850746268656,43.28358208955223,93.28358208955224,94.02985074626866,93.28358208955224,88.05970149253731,84.84848484848484,96.96969696969695,84.84848484848484,7.575757575757576,39.39393939393939,,60.31746031746032,0.852233680588057,1.0091132188244216,False,44284407.90137355,16794822.746887814,72422193.17167398,24214741.716579225,50230471.64803544,381968.9013735503,1.25613896766272,High,Fairly paid,57736350.0,0.7603951236959039,False,Near-Max,3.0,17,55.75221238938053,37.1571072319202,96.91252144082333
mccontj01,T.J. McConnell,IND,PG,33.0,56.0,963.0,2.1,0.4,2.5,1.1,tj mcconnell,mccontj01,IND,11000000.0,3.0,22800000.0,11000000.0,mccontj01,17.2,9.4,2.2,5.1,1.0,0.2,0.538,0.32,0.862,0.5,8.0,,0.723,0.52,0.545,0.537,0.144,0.278,0.318,0.149,0.111,,,,,,,,,,,,,,,11,Veteran,,,,,11.0,True,False,False,False,,,,False,64.512,2.411663551401869,50.741839762611285,True,85.62005277044855,62.59946949602122,46.46739130434783,86.80738786279683,63.98416886543535,24.142480211081793,33.773087071240106,93.2717678100264,45.91029023746702,13.456464379947231,87.99472295514512,73.21899736147758,24.406332453825858,86.6754617414248,24.796747967479675,84.96042216358839,100.0,40.9814323607427,55.03978779840849,59.15119363395226,73.74005305039788,,51.632047477744806,62.305085992750534,3,61.471321695760594,True,Guard,89.70588235294117,64.49704142011834,51.23456790123457,87.6470588235294,70.29411764705881,26.47058823529412,37.05882352941177,95.88235294117648,50.294117647058826,25.294117647058822,80.0,65.88235294117646,40.294117647058826,98.23529411764706,22.35294117647059,76.47058823529412,100.0,52.66272189349112,57.98816568047337,59.46745562130178,71.59763313609467,,71.94244604316546,0.8337642969899406,1.013563467873954,False,7731879.907570907,2853451.659941841,31534206.417057183,4114100.874273273,21871445.644024197,-3268120.092429093,3.7094154461752185,Low,Fairly paid,57736350.0,0.1905212227652077,False,Mid-Level,58.0,147,55.45722713864307,22.194513715710723,37.22126929674099
cunnica01,Cade Cunningham,DET,PG,24.0,64.0,2172.0,4.8,1.5,6.3,4.6,cade cunningham,cunnica01,DET,50105628.0,4.0,222691680.0,50105628.0,cunnica01,33.9,23.9,5.5,9.9,1.4,0.8,0.461,0.342,0.812,6.0,18.6,,0.638,0.468,0.458,0.506,0.179,0.3,0.14,0.073,0.308,40.9,28.1,5.1,7.5,1.1,0.6,0.432,0.402,0.861,14.0,572.0,3.4,2021.0,1.0,5,Veteran,,,,,5.0,False,False,True,False,,,,False,213.0816,3.531739226519337,38.24925816023739,False,98.41688654353564,95.49071618037136,98.09782608695652,96.70184696569922,90.50131926121372,85.22427440633246,51.05540897097626,36.01583113456465,94.72295514511872,76.38522427440633,99.73614775725594,92.87598944591028,83.90501319261213,50.79155672823219,41.46341463414634,64.37994722955145,98.93899204244032,36.737400530503976,88.46153846153845,90.84880636604774,87.26790450928382,,31.15727002967359,97.19992498613186,3,96.63341645885288,True,Guard,98.82352941176472,97.0414201183432,98.14814814814817,96.17647058823528,92.3529411764706,84.70588235294117,53.8235294117647,38.82352941176471,94.70588235294116,96.47058823529412,100.0,89.41176470588236,97.94117647058825,70.29411764705881,40.588235294117645,51.76470588235295,97.63313609467455,46.44970414201183,90.8284023668639,93.19526627218934,88.75739644970415,,49.64028776978417,0.5665085272789838,1.0058624495339064,False,46925414.57102091,13685649.991945889,61412065.49250831,19731942.680960037,46925414.57102091,-3180213.4289790913,1.0170696612243928,High,Leaning overpaid,41240250.0,1.214969065415462,True,Max,4.0,30,55.16224188790561,22.693266832917704,98.28473413379074
konchjo01,John Konchar,UTA,SG,29.0,56.0,1115.0,-1.3,2.2,0.9,0.8,john konchar,konchjo01,UTA,6165000.0,1.0,6165000.0,6165000.0,konchjo01,19.9,4.4,4.3,2.1,1.5,0.7,0.472,0.283,0.727,0.8,3.6,,0.724,0.606,0.571,0.0,0.291,0.166,0.035,0.01,0.497,,,,,,,,,,,,,,,7,Veteran,,,,,7.0,True,False,False,False,,,,False,58.6656,1.8941359641255604,43.40504451038576,True,68.60158311345647,28.381962864721483,48.91304347826087,36.675461741424805,96.30606860158312,31.6622691292876,33.773087071240106,77.57255936675462,6.860158311345646,60.02638522427441,48.15303430079156,95.77836411609498,79.15567282321899,58.970976253298154,11.924119241192413,28.759894459102902,20.689655172413794,40.9814323607427,29.84084880636605,86.60477453580901,55.96816976127321,,37.68545994065282,46.1360231569825,3,45.6359102244389,True,Guard,70.88235294117648,32.544378698224854,54.32098765432099,45.0,97.05882352941175,34.11764705882353,37.05882352941177,82.35294117647058,5.88235294117647,84.41176470588235,33.52941176470588,93.82352941176472,95.2941176470588,80.58823529411765,8.823529411764707,15.294117647058824,8.875739644970414,52.66272189349112,33.43195266272189,87.27810650887574,54.142011834319526,,56.11510791366906,0.5001129325436011,1.010958758795081,False,5986972.317632487,2851736.910953951,23687124.305064227,4111628.552625328,16428878.686518217,-178027.68236751296,3.4801208839311135,Low,Fairly paid,49488300.0,0.1245748995217051,False,Mid-Level,92.0,147,54.86725663716814,34.91271820448878,20.754716981132077
mitchdo01,Donovan Mitchell,CLE,SG,29.0,70.0,2342.0,5.2,-0.2,5.1,4.2,donovan mitchell,mitchdo01,CLE,50105628.0,5.0,247460184.0,50105628.0,mitchdo01,33.5,27.9,4.5,5.7,1.5,0.3,0.483,0.364,0.865,6.1,20.0,,0.664,0.565,0.541,0.426,0.189,0.192,0.113,0.067,0.439,36.2,26.0,4.8,3.1,1.2,0.3,0.451,0.327,0.815,18.0,652.0,2.0,2017.0,13.0,9,Veteran,,,,,9.0,False,False,True,False,,,,False,264.6,4.06729291204099,48.33827893175075,False,97.0976253298153,95.75596816976127,98.36956521739133,97.8891820580475,44.72295514511873,92.0844327176781,70.97625329815304,77.57255936675462,98.54881266490764,62.13720316622692,92.34828496042216,95.77836411609498,40.89709762532981,67.01846965699208,60.16260162601627,86.01583113456465,89.25729442970822,75.59681697612733,96.41909814323608,94.42970822281168,86.07427055702918,,48.21958456973294,97.07148135263606,3,96.63341645885288,True,Guard,97.05882352941175,97.63313609467455,98.76543209876544,97.6470588235294,52.94117647058824,92.3529411764706,72.35294117647058,82.35294117647058,97.6470588235294,87.6470588235294,87.05882352941177,93.82352941176472,61.47058823529412,86.76470588235294,57.35294117647059,77.64705882352942,77.81065088757396,86.68639053254438,97.63313609467455,95.85798816568048,87.27810650887574,,66.18705035971223,0.4380648937831779,1.0045332650943757,False,47967628.86157148,30862997.736678846,61829975.63597439,42883937.95006286,47967628.86157148,-2137999.1384285167,0.6455807517328475,High,Leaning overpaid,49488300.0,1.0124742211795514,True,Max,5.0,30,54.572271386430685,27.18204488778055,98.45626072041166
willigr01,Grant Williams,CHO,PF,27.0,36.0,711.0,0.6,1.0,1.6,0.7,grant williams,willigr01,CHO,14265750.0,1.0,14265750.0,14265750.0,willigr01,19.8,7.0,3.9,1.6,0.5,0.5,0.426,0.388,0.815,1.5,5.1,,0.818,0.381,0.462,0.75,0.06,0.115,0.071,0.022,0.732,,,,,,,,,,,,,2019.0,22.0,7,Veteran,,,,,7.0,False,False,False,False,,,,False,11.016,0.5577721518987342,,True,75.72559366754618,53.58090185676393,79.8913043478261,65.96306068601582,81.13456464379946,10.29023746701847,5.936675461741425,65.03957783641161,26.385224274406333,51.97889182058047,34.56464379947229,16.75461741424802,66.75461741424802,25.46174142480211,79.26829268292683,65.4353562005277,19.76127320954907,78.11671087533156,49.20424403183024,38.196286472148536,98.40848806366049,,,68.9834757436078,3,68.5785536159601,True,Big,73.23943661971832,50.70422535211267,72.85714285714285,61.97183098591549,76.05633802816901,10.56338028169014,5.985915492957746,60.2112676056338,29.929577464788732,24.295774647887324,48.23943661971831,25.704225352112676,38.38028169014084,15.140845070422534,80.3030303030303,83.45070422535211,38.028169014084504,63.38028169014085,41.901408450704224,40.140845070422536,97.1830985915493,,,0.4049221276476942,1.0059045008431535,False,9318677.587817268,3936604.960856643,35406842.327889346,5675789.128826145,24557422.411685824,-4947072.412182733,3.377114088395459,Low,Fairly paid,49488300.0,0.2882651050854444,False,Mid-Level,45.0,147,54.27728613569322,17.70573566084788,50.08576329331046
maxeyty01,Tyrese Maxey,PHI,PG,25.0,70.0,2661.0,5.0,0.5,5.4,4.9,tyrese maxey,maxeyty01,PHI,40770520.0,3.0,130746840.0,40770520.0,maxeyty01,38.0,28.3,4.1,6.6,1.9,0.8,0.462,0.367,0.892,6.0,21.4,,0.675,0.431,0.418,0.45,0.232,0.203,0.094,0.073,0.399,39.7,23.7,4.0,5.9,0.8,0.4,0.455,0.351,0.896,11.0,437.0,2.8,2020.0,21.0,6,Veteran,,,,,6.0,False,False,True,False,,,,False,347.536,4.701727170236753,55.5192878338279,False,97.75725593667546,85.41114058355438,90.21739130434784,97.22955145118732,67.67810026385224,98.15303430079156,70.97625329815304,46.04221635883905,98.94459102902374,56.72823218997362,95.11873350923484,98.94459102902374,83.90501319261213,51.31926121372031,61.65311653116531,93.7994722955145,96.28647214854112,58.48806366047745,84.48275862068965,66.3129973474801,71.48541114058355,,58.753709198813056,90.3000134421322,3,89.9002493765586,True,Guard,97.94117647058825,84.61538461538461,91.35802469135804,97.05882352941175,72.94117647058823,98.82352941176472,72.35294117647058,49.11764705882353,98.23529411764706,82.05882352941177,92.05882352941175,98.52941176470588,97.94117647058825,71.17647058823529,59.411764705882355,89.11764705882354,91.71597633136096,70.71005917159763,87.27810650887574,65.68047337278107,68.34319526627219,,76.97841726618705,0.3997640655735921,1.004446751464494,False,41792723.63031507,22106804.70742851,61694285.32865292,31873546.642130267,42789826.07860009,1022203.6303150728,0.9472338048939444,High,Fairly paid,41240250.0,0.9886099138584272,True,Max,18.0,30,53.98230088495575,41.39650872817955,95.368782161235
jokicni01,Nikola Jokić,DEN,C,30.0,65.0,2265.0,10.1,4.1,14.2,9.2,nikola jokic,jokicni01,DEN,59033114.0,2.0,59033114.0,59033114.0,jokicni01,34.8,27.7,12.9,10.7,1.4,0.8,0.569,0.38,0.831,7.4,17.4,,0.755,0.589,0.597,0.533,0.216,0.374,0.11,0.04,0.261,39.5,25.8,13.2,9.5,1.0,0.8,0.446,0.194,0.93,6.0,237.0,8.0,2014.0,41.0,11,Veteran,,,,,12.0,False,False,True,False,,,,False,244.296,3.882850331125827,75.18545994065283,False,100.0,99.73474801061008,100.0,100.0,99.73614775725594,88.91820580474933,54.74934036939314,82.58575197889182,98.15303430079156,100.0,100.0,92.87598944591028,83.90501319261213,89.9736147757256,71.95121951219512,73.7467018469657,79.57559681697613,94.9602122015915,99.73474801061008,94.42970822281168,99.46949602122017,,85.45994065281899,99.9005305039788,3,99.75062344139651,True,Big,100.0,99.29577464788731,100.0,100.0,99.29577464788731,90.14084507042254,54.5774647887324,78.52112676056338,100.0,100.0,100.0,97.88732394366195,65.14084507042254,73.94366197183099,74.24242424242425,91.54929577464787,97.88732394366195,87.32394366197182,100.0,92.95774647887325,98.59154929577466,,71.85185185185186,0.1499070625822725,1.0015028183023873,False,54420466.603598654,30862997.736678846,76393910.12457007,44498208.17141605,54420466.603598654,-4612647.396401346,0.8366505329610755,High,Leaning overpaid,57736350.0,1.0224600966289,True,Max,1.0,30,53.687315634218294,19.70074812967581,99.65694682675816
okongon01,Onyeka Okongwu,ATL,C,25.0,74.0,2297.0,-0.1,0.8,0.7,1.6,onyeka okongwu,okongon01,ATL,16120000.0,2.0,33000000.0,16120000.0,okongon01,31.0,15.2,7.6,3.1,1.1,1.1,0.48,0.376,0.757,2.7,11.6,,0.687,0.47,0.538,0.25,0.23,0.274,0.045,0.005,0.445,33.2,12.5,6.7,2.3,1.2,0.8,0.583,0.455,0.75,6.0,199.0,2.9,2020.0,6.0,6,Veteran,,,,,6.0,False,False,True,False,,,,False,197.432,3.094276012189813,45.79376854599407,False,66.2269129287599,63.660477453580896,85.86956521739131,55.54089709762533,77.04485488126649,90.7651715039578,80.87071240105541,46.04221635883905,75.72559366754618,91.2928759894459,68.99736147757255,79.94722955145119,92.0844327176781,65.17150395778364,69.78319783197831,38.91820580474934,21.485411140583555,62.46684350132627,56.76392572944297,70.82228116710876,30.106100795755967,,42.13649851632047,72.63049423380455,3,72.56857855361596,True,Big,60.91549295774647,62.676056338028175,81.42857142857143,49.647887323943664,70.4225352112676,91.54929577464787,80.98591549295774,41.901408450704224,78.16901408450704,79.5774647887324,84.15492957746478,90.49295774647888,79.92957746478874,40.140845070422536,73.48484848484848,60.2112676056338,40.845070422535215,48.943661971830984,49.647887323943664,67.95774647887323,33.45070422535211,,22.96296296296296,0.0619156801885907,1.000853202328372,False,17259217.772142205,9597841.769438304,39209061.405868016,13838148.993064612,27194559.5823774,1139217.7721422054,1.715675648071644,High,Fairly paid,41240250.0,0.3908802686695643,False,Mid-Level,34.0,147,53.392330383480825,42.39401496259352,83.01886792452831
nancepe01,Pete Nance,MIL,PF,25.0,47.0,737.0,-1.0,-1.2,-2.3,-0.1,pete nance,nancepe01,MIL,2537526.0,2.0,2537526.0,2537526.0,nancepe01,15.7,5.4,2.7,1.0,0.3,0.3,0.515,0.42,0.364,0.2,4.1,,0.878,0.467,0.0,0.0,0.211,0.155,0.015,0.005,0.613,,,,,,,,,,,,,,,3,Rookie Scale,,,,,3.0,True,False,False,False,,,,False,40.659699999999994,1.9860911804613297,63.64985163204748,True,25.065963060686013,5.305039787798409,25.543478260869566,42.34828496042216,16.358839050131927,11.87335092348285,17.018469656992085,46.04221635883905,12.401055408970976,25.593667546174142,13.060686015831136,3.825857519788918,40.89709762532981,81.13456464379946,93.36043360433604,0.2638522427440633,29.310344827586203,88.72679045092838,39.12466843501326,19.363395225464192,71.48541114058355,,70.62314540059347,17.834685033421994,3,18.07980049875312,True,Big,16.549295774647888,4.929577464788732,19.28571428571429,34.154929577464785,8.098591549295776,12.676056338028168,18.661971830985916,41.901408450704224,12.676056338028168,6.338028169014084,23.239436619718308,4.929577464788732,15.845070422535212,61.267605633802816,90.9090909090909,0.7042253521126761,49.647887323943664,77.46478873239437,36.267605633802816,21.830985915492956,72.88732394366197,,51.85185185185185,-0.2451154653311249,0.9864425790899612,True,3737101.2645229655,2004607.60563033,18432938.611457217,2890239.221037544,12784688.777899625,1199575.2645229655,4.396009057015459,Low,Leaning underpaid,41240250.0,0.061530325349628,False,Rookie Scale,106.0,178,53.09734513274337,43.14214463840399,1.37221269296741
antetgi01,Giannis Antetokounmpo,MIL,PF,31.0,36.0,1039.0,7.7,1.8,9.5,3.0,giannis antetokounmpo,antetgi01,MIA,58456566.0,2.0,58456566.0,58456566.0,antetgi01,28.9,27.6,9.8,5.4,0.9,0.7,0.624,0.333,0.65,9.9,16.6,,0.8,0.427,0.289,0.259,0.61,0.161,0.064,0.09,0.075,,,,,,,,,,,,,2013.0,15.0,13,Veteran,,,,,13.0,False,False,False,False,,,,False,364.536,12.63069874879692,95.7566765578635,False,99.2084432717678,98.93899204244032,98.91304347826086,99.2084432717678,93.93139841688657,29.023746701846964,5.936675461741425,87.20316622691293,97.8891820580475,96.56992084432716,90.10554089709764,63.58839050131926,79.15567282321899,94.72295514511872,35.09485094850949,12.401055408970976,90.84880636604774,92.83819628647215,99.20424403183024,70.82228116710876,99.20424403183024,,100.0,98.9966241382049,3,99.25187032418953,True,Big,98.59154929577466,98.59154929577466,98.57142857142858,99.29577464788731,91.19718309859157,32.3943661971831,5.985915492957746,84.85915492957746,99.29577464788731,91.54929577464787,97.1830985915493,74.29577464788733,57.04225352112676,85.91549295774648,40.15151515151515,21.47887323943662,100.0,83.09859154929578,98.59154929577466,67.95774647887323,97.88732394366195,,100.0,-0.2552461859846318,0.9974282984778936,False,49316578.87730206,16227906.539850118,75195225.38044968,23397363.06750093,52153786.99712776,-9139987.122697942,1.195689566936673,High,Leaning overpaid,57736350.0,1.0124742211795514,True,Max,2.0,30,52.8023598820059,8.977556109725686,98.6277873070326
daniedy01,Dyson Daniels,ATL,SG,22.0,76.0,2520.0,-0.6,1.8,1.3,2.1,dyson daniels,daniedy01,ATL,25000000.0,4.0,100000000.0,25000000.0,daniedy01,33.2,11.9,6.8,5.9,2.0,0.4,0.517,0.188,0.615,1.6,10.2,,0.711,0.434,0.568,0.0,0.409,0.382,0.057,0.001,0.151,27.7,7.3,6.2,5.0,1.8,0.3,0.439,0.286,0.667,6.0,166.0,2.7,2022.0,8.0,4,Rookie Scale,,,,,4.0,False,False,True,False,,,,False,317.05679999999995,4.529382857142857,65.55637982195844,False,72.42744063324538,94.6949602122016,75.27173913043478,49.6042216358839,93.93139841688657,95.25065963060686,85.35620052770449,16.62269129287599,59.49868073878628,86.2796833773087,92.87598944591028,99.6042216358839,55.67282321899736,82.18997361477572,3.794037940379403,8.575197889182059,71.88328912466844,25.46419098143236,94.9602122015915,95.88859416445624,94.42970822281168,,73.88724035608308,81.8443724118,3,82.66832917705736,True,Guard,75.0,96.44970414201184,79.62962962962963,57.05882352941176,95.2941176470588,94.70588235294116,85.29411764705883,17.352941176470587,58.82352941176471,98.23529411764706,87.94117647058823,99.41176470588236,78.52941176470588,95.58823529411764,0.5882352941176471,4.411764705882353,47.33727810650888,36.3905325443787,95.85798816568048,96.7455621301775,95.26627218934912,,89.20863309352518,-0.823956765257364,0.9900329815122714,True,7708317.740633689,4980665.477225096,47695043.7620996,7181113.485108811,33080253.973598156,-17291682.25936631,5.541335959688012,Low,Fairly paid,41240250.0,0.60620389061657,False,Rookie Scale,10.0,178,52.50737463126843,3.7406483790523697,36.87821612349914
wagnefr01,Franz Wagner,ORL,SF,24.0,34.0,1019.0,2.6,-0.2,2.5,1.2,franz wagner,wagnefr01,ORL,41754690.0,4.0,185576400.0,41754690.0,wagnefr01,30.0,20.6,5.2,3.3,0.9,0.3,0.481,0.345,0.823,5.8,14.9,,0.687,0.457,0.421,0.417,0.258,0.345,0.075,0.047,0.274,30.5,16.8,5.5,3.5,2.8,0.3,0.439,0.333,0.933,4.0,122.0,7.2,2021.0,8.0,5,Veteran,,,,,5.0,False,False,True,True,,,,False,130.7028,4.617567026496565,59.013353115727,False,85.62005277044855,96.28647214854112,88.58695652173914,90.36939313984168,44.72295514511873,27.96833773087071,4.485488126649076,36.01583113456465,90.50131926121372,72.42744063324538,72.0316622691293,63.58839050131926,40.89709762532981,65.96306068601582,43.49593495934959,68.20580474934037,65.91511936339522,55.96816976127321,97.48010610079577,96.55172413793105,77.18832891246684,,63.798219584569736,90.73254894396725,3,91.89526184538651,True,Wing,82.08955223880598,96.96969696969695,92.42424242424242,85.07462686567165,46.26865671641791,16.417910447761194,2.9850746268656714,38.059701492537314,85.07462686567165,68.65671641791045,73.88059701492537,58.2089552238806,43.28358208955223,70.1492537313433,39.55223880597015,62.68656716417911,78.78787878787878,56.060606060606055,98.48484848484848,97.72727272727272,83.33333333333334,,68.25396825396825,-1.1627129014192974,0.9873474118461564,False,32696329.930043012,8978410.10915252,60769769.04135841,12945053.66893137,42148601.515750945,-9058360.069956988,1.584011387303057,High,Fairly paid,41240250.0,1.0124742211795514,True,Max,17.0,30,52.21238938053098,9.226932668329177,93.65351629502572
simonan01,Anfernee Simons,CHI,SG,26.0,55.0,1372.0,1.2,-1.3,-0.1,0.7,anfernee simons,simonan01,PHI,6000000.0,2.0,6000000.0,6000000.0,simonan01,24.9,14.3,2.5,2.4,0.5,0.1,0.44,0.385,0.896,1.4,11.8,,0.622,0.586,0.514,0.339,0.057,0.153,0.114,0.091,0.585,,,,,,,,,,,,,2018.0,24.0,8,Veteran,,,,,8.0,False,False,False,False,,,,False,36.993,0.970661807580175,,True,56.068601583113455,52.785145888594165,21.73913043478261,76.91292875989446,14.24802110817942,48.02110817941953,31.398416886543533,55.8047493403694,72.95514511873351,20.58047493403694,54.74934036939314,16.75461741424802,9.366754617414248,34.696569920844325,76.15176151761518,95.51451187335093,78.24933687002653,49.07161803713528,18.30238726790451,52.65251989389921,54.774535809018566,,,41.96375401704465,3,43.765586034912715,True,Guard,62.64705882352941,55.02958579881657,29.629629629629623,78.52941176470588,19.705882352941178,48.23529411764706,35.294117647058826,60.29411764705882,75.0,37.05882352941177,39.705882352941174,11.470588235294118,16.76470588235294,49.411764705882355,72.94117647058823,91.47058823529412,57.98816568047337,60.05917159763313,19.82248520710059,52.071005917159766,52.66272189349112,,,-1.8018320178680651,0.958829935090308,False,8201303.343618629,2825469.880276486,30599098.35359252,4073756.800532312,21222874.85359863,2201303.3436186295,3.3864895992325996,Low,Fairly paid,49488300.0,0.1212407781233139,False,Mid-Level,102.0,147,51.91740412979351,49.37655860349127,40.99485420240137
townska01,Karl-Anthony Towns,NYK,C,30.0,75.0,2322.0,2.7,0.6,3.3,3.1,karl anthony towns,townska01,NYK,57078728.0,2.0,57078728.0,57078728.0,townska01,31.0,20.1,11.9,3.0,0.9,0.5,0.501,0.368,0.858,5.5,13.8,,0.632,0.481,0.486,0.263,0.408,0.224,0.034,0.037,0.297,30.4,15.9,10.6,4.9,1.3,1.3,0.551,0.456,0.909,19.0,578.0,9.4,2015.0,1.0,11,Veteran,,,,,11.0,False,False,True,False,,,,False,422.28,6.546976744186047,52.93026706231455,False,91.95250659630608,98.14323607427056,97.28260869565216,90.89709762532982,71.50395778364116,91.2928759894459,83.24538258575198,82.58575197889182,88.52242744063325,99.73614775725594,67.67810026385224,63.58839050131926,66.75461741424802,74.93403693931398,62.737127371273715,83.90501319261213,45.35809018567639,81.6976127320955,89.52254641909815,38.196286472148536,46.15384615384615,,55.19287833827893,96.27281843779754,3,98.25436408977556,True,Big,90.14084507042254,97.88732394366195,97.14285714285714,93.30985915492955,64.08450704225352,92.95774647887325,83.09859154929578,78.52112676056338,91.19718309859157,99.29577464788731,83.09859154929578,74.29577464788733,38.38028169014084,51.40845070422535,67.8030303030303,97.1830985915493,69.71830985915493,67.95774647887323,85.56338028169014,40.140845070422536,47.88732394366197,,36.2962962962963,-1.981545651978024,0.979832492222254,False,53072441.95351282,31977070.841544937,75536452.70836328,46104476.53722651,53072441.95351282,-4006286.0464871824,0.8207532998947523,High,Leaning overpaid,57736350.0,0.9886099138584272,True,Max,9.0,30,51.62241887905604,21.44638403990025,99.48542024013722
kennalu01,Luke Kennard,LAL,SG,29.0,78.0,1681.0,0.1,0.1,0.1,0.9,luke kennard,kennalu01,PHO,6064000.0,2.0,6064000.0,6064000.0,kennalu01,21.6,8.4,2.3,2.2,0.7,0.1,0.533,0.478,0.913,0.9,5.7,,0.64,0.558,0.621,0.567,0.113,0.117,0.149,0.068,0.553,32.6,11.5,3.5,2.3,0.9,0.1,0.488,0.474,0.826,10.0,326.0,-0.7,2017.0,12.0,9,Veteran,,,,,9.0,False,False,True,False,,,,False,50.2398,1.0759267102914931,11.654302670623148,True,59.23482849604221,29.177718832891248,46.73913043478261,58.443271767810025,55.4089709762533,63.58839050131926,91.82058047493403,77.57255936675462,36.93931398416886,15.699208443271766,50.52770448548812,41.42480211081794,9.366754617414248,86.01583113456465,98.6449864498645,98.54881266490764,39.389920424403186,97.3474801061008,46.02122015915119,12.46684350132626,35.0132625994695,,4.154302670623145,43.27752559938825,3,45.261845386533665,True,Guard,64.70588235294117,33.72781065088758,51.85185185185185,63.52941176470588,62.05882352941177,66.47058823529412,90.29411764705884,82.35294117647058,39.11764705882353,29.117647058823533,35.88235294117647,37.94117647058823,16.76470588235294,97.05882352941175,100.0,97.94117647058825,20.414201183431953,100.0,49.70414201183432,10.059171597633137,32.544378698224854,,7.194244604316546,-1.9843197871454168,0.956159105529184,False,9509618.881361416,4692764.424813147,23652735.315352704,6766018.325775943,16405027.224734744,3445618.8813614156,1.9937676921732967,High,Leaning underpaid,49488300.0,0.1225340130899626,False,Mid-Level,99.0,147,51.32743362831859,59.60099750623441,51.6295025728988
gordoaa01,Aaron Gordon,DEN,PF,30.0,36.0,1005.0,2.9,-1.2,1.7,0.9,aaron gordon,gordoaa01,DEN,33658037.0,3.0,70008717.0,33658037.0,gordoaa01,27.9,16.2,5.8,2.7,0.6,0.3,0.497,0.389,0.767,4.5,11.1,,0.769,0.356,0.378,0.429,0.294,0.148,0.093,0.07,0.394,29.7,11.3,5.3,2.3,0.0,0.3,0.4,0.214,0.7,3.0,89.0,-2.1,2014.0,4.0,12,Veteran,,,,,12.0,False,False,True,True,,,,False,117.48239999999998,4.208324776119403,80.08902077151336,False,77.04485488126649,82.75862068965517,92.93478260869566,91.688654353562,16.358839050131927,26.912928759894463,5.936675461741425,82.58575197889182,78.10026385224275,81.39841688654353,62.796833773087066,28.49604221635884,40.89709762532981,73.7467018469657,80.21680216802169,43.27176781002638,70.6896551724138,81.6976127320955,86.60477453580901,81.83023872679045,97.3474801061008,,89.31750741839762,85.14623995719819,3,87.28179551122194,True,Big,75.70422535211267,84.50704225352112,90.0,94.71830985915491,8.098591549295776,30.28169014084507,5.985915492957746,78.52112676056338,80.98591549295774,59.859154929577464,79.92957746478874,39.08450704225352,15.845070422535212,48.943661971830984,82.57575757575758,62.676056338028175,94.71830985915491,67.95774647887323,81.33802816901408,79.92957746478874,95.77464788732394,,78.51851851851852,-2.135555554023753,0.975532634938185,False,32166292.901407313,14735937.945903571,71351348.73757464,21246245.7442557,49487757.03762618,-1491744.0985926874,1.760085035760962,High,Fairly paid,57736350.0,0.5829609422833276,False,Mid-Level,11.0,147,51.03244837758112,28.92768079800499,93.4819897084048
flaggco01,Cooper Flagg,DAL,SF,19.0,70.0,2344.0,1.0,0.4,1.4,2.0,cooper flagg,flaggco01,DAL,14517480.0,3.0,14517480.0,14517480.0,flaggco01,33.5,21.0,6.7,4.5,1.2,0.9,0.468,0.295,0.827,4.9,17.1,,0.742,0.453,0.444,0.331,0.218,0.311,0.151,0.116,0.204,,,,,,,,,,,,,2025.0,1.0,1,Rookie Scale,,,,,1.0,False,False,False,False,,,,False,260.946,4.007703071672355,72.71513353115726,False,73.61477572559367,75.59681697612733,53.80434782608695,73.61477572559367,63.98416886543535,92.34828496042216,70.97625329815304,1.58311345646438,91.688654353562,85.35620052770449,84.82849604221636,85.75197889182058,87.33509234828496,55.27704485488126,14.634146341463412,70.58047493403694,79.3103448275862,27.718832891246688,34.48275862068966,49.07161803713528,36.206896551724135,,82.49258160237389,66.92913073222877,3,69.07730673316709,True,Wing,76.86567164179104,77.27272727272727,59.09090909090909,75.3731343283582,66.4179104477612,91.04477611940298,68.65671641791045,3.731343283582089,88.05970149253731,92.53731343283582,85.82089552238806,84.32835820895522,93.28358208955224,56.71641791044776,7.462686567164178,66.4179104477612,92.42424242424242,21.21212121212121,39.39393939393939,52.27272727272727,36.36363636363637,,87.3015873015873,-2.148176000938321,0.9689018564485102,True,18907871.576102287,4290865.968179877,38031905.03010026,6186561.937915594,26378109.30147889,4390391.576102287,1.7844969448896504,Medium,Fairly paid,41240250.0,0.3520221143179297,False,Rookie Scale,20.0,178,50.737463126843664,69.57605985037407,85.07718696397941
portemi01,Michael Porter Jr.,BRK,SF,27.0,52.0,1689.0,4.2,-1.2,3.0,2.1,michael porter,portemi01,BRK,40806150.0,1.0,12000000.0,40806150.0,portemi01,32.5,24.2,7.1,3.0,1.1,0.3,0.463,0.363,0.859,4.4,18.4,,0.819,0.464,0.389,0.374,0.185,0.13,0.075,0.103,0.506,,,,,,,,,,,,,2018.0,14.0,7,Veteran,,,,,8.0,False,False,False,False,,,,False,177.00799999999998,3.7728170515097688,82.75964391691396,False,90.36939313984168,88.59416445623343,86.1413043478261,94.9868073878628,16.358839050131927,63.98416886543535,25.065963060686013,65.03957783641161,95.3825857519789,89.05013192612137,67.67810026385224,79.94722955145119,40.89709762532981,51.97889182058047,58.80758807588076,84.1688654353562,48.54111405835544,68.56763925729443,49.20424403183024,59.15119363395226,88.85941644562334,,92.28486646884274,88.11814908648273,3,90.3990024937656,True,Wing,87.31343283582089,89.39393939393939,90.9090909090909,95.52238805970148,22.388059701492537,58.2089552238806,17.91044776119403,62.68656716417911,94.77611940298507,97.01492537313432,68.65671641791045,77.61194029850746,43.28358208955223,50.74626865671642,52.98507462686567,80.59701492537313,53.03030303030303,74.24242424242425,57.57575757575758,68.93939393939394,89.39393939393939,,96.82539682539682,-2.280853407282862,0.974769042308402,False,29136819.781064596,6769978.68082791,54913342.724960975,9760941.669561438,38086710.496415205,-11669330.218935404,1.652320479924869,High,Leaning overpaid,49488300.0,0.8245615630361116,False,Near-Max,7.0,17,50.44247787610619,7.231920199501247,93.31046312178388
georgke01,Keyonte George,UTA,PG,22.0,54.0,1786.0,3.0,-2.1,0.9,1.3,keyonte george,georgke01,UTA,6563925.0,1.0,6563925.0,6563925.0,georgke01,33.1,23.6,3.7,6.1,1.1,0.3,0.456,0.371,0.892,7.0,16.3,,0.753,0.502,0.417,0.424,0.101,0.276,0.117,0.096,0.41,,,,,,,,,,,,,2023.0,16.0,3,Rookie Scale,,,,,3.0,False,False,False,False,,,,False,88.90020000000001,1.791941321388578,50.17804154302671,True,68.60158311345647,44.03183023872679,29.6195652173913,92.34828496042216,4.353562005277045,69.78891820580475,29.287598944591032,16.62269129287599,94.32717678100263,48.15303430079156,93.7994722955145,79.94722955145119,40.89709762532981,46.96569920844328,64.90514905149053,93.7994722955145,94.16445623342176,72.41379310344827,3.183023872679045,5.437665782493369,51.591511936339515,,50.74183976261127,44.7696690744084,3,47.13216957605985,True,Guard,70.88235294117648,46.15384615384615,35.18518518518518,92.05882352941175,7.647058823529412,72.6470588235294,33.82352941176471,17.352941176470587,93.82352941176472,73.23529411764706,89.70588235294117,72.6470588235294,61.47058823529412,65.29411764705883,61.76470588235294,89.11764705882354,87.57396449704143,82.24852071005917,4.142011834319527,3.2544378698224854,50.88757396449704,,69.7841726618705,-2.3625005016514535,0.9498749893564956,True,14583845.28045989,3416679.8271697564,29723815.04845013,4926162.114958502,20615797.225629818,8019920.28045989,1.8038545195297628,Medium,Fairly paid,41240250.0,0.1591630749086147,False,Rookie Scale,53.0,178,50.14749262536873,88.02992518703242,77.70154373927959
tatumja01,Jayson Tatum,BOS,PF,27.0,16.0,522.0,2.9,1.8,4.8,0.9,jayson tatum,tatumja01,BOS,58456566.0,4.0,188360046.0,58456566.0,tatumja01,32.6,21.8,10.0,5.3,1.4,0.2,0.411,0.329,0.823,4.9,17.9,,0.694,0.396,0.464,0.263,0.171,0.167,0.098,0.066,0.498,36.3,23.3,10.7,6.8,1.2,0.0,0.475,0.365,0.781,6.0,218.0,8.9,2017.0,3.0,9,Veteran,,,,,9.0,False,False,True,False,,,,False,48.9744,3.377544827586207,51.32789317507418,True,96.30606860158312,97.08222811671088,97.0108695652174,91.688654353562,93.93139841688657,1.0554089709762533,0.2638522427440633,65.03957783641161,93.13984168865436,96.96569920844328,89.18205804749341,92.87598944591028,24.406332453825858,14.511873350923482,30.89430894308943,68.20580474934037,83.0238726790451,23.607427055702917,94.03183023872678,63.395225464190986,69.09814323607428,,53.41246290801187,96.86142878111887,3,99.25187032418953,True,Big,95.77464788732394,96.47887323943662,96.42857142857144,94.71830985915491,91.19718309859157,2.112676056338028,0.7042253521126761,60.2112676056338,95.07042253521126,92.6056338028169,96.47887323943662,97.88732394366195,5.985915492957746,8.450704225352112,35.984848484848484,86.61971830985915,99.29577464788731,14.43661971830986,93.30985915492955,59.859154929577464,70.4225352112676,,34.074074074074076,-2.3904415430706365,0.9759154005333838,False,44476688.44515225,17654751.713307988,72955158.84250979,25454585.57383735,50600125.14575328,-13979877.554847747,1.2433571172322584,High,Leaning overpaid,49488300.0,1.1812199247094768,True,Max,6.0,30,49.852507374631266,5.486284289276807,97.08404802744424
butleji01,Jimmy Butler,GSW,SF,36.0,38.0,1182.0,5.0,0.5,5.5,2.3,jimmy butler,butleji01,GSW,56832773.0,1.0,56832773.0,56832773.0,butleji01,31.1,20.0,5.6,4.9,1.4,0.2,0.519,0.376,0.864,7.6,12.2,,0.741,0.479,0.375,0.13,0.342,0.303,0.121,0.05,0.184,,,,,,,,,,,,,2011.0,30.0,15,Veteran,,,,,15.0,False,False,False,False,,,,False,158.5512,4.828970558375635,77.7299703264095,False,98.15303430079156,97.61273209549071,91.03260869565216,97.22955145118732,67.67810026385224,37.994722955145114,8.70712401055409,97.36147757255937,87.86279683377309,77.9683377308707,87.20316622691293,92.87598944591028,24.406332453825858,82.98153034300792,69.78319783197831,85.62005277044855,78.6472148541114,90.71618037135278,95.88859416445624,96.55172413793105,98.6737400530504,,88.13056379821958,95.28026137187646,3,97.75561097256858,True,Wing,98.50746268656717,98.48484848484848,96.96969696969695,98.50746268656717,70.8955223880597,25.37313432835821,4.477611940298507,95.52238805970148,80.59701492537313,81.34328358208955,92.53731343283582,92.53731343283582,24.62686567164179,91.7910447761194,71.64179104477611,83.5820895522388,90.9090909090909,100.0,96.96969696969695,97.72727272727272,98.48484848484848,,93.65079365079364,-2.4753496006921125,0.9746781839316956,False,52710575.46462779,12820327.500050984,77534162.55242738,18484322.449501168,53776023.38846525,-4122197.535372213,1.2277201393068375,High,Leaning overpaid,57736350.0,0.9843499459179528,True,Max,12.0,30,49.55752212389381,21.19700748129676,99.14236706689536
wolfda01,Danny Wolf,BRK,PF,21.0,57.0,1187.0,-2.2,-0.3,-2.5,-0.2,danny wolf,wolfda01,BRK,2941440.0,3.0,2941440.0,2941440.0,wolfda01,20.8,8.9,4.9,2.2,0.5,0.6,0.405,0.322,0.771,1.9,7.7,,0.605,0.38,0.143,0.25,0.259,0.227,0.016,0.018,0.48,,,,,,,,,,,,,2025.0,27.0,1,Rookie Scale,,,,,1.0,False,False,False,False,,,,False,113.6751,3.4476020219039603,33.27893175074184,False,20.58047493403694,22.546419098143236,23.097826086956523,20.58047493403694,42.0844327176781,38.258575197889186,36.80738786279684,9.630606860158313,41.55672823218997,66.88654353562006,50.52770448548812,16.75461741424802,73.87862796833772,11.87335092348285,26.151761517615174,44.9868073878628,55.03978779840849,9.416445623342176,23.87267904509284,19.363395225464192,56.76392572944297,,24.629080118694365,22.261710677921645,3,24.93765586034913,True,Big,13.380281690140844,18.30985915492958,16.428571428571427,15.140845070422534,32.3943661971831,42.95774647887324,35.563380281690144,7.394366197183098,44.36619718309859,38.732394366197184,67.6056338028169,25.704225352112676,48.59154929577465,6.690140845070422,31.060606060606062,65.14084507042254,82.3943661971831,5.985915492957746,20.070422535211268,21.830985915492956,59.154929577464785,,13.333333333333334,-2.6759451824274834,0.8926945981846579,True,6695296.741696597,1968417.8908452236,18021068.846494418,2838060.962920446,12499024.789478203,3753856.741696597,2.397601118360801,Low,Fairly paid,41240250.0,0.0713244948806081,False,Rookie Scale,100.0,178,49.26253687315634,62.34413965087282,26.758147512864493
sensabr01,Brice Sensabaugh,UTA,SF,22.0,75.0,1762.0,0.4,-3.0,-2.6,-0.3,brice sensabaugh,sensabr01,UTA,4862237.0,1.0,4862237.0,4862237.0,sensabr01,23.5,14.9,3.1,1.9,0.7,0.2,0.46,0.367,0.826,2.7,11.4,,0.716,0.583,0.402,0.543,0.111,0.196,0.137,0.041,0.516,,,,,,,,,,,,,2023.0,28.0,3,Rookie Scale,,,,,3.0,False,False,False,False,,,,False,94.905,1.9390351872871736,40.26706231454006,True,19.129287598944593,32.360742705570296,44.02173913043478,63.19261213720316,0.9234828496042216,68.46965699208444,83.24538258575198,16.62269129287599,74.67018469656992,33.90501319261214,42.87598944591029,41.42480211081794,24.406332453825858,50.0,61.65311653116531,69.65699208443272,49.20424403183024,62.46684350132627,7.294429708222812,4.641909814323608,37.53315649867374,,34.124629080118694,33.425752588238055,3,36.15960099750624,True,Wing,15.671641791044776,33.33333333333333,45.45454545454545,62.68656716417911,1.4925373134328357,62.68656716417911,85.07462686567165,19.402985074626866,67.16417910447761,23.13432835820895,46.26865671641791,29.1044776119403,24.62686567164179,47.76119402985074,58.2089552238806,64.17910447761194,54.54545454545454,65.9090909090909,5.303030303030303,6.0606060606060606,37.878787878787875,,30.15873015873016,-2.733848409268184,0.9243949508885144,True,12097112.136075068,2971975.1791112544,29273998.695138987,4284987.846245585,20303814.301717825,7234875.136075068,2.1742398698274346,Low,Fairly paid,41240250.0,0.1179002794599935,False,Rookie Scale,77.0,178,48.96755162241888,85.03740648379052,68.09605488850772
goberru01,Rudy Gobert,MIN,C,33.0,76.0,2380.0,0.0,0.9,1.0,1.8,rudy gobert,goberru01,MIN,36500000.0,2.0,36500000.0,36500000.0,goberru01,31.3,10.9,11.5,1.7,0.8,1.6,0.682,0.0,0.526,4.0,6.5,,0.773,0.379,0.5,0.0,0.78,0.193,0.012,0.004,0.01,31.0,7.2,9.3,2.3,1.2,1.1,0.493,0.0,0.474,12.0,372.0,1.1,2013.0,27.0,13,Veteran,,,,,13.0,False,False,True,False,,,,False,385.32,5.828369747899159,89.60682492581603,False,69.78891820580475,91.51193633952256,91.30434782608695,56.99208443271768,78.7598944591029,93.13984168865436,85.35620052770449,93.2717678100264,54.485488126649074,99.0765171503958,37.33509234828496,52.242744063324544,97.75725593667546,98.41688654353564,0.9485094850948508,2.638522427440633,8.222811671087534,93.50132625994696,98.40848806366049,76.92307692307693,75.72944297082228,,96.43916913946587,86.00333611355475,3,88.7780548628429,True,Big,65.84507042253522,90.14084507042254,88.57142857142857,52.816901408450704,72.88732394366197,94.3661971830986,85.2112676056338,92.25352112676056,57.3943661971831,97.53521126760565,51.40845070422535,62.676056338028175,94.01408450704226,95.77464788732394,2.6515151515151514,4.225352112676056,17.95774647887324,84.85915492957746,97.88732394366195,75.0,75.35211267605634,,92.5925925925926,-2.774718749288141,0.9687454433015578,False,37593100.97164269,19585494.222172428,67473680.68605195,28238326.24666092,46798290.0856826,1093100.971642688,1.273855713579006,High,Fairly paid,57736350.0,0.6321840573572801,False,Mid-Level,9.0,147,48.67256637168141,42.14463840399002,94.51114922813036
embiijo01,Joel Embiid,PHI,C,31.0,38.0,1201.0,5.1,-0.2,4.9,2.1,joel embiid,embiijo01,PHI,58100000.0,3.0,120848000.0,58100000.0,embiijo01,31.6,26.9,7.7,3.9,0.6,1.2,0.489,0.333,0.854,8.8,18.3,,0.679,0.423,0.506,0.484,0.224,0.149,0.221,0.178,0.228,33.3,24.0,7.3,5.4,0.3,0.9,0.46,0.179,0.831,7.0,233.0,6.0,2014.0,3.0,10,Veteran,,,,,12.0,False,False,True,False,,,,False,155.7696,4.669197002497919,56.44658753709199,False,96.56992084432716,96.81697612732096,94.56521739130434,97.62532981530345,44.72295514511873,39.1820580474934,8.70712401055409,87.20316622691293,97.62532981530345,91.688654353562,81.66226912928761,28.49604221635884,93.7994722955145,69.92084432717678,35.09485094850949,81.92612137203166,63.395225464190986,67.77188328912467,92.9708222811671,6.49867374005305,90.71618037135278,,61.72106824925816,95.91080278056629,3,98.75311720698254,True,Big,96.47887323943662,95.77464788732394,92.85714285714286,97.88732394366195,34.859154929577464,45.42253521126761,10.915492957746478,84.85915492957746,98.59154929577466,80.28169014084507,92.25352112676056,39.08450704225352,84.15492957746478,45.07042253521127,40.15151515151515,96.47887323943662,88.73239436619718,54.5774647887324,90.49295774647888,8.80281690140845,90.14084507042254,,42.22222222222222,-2.842314426416266,0.9712179776516938,False,55581218.67014145,17899900.582979046,75195225.38044968,25808040.721930295,55581218.67014145,-2518781.329858549,1.0308396643388105,High,Leaning overpaid,57736350.0,1.0062984584235062,True,Max,10.0,30,48.37758112094395,25.43640897755611,99.82847341337909
anunoog01,OG Anunoby,NYK,PF,28.0,67.0,2224.0,0.9,1.1,2.0,2.3,og anunoby,anunoog01,NYK,42500000.0,3.0,87931034.0,42500000.0,anunoog01,33.2,16.7,5.2,2.2,1.6,0.7,0.484,0.386,0.828,3.3,12.0,,0.719,0.365,0.318,0.421,0.31,0.106,0.055,0.024,0.506,34.5,20.1,6.3,1.6,1.5,1.1,0.561,0.489,0.854,17.0,586.0,9.4,2017.0,23.0,9,Veteran,,,,,9.0,False,False,True,False,,,,False,249.24,4.034460431654677,65.42284866468843,False,80.47493403693932,89.12466843501326,97.82608695652172,71.76781002638522,83.64116094986808,86.54353562005277,60.29023746701847,72.16358839050132,80.21108179419525,72.42744063324538,50.52770448548812,97.36147757255937,79.15567282321899,67.94195250659631,77.37127371273714,71.50395778364116,28.381962864721483,80.37135278514589,93.50132625994696,87.93103448275862,79.17771883289124,,73.29376854599407,90.22526678106044,3,93.26683291770571,True,Big,79.5774647887324,88.02816901408451,97.85714285714285,69.71830985915493,78.87323943661971,88.73239436619718,60.56338028169014,69.01408450704226,83.45070422535211,47.53521126760563,67.6056338028169,99.29577464788731,57.04225352112676,43.309859154929576,78.03030303030303,89.43661971830986,48.59154929577465,65.49295774647888,91.90140845070422,83.80281690140845,78.87323943661971,,55.55555555555556,-3.041566136645286,0.9673885555937228,False,43122392.0433498,24208405.26138866,61217188.8852212,34903630.101331584,43122392.0433498,622392.0433498025,0.8582265934280405,High,Fairly paid,49488300.0,0.8587888450401407,False,Near-Max,6.0,17,48.08259587020649,38.403990024937656,95.88336192109776
markkla01,Lauri Markkanen,UTA,PF,28.0,42.0,1443.0,4.6,-2.0,2.6,1.6,lauri markkanen,markkla01,UTA,46113154.0,3.0,149474044.0,46113154.0,markkla01,34.4,26.7,6.9,2.1,1.0,0.5,0.477,0.355,0.896,6.4,19.2,,0.734,0.507,0.441,0.263,0.21,0.267,0.073,0.047,0.402,,,,,,,,,,,,,2017.0,7.0,9,Veteran,,,,,9.0,False,False,False,False,,,,False,169.344,4.224798336798337,71.95103857566765,False,86.80738786279683,95.22546419098144,89.40217391304348,95.91029023746702,5.540897097625329,52.90237467018469,11.74142480211082,72.16358839050132,97.36147757255937,87.20316622691293,48.15303430079156,73.21899736147758,66.75461741424802,63.06068601583114,51.21951219512195,95.51451187335093,35.278514588859416,72.41379310344827,97.48010610079577,86.60477453580901,92.57294429708224,,81.89910979228486,90.93721125470856,3,94.0149625935162,True,Big,84.15492957746478,93.66197183098592,86.42857142857143,97.1830985915493,1.4084507042253522,57.04225352112676,13.028169014084506,69.01408450704226,97.88732394366195,70.77464788732394,64.43661971830986,84.15492957746478,38.38028169014084,37.32394366197183,57.95454545454546,100.0,55.633802816901415,59.50704225352113,96.47887323943662,82.74647887323944,91.19718309859157,,65.92592592592592,-3.0777513388076443,0.9672631754148048,False,40002235.95986213,19911773.585143648,61375461.911132,28708755.177103817,42568697.030539475,-6110918.040137872,1.0365342669242947,High,Leaning overpaid,49488300.0,0.9317991121133682,True,Max,16.0,30,47.78761061946903,15.46134663341646,94.8542024013722
mcgowbr01,Bryce McGowens,NOP,SG,23.0,42.0,880.0,-2.0,-0.9,-2.9,-0.2,bryce mcgowens,mcgowbr01,NOP,2584539.0,2.0,2584539.0,2584539.0,mcgowbr01,21.0,8.1,2.1,1.5,0.6,0.2,0.481,0.409,0.779,2.3,5.6,,0.635,0.426,0.471,0.667,0.266,0.257,0.072,0.013,0.392,,,,,,,,,,,,,2022.0,40.0,4,Rookie Scale,,,,,4.0,False,False,False,False,,,,False,62.5632,2.559403636363636,26.96587537091989,True,16.75461741424802,11.671087533156498,19.565217391304348,24.010554089709764,24.670184696569923,18.997361477572557,11.74142480211082,25.593667546174142,34.696569920844325,12.137203166226913,30.738786279683374,28.49604221635884,24.406332453825858,65.96306068601582,89.83739837398373,49.340369393139845,33.42175066312997,71.61803713527851,22.546419098143236,34.217506631299734,45.62334217506631,,17.50741839762611,15.902268700234822,3,19.201995012468828,True,Guard,23.823529411764703,12.42603550295858,27.160493827160497,30.294117647058822,27.941176470588236,20.0,13.823529411764708,27.35294117647059,37.05882352941177,23.52941176470588,19.705882352941178,24.11764705882353,40.294117647058826,85.88235294117646,91.47058823529412,33.23529411764706,16.56804733727811,81.36094674556213,24.2603550295858,34.61538461538461,43.786982248520715,,27.33812949640288,-3.2997263122340055,0.8281571102330083,True,5099807.949013804,1977402.185047652,18899504.4380371,2851014.5002632486,13108288.775326006,2515268.949013804,3.318184218341365,Low,Leaning underpaid,41240250.0,0.0626703038900103,False,Rookie Scale,112.0,178,47.49262536873156,53.11720698254364,15.265866209262436
hartjo01,Josh Hart,NYK,SF,30.0,66.0,1994.0,1.0,2.0,3.0,2.5,josh hart,hartjo01,NYK,20923760.0,2.0,20923760.0,20923760.0,hartjo01,30.2,12.0,7.4,4.8,1.1,0.3,0.508,0.413,0.72,1.9,9.0,,0.69,0.495,0.464,0.333,0.294,0.157,0.095,0.046,0.409,32.3,10.4,8.9,4.6,1.7,0.2,0.431,0.326,0.606,19.0,614.0,2.8,2017.0,30.0,9,Veteran,,,,,9.0,False,False,True,False,,,,False,174.636,3.1529067201604812,47.462908011869445,False,90.36939313984168,73.74005305039788,67.93478260869566,73.61477572559367,95.51451187335093,79.15567282321899,57.78364116094987,82.58575197889182,60.15831134564644,89.9736147757256,86.54353562005277,79.94722955145119,40.89709762532981,78.10026385224275,91.869918699187,26.781002638522427,62.3342175066313,78.91246684350133,58.22281167108754,79.57559681697613,19.893899204244033,,46.88427299703264,75.7204116571205,3,79.05236907730672,True,Wing,87.31343283582089,75.75757575757575,74.24242424242425,75.3731343283582,98.50746268656717,76.11940298507463,53.73134328358209,81.34328358208955,52.23880597014925,98.50746268656717,90.29850746268656,77.61194029850746,43.28358208955223,85.07462686567165,93.28358208955224,22.388059701492537,71.21212121212122,84.84848484848484,66.66666666666666,87.12121212121212,20.454545454545457,,49.2063492063492,-3.331957420186228,0.9578512641799786,False,19395372.894432846,7009442.375743291,35105401.12826076,10106199.944106083,24348349.295167595,-1528387.1055671535,1.4485908007771275,High,Fairly paid,49488300.0,0.4228021572775787,False,Mid-Level,28.0,147,47.1976401179941,28.6783042394015,85.93481989708405
edwaran01,Anthony Edwards,MIN,SG,24.0,61.0,2137.0,4.7,-0.1,4.5,3.5,anthony edwards,edwaran01,MIN,48924624.0,3.0,156896208.0,48924624.0,edwaran01,35.0,28.8,5.0,3.7,1.4,0.8,0.489,0.399,0.796,7.2,20.2,,0.756,0.481,0.492,0.398,0.18,0.149,0.15,0.104,0.418,32.4,21.6,5.7,2.7,0.5,0.7,0.428,0.317,0.824,10.0,324.0,1.3,2020.0,1.0,6,Veteran,,,,,6.0,False,False,True,False,,,,False,221.796,3.7363855872718768,74.68842729970326,False,95.51451187335093,81.43236074270557,97.55434782608695,96.30606860158312,48.54881266490765,84.43271767810026,44.45910290237467,36.01583113456465,99.47229551451188,68.60158311345647,78.23218997361478,92.87598944591028,83.90501319261213,69.92084432717678,85.36585365853658,58.443271767810025,92.3076923076923,78.91246684350133,73.87267904509284,52.65251989389921,49.46949602122016,,84.86646884272997,90.99864368163492,3,94.38902743142144,True,Guard,95.88235294117648,79.88165680473372,97.53086419753086,95.2941176470588,56.47058823529411,82.94117647058825,46.76470588235294,38.82352941176471,98.82352941176472,93.52941176470588,67.3529411764706,89.41176470588236,97.94117647058825,90.58823529411764,84.70588235294117,44.41176470588235,84.02366863905326,89.64497041420118,77.2189349112426,52.071005917159766,48.5207100591716,,97.12230215827336,-3.3903837497865084,0.9640807428358154,False,44715359.65132248,21751368.664697405,60765496.21050954,31361079.669348817,44715359.65132248,-4209264.348677516,0.8724994688633408,High,Leaning overpaid,41240250.0,1.1863318966301126,True,Max,15.0,30,46.90265486725664,20.698254364089777,97.25557461406518
nurkiju01,Jusuf Nurkić,UTA,C,31.0,41.0,1083.0,-0.5,1.6,1.1,0.9,jusuf nurkic,nurkiju01,UTA,10576923.0,2.0,22000000.0,10576923.0,nurkiju01,26.4,10.9,10.4,4.8,1.3,0.5,0.503,0.352,0.549,2.8,8.7,,0.574,0.515,0.591,0.5,0.263,0.472,0.061,0.006,0.198,,,,,,,,,,,,,2014.0,16.0,12,Veteran,,,,,12.0,False,False,False,False,,,,False,93.8121,3.118407756232687,25.608308605341247,True,70.58047493403694,61.273209549071616,43.47826086956522,51.187335092348285,92.21635883905012,30.343007915567284,10.686015831134563,87.20316622691293,54.485488126649074,97.62532981530345,86.54353562005277,89.5778364116095,66.75461741424802,75.59366754617413,48.9159891598916,3.430079155672823,50.53050397877984,26.790450928381965,87.26790450928382,55.437665782493376,50.795755968169765,,16.320474777448073,56.92692014049804,3,60.349127182044896,True,Big,67.25352112676056,60.56338028169014,37.857142857142854,44.71830985915493,89.7887323943662,33.098591549295776,11.971830985915492,84.85915492957746,57.3943661971831,93.66197183098592,94.3661971830986,96.12676056338027,38.38028169014084,52.46478873239436,55.68181818181818,4.929577464788732,75.0,17.6056338028169,82.3943661971831,52.112676056338024,52.112676056338024,,8.88888888888889,-3.422207041546855,0.943293180840484,False,8293643.497117793,4045027.689720946,32974058.67139486,5832112.801616457,22870096.122164596,-2283279.502882207,3.488096756477093,Low,Fairly paid,57736350.0,0.183193482095768,False,Mid-Level,72.0,147,46.607669616519175,26.43391521197008,42.710120068610635
aytonde01,Deandre Ayton,LAL,C,27.0,72.0,1958.0,0.0,-0.9,-0.9,0.6,deandre ayton,aytonde01,WAS,8104000.0,1.0,8104000.0,8104000.0,aytonde01,27.2,12.5,8.0,0.8,0.6,1.0,0.671,,0.645,2.0,8.3,,0.842,0.59,0.42,0.563,0.421,0.406,0.146,0.027,0.0,28.5,10.0,9.6,0.9,0.2,0.8,0.548,,0.615,10.0,285.0,-2.6,2018.0,1.0,8,Veteran,,,,,8.0,False,False,True,False,,,,False,251.5896,4.625753626149131,90.37091988130564,False,44.9868073878628,40.318302387267906,60.86956521739131,56.99208443271768,24.670184696569923,77.30870712401055,76.38522427440633,65.03957783641161,63.852242744063325,92.4802110817942,6.992084432717678,28.49604221635884,89.9736147757256,97.8891820580475,,11.213720316622693,12.3342175066313,95.88859416445624,12.9973474801061,19.363395225464192,12.46684350132626,,96.7359050445104,49.192152198712904,3,52.618453865336654,True,Big,35.91549295774648,36.61971830985916,52.85714285714286,52.816901408450704,18.30985915492958,80.98591549295774,75.70422535211267,60.2112676056338,68.30985915492957,81.33802816901408,12.323943661971832,39.08450704225352,75.70422535211267,94.3661971830986,,19.366197183098592,25.0,89.7887323943662,11.971830985915492,21.830985915492956,15.492957746478872,,93.33333333333331,-3.4263016666237505,0.9348840299376244,False,11496965.729782876,5111758.747141461,28449802.668529466,7370123.498471102,19732169.708617862,3392965.7297828756,2.0299307199751695,High,Fairly paid,49488300.0,0.1637558776518894,False,Mid-Level,86.0,147,46.312684365781706,58.85286783042394,64.6655231560892
powelno01,Norman Powell,MIA,SG,32.0,58.0,1717.0,1.8,-0.3,1.6,1.5,norman powell,powelno01,CHI,21500000.0,2.0,21500000.0,21500000.0,powelno01,29.6,21.7,3.5,2.5,1.1,0.2,0.47,0.38,0.827,5.5,15.4,,0.654,0.497,0.513,0.372,0.2,0.207,0.087,0.048,0.458,,,,,,,,,,,,,2015.0,46.0,11,Veteran,,,,,11.0,False,False,False,False,,,,False,178.64,3.745509609784509,43.486646884273,False,75.72559366754618,85.14588859416446,67.11956521739131,84.03693931398418,42.0844327176781,65.96306068601582,39.050131926121374,90.63324538258574,92.87598944591028,43.66754617414248,56.99208443271768,79.94722955145119,24.406332453825858,56.99208443271768,71.95121951219512,70.58047493403694,47.87798408488064,79.70822281167109,91.3793103448276,49.07161803713528,29.44297082228117,,37.98219584569733,76.03094359621997,3,79.55112219451371,True,Guard,77.05882352941177,84.02366863905326,71.60493827160494,84.70588235294117,50.294117647058826,68.82352941176471,42.64705882352941,93.23529411764706,92.3529411764706,69.11764705882352,41.76470588235294,72.6470588235294,40.294117647058826,77.64705882352942,69.41176470588235,58.235294117647065,26.035502958579883,90.8284023668639,94.0828402366864,47.928994082840234,27.2189349112426,,56.83453237410072,-3.5201785982937395,0.955749479062201,False,19766713.023830444,4423150.58720518,47348572.09866151,6377289.636031216,32839948.698308848,-1733286.9761695564,2.1716013916783283,Medium,Fairly paid,57736350.0,0.3723823899501787,False,Mid-Level,27.0,147,46.017699115044245,27.680798004987533,86.27787307032591
murraja01,Jamal Murray,DEN,PG,28.0,75.0,2652.0,5.5,-1.4,4.1,4.1,jamal murray,murraja01,DEN,50105628.0,3.0,161451468.0,50105628.0,murraja01,35.4,25.4,4.4,7.1,0.9,0.4,0.483,0.435,0.887,5.2,18.1,,0.688,0.46,0.524,0.423,0.127,0.195,0.14,0.124,0.414,39.7,23.7,5.0,5.7,0.8,0.3,0.357,0.262,0.975,6.0,238.0,-0.8,2016.0,7.0,9,Veteran,,,,,10.0,False,False,True,False,,,,False,172.4025,2.3403054298642534,38.323442136498514,False,93.4036939313984,90.18567639257294,95.38043478260867,98.15303430079156,12.532981530343006,97.8891820580475,83.24538258575198,72.16358839050132,96.04221635883906,61.21372031662269,96.70184696569922,63.58839050131926,55.67282321899736,67.01846965699208,96.4769647696477,92.0844327176781,94.6949602122016,82.36074270557029,81.6976127320955,52.65251989389921,82.89124668435012,,32.047477744807125,92.93821517354272,3,96.63341645885288,True,Guard,95.2941176470588,91.71597633136096,96.29629629629628,98.23529411764706,17.352941176470587,98.23529411764706,83.23529411764706,76.76470588235294,95.2941176470588,86.47058823529412,94.41176470588236,57.35294117647059,78.52941176470588,86.76470588235294,97.6470588235294,86.47058823529412,88.75739644970415,91.71597633136096,85.50295857988166,52.071005917159766,82.54437869822485,,50.35971223021583,-3.695201285310162,0.9617606266991128,False,46443534.50456032,27626995.031436853,74218061.20775974,39832545.96809765,51476046.996139,-3662093.4954396784,1.0031765814840832,High,Fairly paid,57736350.0,0.8678350467253299,False,Near-Max,5.0,17,45.72271386430678,21.695760598503743,97.94168096054888
edgecvj01,VJ Edgecombe,PHI,SG,20.0,75.0,2623.0,-0.4,-0.1,-0.5,1.0,vj edgecombe,edgecvj01,PHI,11663880.0,3.0,11663880.0,11663880.0,edgecvj01,35.0,16.0,5.6,4.2,1.4,0.5,0.438,0.354,0.818,2.4,13.7,,0.629,0.376,0.422,0.507,0.222,0.176,0.124,0.069,0.409,37.0,14.0,6.1,3.4,1.0,0.4,0.414,0.292,0.722,11.0,407.0,-0.6,2025.0,3.0,1,Rookie Scale,,,,,1.0,False,False,True,False,,,,False,228.105,3.1306824247045366,31.454005934718104,False,51.58311345646438,77.18832891246684,45.380434782608695,52.770448548812666,48.54881266490765,97.36147757255937,83.24538258575198,4.749340369393139,77.83641160949868,77.9683377308707,84.30079155672823,92.87598944591028,66.75461741424802,32.45382585751979,50.40650406504065,66.35883905013192,75.3315649867374,22.811671087533156,81.6976127320955,81.83023872679045,71.48541114058355,,21.66172106824926,58.85906474976943,3,62.593516209476306,True,Guard,56.76470588235294,77.51479289940828,50.0,58.52941176470589,56.47058823529411,97.05882352941175,83.23529411764706,5.588235294117648,77.64705882352942,97.05882352941175,76.76470588235294,89.41176470588236,88.52941176470588,47.35294117647059,47.94117647058824,54.11764705882353,53.25443786982249,33.72781065088758,85.50295857988166,81.06508875739645,68.34319526627219,,33.093525179856115,-3.734451459706875,0.940338046400699,True,19049555.73799831,4113370.754118156,44088617.59559067,5930649.694648249,30578914.54470037,7385675.737998314,2.0984870928897066,Medium,Fairly paid,41240250.0,0.2828275774273919,False,Rookie Scale,32.0,178,45.42772861356932,86.53366583541147,85.42024013722127
willija06,Jalen Williams,OKC,SG,24.0,33.0,936.0,1.1,1.0,2.1,1.0,jalen williams,willija06,OKC,41500000.0,5.0,240700000.0,41500000.0,willija06,28.4,17.1,4.6,5.5,1.2,0.3,0.484,0.299,0.837,3.9,13.5,,0.702,0.448,0.421,0.333,0.294,0.26,0.213,0.061,0.173,21.4,14.4,3.2,2.8,1.0,0.4,0.518,0.417,0.75,5.0,107.0,6.8,2022.0,12.0,4,Rookie Scale,,,,,4.0,False,False,True,True,,,,False,130.977,5.037576923076923,66.66172106824926,False,81.79419525065963,92.83819628647215,85.59782608695652,75.46174142480211,81.13456464379946,23.218997361477573,4.089709762532982,36.01583113456465,81.79419525065963,63.19261213720316,91.16094986807389,85.75197889182058,40.89709762532981,67.94195250659631,15.989159891598916,75.46174142480211,79.84084880636605,35.0132625994695,58.22281167108754,76.92307692307693,66.18037135278514,,75.66765578635015,87.36205720270067,3,91.2718204488778,True,Guard,83.82352941176471,94.67455621301777,88.27160493827161,76.47058823529412,83.82352941176471,25.294117647058822,5.0,38.82352941176471,82.94117647058825,88.8235294117647,84.70588235294117,79.70588235294119,61.47058823529412,87.94117647058823,14.117647058823527,64.11764705882354,59.76331360946746,44.08284023668639,61.53846153846154,76.33136094674556,63.31360946745562,,90.64748201438849,-3.909763246177135,0.9571635229039064,True,10842074.42753337,2981795.14361499,55226189.781095974,4299146.251350992,38303694.46907839,-30657925.57246663,4.818671462428511,Low,Leaning overpaid,41240250.0,1.0062984584235062,True,Max,21.0,30,45.13274336283185,0.2493765586034912,61.23499142367067
adebaba01,Bam Adebayo,MIA,C,28.0,73.0,2365.0,1.5,0.4,2.0,2.4,bam adebayo,adebaba01,MIA,49800000.0,3.0,103584000.0,49800000.0,adebaba01,32.4,20.1,10.0,3.2,1.2,0.7,0.442,0.318,0.778,5.8,15.7,,0.685,0.45,0.426,0.308,0.205,0.252,0.148,0.045,0.349,,,,,,,,,,,,,2017.0,14.0,9,Veteran,,,,,9.0,False,False,False,False,,,,False,234.9505,3.5764135306553904,50.74925816023739,False,80.47493403693932,96.55172413793105,93.75,80.73878627968337,63.98416886543535,92.61213720316624,79.02374670184696,72.16358839050132,88.52242744063325,96.96569920844328,70.18469656992085,85.75197889182058,79.15567282321899,36.147757255936675,22.899728997289973,48.54881266490765,55.03978779840849,27.718832891246688,93.50132625994696,92.44031830238728,95.88859416445624,,51.92878338278932,91.48188006095896,3,95.76059850374064,True,Big,79.5774647887324,95.07042253521126,91.42857142857144,79.92957746478874,55.98591549295775,93.66197183098592,78.52112676056338,69.01408450704226,91.19718309859157,92.6056338028169,85.91549295774648,94.3661971830986,57.04225352112676,20.422535211267608,27.27272727272727,71.12676056338029,82.3943661971831,18.30985915492958,91.90140845070422,89.43661971830986,94.3661971830986,,31.851851851851855,-4.278718442781695,0.9553185912615766,False,43345511.82625628,31786660.091106225,62490476.695898,43342047.24378939,45829942.699542046,-6454488.173743717,0.7083505376026757,High,Leaning overpaid,49488300.0,1.0062984584235062,True,Max,14.0,30,44.83775811209439,14.463840399002494,96.0548885077187
postqu01,Quinten Post,GSW,PF,25.0,67.0,1159.0,-1.0,-0.1,-1.1,0.3,quinten post,postqu01,MEM,8285714.0,3.0,8285714.0,8285714.0,postqu01,17.3,7.7,4.0,1.4,0.4,0.5,0.44,0.336,0.791,0.6,6.6,,0.806,0.507,0.462,0.5,0.141,0.171,0.03,0.027,0.631,,,,,,,,,,,,,2024.0,52.0,2,Rookie Scale,,,,,2.0,False,False,False,False,,,,False,62.350199999999994,1.9366757549611733,59.39169139465877,True,41.82058047493404,60.212201591511935,42.391304347826086,42.34828496042216,48.54881266490765,35.09234828496042,60.29023746701847,46.04221635883905,32.58575197889182,54.35356200527705,26.2532981530343,8.839050131926122,66.75461741424802,34.696569920844325,37.669376693766935,55.67282321899736,32.62599469496021,34.217506631299734,28.381962864721483,22.015915119363395,63.26259946949602,,65.8753709198813,48.931459845985266,3,53.241895261845386,True,Big,31.690140845070424,58.45070422535211,35.714285714285715,34.154929577464785,38.028169014084504,39.436619718309856,60.56338028169014,41.901408450704224,36.267605633802816,26.76056338028169,38.38028169014084,13.732394366197184,38.38028169014084,19.014084507042252,43.93939393939394,75.35211267605634,51.40845070422535,26.056338028169012,22.535211267605636,25.352112676056336,65.84507042253522,,45.92592592592592,-4.31043541586012,0.9190405338754142,True,7562507.767068553,2496281.505610614,26621661.370562352,3599133.662868553,18464210.321935546,-723206.2329314472,3.190129598280523,Low,Fairly paid,41240250.0,0.2009132825334473,False,Rookie Scale,48.0,178,44.54277286135693,31.92019950124688,34.476843910806174
robindu01,Duncan Robinson,DET,SG,31.0,77.0,2113.0,0.8,-0.1,0.8,1.5,duncan robinson,robindu01,DET,15992957.0,2.0,,15992957.0,robindu01,27.4,12.2,2.7,2.1,0.6,0.3,0.456,0.41,0.755,1.4,9.1,,0.741,0.53,0.6,0.333,0.083,0.119,0.021,0.009,0.768,29.5,11.8,2.4,2.3,1.3,0.2,0.447,0.456,0.611,13.0,383.0,3.9,,,8,Veteran,,,,,8.0,True,False,True,False,,,,False,58.1581,0.9908620918125888,41.00890207715133,True,67.54617414248021,66.57824933687002,69.56521739130434,70.05277044854881,48.54881266490765,83.64116094986808,88.39050131926122,87.20316622691293,61.74142480211082,25.593667546174142,48.15303430079156,28.49604221635884,40.89709762532981,46.96569920844328,90.2439024390244,37.994722955145114,12.3342175066313,86.3395225464191,68.83289124668434,45.225464190981434,78.77984084880637,,35.311572700296736,67.94034355868544,3,72.31920199501248,True,Guard,69.70588235294117,66.86390532544378,75.30864197530865,72.94117647058823,56.47058823529411,81.76470588235294,87.6470588235294,90.0,61.76470588235294,45.588235294117645,33.52941176470588,24.11764705882353,61.47058823529412,65.29411764705883,92.3529411764706,23.52941176470588,3.8461538461538463,94.0828402366864,71.89349112426035,43.786982248520715,77.51479289940828,,53.956834532374096,-4.378858436327036,0.9394509574838916,False,15728026.051563118,5849937.109949176,32400673.07532731,8434427.579886217,22472408.235823043,-264930.94843688235,1.6881162250325377,High,Fairly paid,49488300.0,0.3231664251954502,False,Mid-Level,49.0,147,44.24778761061947,34.413965087281795,80.61749571183533
curryst01,Stephen Curry,GSW,PG,37.0,43.0,1329.0,6.3,-1.0,5.4,2.5,stephen curry,curryst01,GSW,62587158.0,1.0,62587158.0,62587158.0,curryst01,30.9,26.6,3.6,4.7,1.1,0.4,0.468,0.393,0.923,5.1,18.6,,0.698,0.587,0.46,0.509,0.108,0.158,0.063,0.066,0.606,,,,,,,,,,,,,2009.0,7.0,17,Veteran,,,,,17.0,False,False,False,False,,,,False,86.37840000000001,2.3398212189616254,40.882789317507424,True,97.75725593667546,97.3474801061008,91.84782608695652,98.41688654353564,21.108179419525065,45.382585751978894,12.796833773087071,98.54881266490764,97.0976253298153,46.17414248021108,85.8839050131926,79.94722955145119,55.67282321899736,55.27704485488126,82.52032520325203,99.2084432717678,82.49336870026525,89.78779840848806,94.6949602122016,49.07161803713528,69.09814323607428,,35.01483679525222,95.38755380656536,3,100.0,True,Guard,97.94117647058825,98.22485207100593,92.5925925925926,98.82352941176472,24.705882352941178,44.70588235294118,15.0,99.41176470588236,97.05882352941175,71.47058823529412,78.82352941176471,72.6470588235294,78.52941176470588,75.88235294117646,80.0,99.41176470588236,63.905325443786985,96.15384615384616,95.26627218934912,47.928994082840234,67.15976331360946,,53.23741007194245,-4.612446193434636,0.9538755380656536,False,57270709.6214359,13131818.195865888,77270088.74251993,18933429.1093302,57270709.6214359,-5316448.378564097,1.1199140183631962,High,Leaning overpaid,57736350.0,1.0840165337781138,True,Max,11.0,30,43.95280235988201,16.957605985037407,100.0
hardeja01,James Harden,CLE,PG,36.0,70.0,2438.0,4.6,-0.8,3.9,3.6,james harden,hardeja01,CLE,42317307.0,1.0,,42317307.0,hardeja01,34.8,23.6,4.8,8.0,1.1,0.4,0.434,0.375,0.884,7.5,16.0,,0.66,0.429,0.467,0.324,0.139,0.224,0.093,0.033,0.51,37.3,19.2,5.1,5.5,1.7,0.7,0.41,0.299,0.831,18.0,672.0,0.8,2009.0,3.0,17,Veteran,,,,,17.0,False,False,True,False,,,,False,155.68,2.2988022969647255,28.30860534124629,False,93.13984168865436,78.24933687002653,95.1086956521739,95.91029023746702,28.100263852242747,94.1952506596306,70.97625329815304,97.36147757255937,94.32717678100263,65.17150395778364,98.68073878627968,79.94722955145119,55.67282321899736,29.155672823218996,69.10569105691057,91.42480211081794,97.87798408488064,78.91246684350133,46.02122015915119,24.53580901856764,34.350132625994696,,18.991097922848667,88.29422261798875,3,93.01745635910224,True,Guard,94.70588235294116,78.10650887573965,95.679012345679,94.70588235294116,32.64705882352941,93.52941176470588,72.35294117647058,98.82352941176472,93.82352941176472,91.47058823529412,97.6470588235294,72.6470588235294,78.52941176470588,42.05882352941177,66.17647058823529,85.88235294117646,95.26627218934912,89.64497041420118,49.70414201183432,22.7810650887574,31.952662721893493,,29.496402877697843,-4.723233741113489,0.9492220715767692,False,43998881.579832576,14677954.270525524,71172012.16446945,21162644.99751262,49363373.057297625,1681574.5798325762,1.2839884984676218,High,Fairly paid,57736350.0,0.7329404612518803,False,Mid-Level,7.0,147,43.657817109144545,46.38403990024938,96.39794168096056
suggsja01,Jalen Suggs,ORL,PG,24.0,57.0,1574.0,0.7,1.8,2.5,1.8,jalen suggs,suggsja01,ORL,32400000.0,4.0,88800000.0,32400000.0,suggsja01,27.6,13.8,3.9,5.5,1.8,0.7,0.435,0.339,0.855,2.1,11.4,,0.683,0.53,0.465,0.412,0.156,0.128,0.109,0.052,0.555,35.4,11.1,4.0,4.1,1.9,0.6,0.299,0.241,0.929,7.0,248.0,-3.8,2021.0,5.0,5,Veteran,,,,,5.0,False,False,True,False,,,,False,101.3688,2.3184731893265567,35.77893175074184,False,85.62005277044855,74.53580901856765,83.96739130434783,68.07387862796834,93.93139841688657,60.554089709762536,36.80738786279684,36.01583113456465,70.05277044854881,51.97889182058047,91.16094986807389,98.41688654353564,79.15567282321899,30.21108179419525,39.701897018970186,82.71767810026385,86.73740053050398,35.80901856763926,84.48275862068965,76.92307692307693,89.38992042440319,,27.299703264094955,80.84371331370545,3,85.785536159601,True,Guard,89.70588235294117,74.55621301775149,87.03703703703704,71.17647058823529,95.2941176470588,64.11764705882354,40.294117647058826,38.82352941176471,72.05882352941177,77.3529411764706,84.70588235294117,97.6470588235294,95.2941176470588,43.8235294117647,39.411764705882355,72.6470588235294,72.18934911242604,44.97041420118343,87.27810650887574,76.33136094674556,90.53254437869822,,42.44604316546763,-4.941822845895544,0.9423932860115084,False,19186578.968171872,3564202.1365196076,41792073.9058153,5138859.484390514,28986081.358548492,-13213421.031828128,1.9924277190170765,High,Leaning overpaid,41240250.0,0.7856402422390747,False,Near-Max,10.0,17,43.36283185840708,6.483790523690773,85.5917667238422
jacksis01,Isaiah Jackson,LAC,C,24.0,55.0,908.0,-1.9,0.8,-1.2,0.2,isaiah jackson,jacksis01,LAC,7000000.0,2.0,13400000.0,7000000.0,jacksis01,16.5,6.7,5.3,0.9,0.7,0.9,0.637,0.0,0.648,1.9,4.3,,0.738,0.526,0.167,0.0,0.629,0.321,0.025,0.013,0.013,,,,,,,,,,,,,2021.0,22.0,5,Veteran,,,,,5.0,False,False,False,False,,,,False,148.7585,5.897914096916299,82.12166172106825,False,39.97361477572559,35.0132625994695,53.2608695652174,25.32981530343008,77.04485488126649,21.372031662269126,31.398416886543533,36.01583113456465,24.80211081794195,73.87862796833772,10.15831134564644,41.42480211081794,87.33509234828496,95.51451187335093,0.9485094850948508,11.87335092348285,13.660477453580905,92.57294429708224,49.20424403183024,52.65251989389921,52.785145888594165,,91.3946587537092,43.096203255688984,3,48.12967581047381,True,Big,29.577464788732392,32.3943661971831,45.0,19.014084507042252,70.4225352112676,23.591549295774648,30.28169014084507,32.3943661971831,28.169014084507044,49.647887323943664,17.6056338028169,52.112676056338024,71.12676056338029,88.02816901408451,2.6515151515151514,20.422535211267608,27.464788732394368,82.3943661971831,41.901408450704224,50.70422535211267,53.87323943661971,,82.96296296296296,-5.033472554784829,0.8954185236026572,False,6668723.271182733,2078088.349201482,27867215.035452224,2996183.6095871255,19328099.48781664,-331276.72881726734,3.867176015189022,Low,Fairly paid,41240250.0,0.1697370893726396,False,Mid-Level,101.0,147,43.067846607669615,33.915211970074814,26.41509433962264
elliske01,Keon Ellis,CLE,SG,26.0,72.0,1478.0,-1.8,1.3,-0.5,0.6,keon ellis,elliske01,BRK,8780488.0,2.0,8780488.0,8780488.0,elliske01,20.5,6.7,1.9,1.0,1.2,0.6,0.44,0.363,0.729,1.0,5.3,,0.836,0.545,0.28,0.111,0.143,0.115,0.065,0.023,0.654,7.4,1.6,1.2,0.3,0.6,0.1,0.333,0.357,0.8,12.0,89.0,-0.9,,,4,Rookie Scale,,,,,4.0,True,False,True,True,,,,False,54.56879999999999,1.329145331529093,56.23145400593472,True,51.58311345646438,24.13793103448276,73.6413043478261,26.912928759894463,87.0712401055409,56.200527704485495,76.38522427440633,55.8047493403694,24.80211081794195,9.102902374670183,13.060686015831136,85.75197889182058,73.87862796833772,34.696569920844325,58.80758807588076,29.551451187335093,23.87267904509284,52.12201591511937,65.78249336870027,83.55437665782493,26.25994694960212,,60.83086053412463,49.56299163248191,3,54.613466334164585,True,Guard,56.76470588235294,27.2189349112426,78.39506172839506,32.94117647058823,89.70588235294117,59.411764705882355,78.23529411764706,60.29411764705882,24.41176470588235,17.352941176470587,5.88235294117647,79.70588235294119,92.64705882352942,49.411764705882355,55.58823529411765,15.88235294117647,10.059171597633137,63.31360946745562,67.75147928994083,83.72781065088756,24.55621301775148,,79.13669064748201,-5.050474701682674,0.9075232714440752,True,10179794.474573571,2918597.4505330785,20046308.369112033,4208027.944350954,13903687.255031887,1399306.474573573,1.6825203064128098,Medium,Fairly paid,41240250.0,0.2129106394844842,False,Rookie Scale,46.0,178,42.772861356932154,44.38902743142145,57.46140651801029
easonta01,Tari Eason,HOU,PF,24.0,60.0,1549.0,-1.8,0.2,-1.6,0.2,tari eason,easonta01,HOU,14051724.0,5.0,62951724.0,14051724.0,easonta01,25.8,10.5,6.3,1.5,1.2,0.5,0.416,0.358,0.776,1.1,9.7,,0.654,0.384,0.245,0.174,0.234,0.193,0.084,0.04,0.448,32.5,13.8,6.7,1.7,2.5,0.7,0.477,0.333,0.846,6.0,195.0,4.0,2022.0,17.0,4,Rookie Scale,,,,,4.0,False,False,True,False,,,,False,136.18800000000002,3.165118140735959,37.611275964391695,False,32.98153034300791,73.47480106100795,72.55434782608695,26.912928759894463,58.70712401055409,58.970976253298154,42.480211081794195,36.01583113456465,52.638522427440634,83.64116094986808,30.738786279683374,85.75197889182058,66.75461741424802,17.018469656992085,53.65853658536586,47.62532981530343,46.15384615384615,9.416445623342176,87.66578249336871,97.87798408488064,62.201591511936336,,30.267062314540063,63.00631341841257,3,68.07980049875312,True,Big,23.591549295774648,73.23943661971832,65.0,20.070422535211268,48.943661971830984,61.97183098591549,41.54929577464789,32.3943661971831,54.5774647887324,64.08450704225352,43.66197183098591,94.3661971830986,38.38028169014084,9.15492957746479,60.98484848484848,70.07042253521126,70.77464788732394,5.985915492957746,83.45070422535211,96.83098591549296,64.7887323943662,,15.555555555555555,-5.0734870803405485,0.9254773509444484,True,13067033.20896336,3542068.7791013746,35504137.006057344,5106947.654103257,24624903.9026376,-984690.7910366394,2.446008035322931,Low,Fairly paid,41240250.0,0.3407283903468092,False,Rookie Scale,25.0,178,42.47787610619469,30.92269326683292,72.72727272727273
reaveau01,Austin Reaves,LAL,SG,27.0,51.0,1762.0,3.4,-0.6,2.8,2.1,austin reaves,reaveau01,LAL,41240250.0,4.0,133618410.0,41240250.0,reaveau01,34.5,23.3,4.7,5.5,1.1,0.4,0.49,0.36,0.871,7.3,14.9,,0.833,0.54,0.462,0.188,0.15,0.277,0.122,0.021,0.43,36.8,20.0,4.0,5.8,0.0,1.2,0.407,0.257,0.86,6.0,221.0,-1.7,,,5,Veteran,,,,,5.0,True,False,True,False,,,,False,113.985,2.3288649262202044,67.81899109792285,False,88.91820580474933,88.3289124668435,80.16304347826086,93.66754617414249,33.24538258575198,68.46965699208444,23.614775725593667,65.03957783641161,93.93139841688657,63.98416886543535,91.16094986807389,79.94722955145119,55.67282321899736,70.71240105540898,55.28455284552846,87.86279683377309,90.84880636604774,89.78779840848806,73.87267904509284,49.07161803713528,83.55437665782493,,77.74480712166172,85.41403493060147,3,90.77306733167082,True,Guard,92.94117647058825,89.3491124260355,83.9506172839506,93.52941176470588,39.411764705882355,70.58823529411765,26.176470588235297,70.58823529411765,92.94117647058825,90.0,84.70588235294117,72.6470588235294,78.52941176470588,91.47058823529412,52.64705882352941,79.41176470588235,81.06508875739645,96.15384615384616,77.2189349112426,47.928994082840234,84.02366863905326,,93.5251798561151,-5.359032401069342,0.9409623078893186,False,23799973.726388883,2709751.174384452,50825083.4535866,3906913.802711949,35251182.01505876,-17440276.273611117,2.021654848545187,High,Leaning overpaid,41240250.0,1.0,True,Max,24.0,30,42.18289085545723,3.4912718204488775,90.05145797598628
quickim01,Immanuel Quickley,TOR,PG,26.0,70.0,2231.0,1.9,0.6,2.4,2.5,immanuel quickley,quickim01,TOR,32500000.0,3.0,97500000.0,32500000.0,quickim01,31.9,16.4,4.0,5.9,1.3,0.1,0.443,0.374,0.821,3.0,12.9,,0.705,0.478,0.456,0.459,0.105,0.178,0.15,0.041,0.526,,,,,,,,,,,,,2020.0,25.0,6,Veteran,,,,,6.0,False,False,False,False,,,,False,94.815,1.5299596593455849,32.41097922848665,True,84.30079155672823,80.10610079575596,77.44565217391305,85.22427440633246,71.50395778364116,87.20316622691293,70.97625329815304,55.8047493403694,79.15567282321899,54.35356200527705,92.87598944591028,89.5778364116095,9.366754617414248,36.80738786279684,67.88617886178862,67.28232189973615,92.04244031830238,51.45888594164456,68.83289124668434,73.87267904509284,38.726790450928384,,22.551928783382788,80.15710525280794,3,86.0349127182045,True,Guard,88.23529411764706,78.69822485207101,80.8641975308642,85.88235294117646,75.88235294117646,86.76470588235294,72.35294117647058,60.29411764705882,78.82352941176471,80.0,87.94117647058823,85.0,16.76470588235294,52.352941176470594,64.70588235294117,54.70588235294118,83.4319526627219,62.1301775147929,71.89349112426035,72.7810650887574,35.50295857988166,,34.53237410071942,-5.8778074653965575,0.9316811364166953,False,24117099.628167916,6522866.6611121185,48333208.110184185,9404656.055675505,33522871.005607333,-8382900.371832084,1.7336388742300948,High,Fairly paid,41240250.0,0.788065057801541,False,Near-Max,11.0,17,41.88790560471977,10.224438902743142,90.56603773584906
isaacjo01,Jonathan Isaac,ORL,PF,28.0,52.0,521.0,-2.9,1.3,-1.6,0.1,jonathan isaac,isaacjo01,ORL,10449421.0,1.0,10449421.0,10449421.0,isaacjo01,10.0,2.6,2.5,0.4,0.4,0.6,0.422,0.184,0.603,1.1,2.1,,0.636,0.5,0.2,0.25,0.404,0.165,0.046,0.037,0.349,,,,,,,,,,,,,2017.0,6.0,7,Veteran,,,,,9.0,False,False,False,False,,,,False,44.116800000000005,3.04837773512476,32.58160237388724,True,32.98153034300791,46.684350132625994,73.91304347826086,11.74142480211082,87.0712401055409,0.79155672823219,25.065963060686013,72.16358839050132,0.2638522427440633,20.58047493403694,1.3192612137203166,8.839050131926122,73.87862796833772,21.50395778364116,3.2520325203252036,7.12401055408971,1.989389920424403,4.641909814323608,77.45358090185677,99.3368700265252,36.206896551724135,,22.8486646884273,53.469405189834546,3,59.35162094763092,True,Big,23.591549295774648,42.95774647887324,67.14285714285714,8.80281690140845,83.80281690140845,1.4084507042253522,25.0,69.01408450704226,0.7042253521126761,3.873239436619718,2.8169014084507045,13.732394366197184,48.59154929577465,13.028169014084506,9.090909090909092,12.676056338028168,4.225352112676056,2.112676056338028,72.88732394366197,99.29577464788731,40.49295774647887,,12.592592592592592,-5.882215757796374,0.900892079038809,False,9807829.145841656,3896375.456803091,33084802.04929697,5617786.310652708,22946905.341276944,-641591.8541583437,2.976033346264933,Medium,Fairly paid,49488300.0,0.2111493221630163,False,Mid-Level,76.0,147,41.5929203539823,32.418952618453865,54.8885077186964
zubaciv01,Ivica Zubac,IND,C,28.0,48.0,1446.0,0.7,-0.9,-0.3,0.6,ivica zubac,zubaciv01,IND,20342140.0,2.0,42132440.0,20342140.0,zubaciv01,30.1,14.1,10.6,2.2,0.4,0.8,0.598,,0.711,3.0,10.0,,0.694,0.516,0.513,,0.461,0.459,0.081,0.0,0.0,,,,,,,,,,,,,2016.0,32.0,10,Veteran,,,,,10.0,False,False,False,False,,,,False,221.28,5.509045643153527,65.61572700296736,False,54.089709762532976,71.88328912466844,84.23913043478261,68.07387862796834,24.670184696569923,53.43007915567283,18.46965699208443,72.16358839050132,71.76781002638522,98.15303430079156,50.52770448548812,8.839050131926122,83.90501319261213,92.87598944591028,,23.614775725593667,32.62599469496021,83.0238726790451,83.28912466843501,38.196286472148536,49.46949602122016,,74.1839762611276,72.06833477542739,3,78.55361596009975,True,Big,44.71830985915493,71.83098591549296,80.0,63.732394366197184,18.30985915492958,57.74647887323944,21.47887323943662,69.01408450704226,75.35211267605634,95.07042253521126,67.6056338028169,13.732394366197184,65.14084507042254,80.98591549295774,,39.7887323943662,51.40845070422535,70.4225352112676,77.8169014084507,40.140845070422536,50.352112676056336,,56.2962962962963,-6.48528118467236,0.917441341109409,False,12841525.8980835,6212844.688914705,45376635.71993212,8957666.998609317,31472256.14405676,-7500614.101916501,3.049777054677148,Low,Fairly paid,57736350.0,0.3523281260419129,False,Mid-Level,36.0,147,41.29793510324484,11.970074812967582,72.04116638078902
missiyv01,Yves Missi,NOP,C,21.0,66.0,1297.0,-1.4,-0.3,-1.7,0.1,yves missi,missiyv01,NOP,3512760.0,2.0,3512760.0,3512760.0,missiyv01,19.7,5.7,5.8,1.3,0.3,1.5,0.544,0.0,0.559,1.5,4.5,,0.637,0.404,0.111,0.0,0.656,0.303,0.031,0.007,0.003,,,,,,,,,,,,,2024.0,21.0,2,Rookie Scale,,,,,2.0,False,False,False,False,,,,False,194.832,5.407827293754819,50.90504451038575,False,31.266490765171508,5.835543766578249,33.15217391304348,34.696569920844325,42.0844327176781,43.27176781002638,57.78364116094987,9.630606860158313,15.699208443271766,81.39841688654353,22.03166226912929,3.825857519788918,96.43799472295514,87.59894459102902,0.9485094850948508,4.353562005277045,12.3342175066313,33.28912466843501,0.9283819628647214,41.51193633952255,72.67904509283821,,52.818991097922854,22.437016821151023,3,28.92768079800499,True,Big,21.830985915492956,5.633802816901409,27.142857142857142,27.11267605633803,32.3943661971831,51.40845070422535,57.74647887323944,7.394366197183098,15.492957746478872,59.859154929577464,33.80281690140845,4.929577464788732,90.49295774647888,69.71830985915493,2.6515151515151514,7.394366197183098,25.0,24.295774647887324,0.7042253521126761,43.66197183098591,73.94366197183099,,33.33333333333333,-6.490663976853963,0.7756244608001346,True,4822141.353236205,1954411.9713766696,17799577.399072945,2817867.256351135,12345403.097248953,1309381.353236205,3.2859189034478153,Low,Fairly paid,41240250.0,0.0851779511520905,False,Rookie Scale,99.0,178,41.00294985250738,43.89027431421446,12.69296740994854
shannte01,Terrence Shannon Jr.,MIN,SG,25.0,43.0,538.0,-2.5,-1.1,-3.6,-0.2,terrence shannon,shannte01,MIN,2801640.0,2.0,2801640.0,2801640.0,shannte01,12.5,5.6,1.1,0.9,0.3,0.0,0.45,0.408,0.8,1.6,4.0,,0.593,0.292,0.333,0.333,0.345,0.14,0.035,0.035,0.444,22.6,11.8,2.6,1.3,0.4,0.0,0.404,0.25,0.917,9.0,203.0,-2.5,2024.0,27.0,2,Rookie Scale,,,,,2.0,False,False,True,False,,,,False,59.34,3.970706319702602,36.409495548961424,True,11.08179419525066,25.198938992042443,12.228260869565217,15.03957783641161,18.601583113456467,2.1108179419525066,12.796833773087071,46.04221635883905,14.775725593667548,1.3192612137203166,10.15831134564644,3.825857519788918,1.3192612137203166,41.029023746701846,88.88888888888889,59.76253298153035,55.03978779840849,59.94694960212201,15.251989389920425,35.94164456233422,2.3872679045092835,,28.18991097922849,16.805648496915538,3,23.44139650872818,True,Guard,17.352941176470587,28.402366863905325,17.28395061728395,20.0,22.941176470588236,1.7647058823529411,15.0,49.11764705882353,16.176470588235293,2.941176470588235,4.411764705882353,2.0588235294117645,2.3529411764705883,58.82352941176471,90.0,46.47058823529411,29.585798816568047,71.59763313609467,15.680473372781064,36.09467455621302,3.5502958579881656,,44.60431654676259,-6.635748011812641,0.7169218135386309,True,10998192.139130896,2732287.7147859763,19248181.62198385,3939406.941415023,13350123.7520856,8196552.139130896,1.5016917051699188,Medium,Leaning underpaid,41240250.0,0.0679346027242802,False,Rookie Scale,109.0,178,40.70796460176992,89.02743142144638,61.74957118353345
johnsja05,Jalen Johnson,ATL,SF,24.0,72.0,2532.0,2.8,1.4,4.2,4.0,jalen johnson,johnsja05,ATL,30000000.0,4.0,120000000.0,30000000.0,johnsja05,35.2,22.5,10.3,7.9,1.2,0.4,0.489,0.352,0.788,5.3,17.1,,0.735,0.433,0.441,0.446,0.252,0.273,0.144,0.053,0.278,35.7,19.5,7.7,5.2,0.8,0.3,0.435,0.29,0.875,6.0,214.0,2.0,2021.0,20.0,5,Veteran,,,,,5.0,False,False,True,False,,,,False,310.2624,4.411313744075829,73.59050445103858,False,94.1952506596306,80.63660477453581,64.94565217391305,91.2928759894459,88.78627968337732,95.51451187335093,76.38522427440633,36.01583113456465,93.66754617414249,97.36147757255937,98.41688654353564,85.75197889182058,55.67282321899736,69.92084432717678,48.9159891598916,54.221635883905016,82.22811671087533,53.18302387267904,59.6816976127321,38.196286472148536,59.15119363395226,,83.08605341246292,78.14215902057597,3,84.78802992518703,True,Wing,94.02985074626866,83.33333333333334,69.6969696969697,86.56716417910447,91.04477611940298,94.02985074626866,74.6268656716418,38.059701492537314,92.53731343283582,100.0,100.0,84.32835820895522,60.44776119402984,71.64179104477611,44.776119402985074,47.76119402985074,95.45454545454544,51.51515151515152,68.93939393939394,37.878787878787875,59.09090909090909,,88.88888888888889,-6.6458709046110584,0.921617816683852,False,22488385.081691936,4341494.050004371,41878760.25782872,6259557.404641383,29046205.14321157,-7511614.918308064,1.6691846066965426,High,Leaning overpaid,41240250.0,0.727444668739884,False,Mid-Level,19.0,147,40.41297935103245,11.72069825436409,89.19382504288164
vassede01,Devin Vassell,SAS,SG,25.0,67.0,2044.0,0.1,0.3,0.5,1.3,devin vassell,vassede01,SAS,27000000.0,3.0,78652174.0,27000000.0,vassede01,30.5,13.9,4.0,2.5,0.9,0.4,0.437,0.384,0.815,1.9,11.3,,0.657,0.348,0.5,0.486,0.089,0.061,0.18,0.098,0.572,34.8,13.0,5.3,2.7,1.3,0.7,0.432,0.378,0.821,23.0,801.0,3.4,2020.0,11.0,6,Veteran,,,,,6.0,False,False,True,False,,,,False,67.3819,1.186765362035225,16.3353115727003,True,63.7203166226913,80.37135278514589,82.06521739130434,58.443271767810025,61.08179419525066,81.26649076517151,60.29023746701847,46.04221635883905,70.71240105540898,54.35356200527705,56.99208443271768,63.58839050131926,55.67282321899736,31.53034300791557,75.20325203252033,65.4353562005277,36.47214854111406,46.41909814323608,71.75066312997347,8.488063660477453,88.19628647214854,,6.528189910979229,76.84379297184167,3,83.66583541147132,True,Guard,67.64705882352942,79.28994082840237,84.5679012345679,63.52941176470588,67.94117647058823,80.0,62.05882352941177,49.11764705882353,72.94117647058823,80.0,41.76470588235294,57.35294117647059,78.52941176470588,45.88235294117647,71.17647058823529,52.94117647058824,18.34319526627219,57.100591715976336,75.7396449704142,5.621301775147929,89.64497041420118,,12.23021582733813,-6.822042439629655,0.9184608340300598,False,24324887.168063097,7936831.548036708,51293988.756580815,11443307.79074878,35576404.622883305,-2675112.8319369033,1.78241966381941,High,Fairly paid,41240250.0,0.6547002018658956,False,Mid-Level,25.0,147,40.117994100294986,24.189526184538657,90.9090909090909
sextoco01,Collin Sexton,CHI,SG,27.0,68.0,1614.0,1.1,-0.5,0.6,1.1,collin sexton,sextoco01,LAL,9366000.0,2.0,19200300.0,9366000.0,sextoco01,23.7,15.4,2.3,3.3,1.1,0.1,0.485,0.401,0.855,3.8,10.9,,0.647,0.448,0.526,0.333,0.275,0.22,0.077,0.053,0.376,,,,,,,,,,,,,2018.0,8.0,8,Veteran,,,,,8.0,False,False,False,False,,,,False,203.83000000000004,4.546394052044611,47.7893175074184,False,64.77572559366754,40.84880636604775,49.184782608695656,75.46174142480211,36.93931398416886,61.74142480211082,63.19261213720316,65.03957783641161,76.64907651715039,15.699208443271766,72.0316622691293,79.94722955145119,9.366754617414248,68.73350923482849,86.1788617886179,82.71767810026385,85.6763925729443,78.11671087533156,28.381962864721483,27.32095490716181,13.660477453580905,,47.47774480712167,49.95652726394566,3,56.85785536159601,True,Guard,68.52941176470588,44.37869822485207,54.93827160493827,76.47058823529412,44.11764705882353,65.29411764705883,64.70588235294117,70.58823529411765,77.05882352941177,29.117647058823533,59.11764705882353,72.6470588235294,16.76470588235294,89.11764705882354,86.47058823529412,72.6470588235294,69.8224852071006,88.75739644970415,31.65680473372781,26.627218934911244,13.017751479289942,,64.74820143884892,-6.9013280976503495,0.8786213786334303,False,9427627.796770755,4927559.389477164,26823519.01754119,7104545.234417837,18604214.433513317,61627.796770757064,2.322531192371006,Medium,Fairly paid,49488300.0,0.1892568546504931,False,Mid-Level,84.0,147,39.823008849557525,36.15960099750624,51.114922813036024
laravja01,Jake LaRavia,LAL,PF,24.0,82.0,2061.0,-1.6,0.5,-1.2,0.4,jake laravia,laravja01,LAL,6000000.0,1.0,6000000.0,6000000.0,laravja01,25.1,8.2,4.0,1.8,1.3,0.5,0.459,0.321,0.763,1.9,6.4,,0.721,0.488,0.333,0.25,0.247,0.235,0.046,0.008,0.465,14.3,3.3,2.1,0.8,0.5,0.8,0.333,0.286,1.0,8.0,114.0,-5.6,2022.0,19.0,4,Rookie Scale,,,,,4.0,False,False,True,True,,,,False,129.62560000000002,2.2642026200873366,47.19584569732938,False,39.97361477572559,31.830238726790448,39.40217391304348,30.606860158311346,67.67810026385224,82.05804749340369,97.75725593667546,36.01583113456465,35.48812664907652,54.35356200527705,39.97361477572559,89.5778364116095,66.75461741424802,48.812664907651715,25.474254742547423,41.16094986807388,38.06366047745358,42.57294429708223,37.6657824933687,76.92307692307693,14.588859416445624,,45.6973293768546,36.70555843386912,3,43.765586034912715,True,Big,29.577464788732392,26.76056338028169,32.857142857142854,23.239436619718308,60.56338028169014,86.61971830985915,98.943661971831,32.3943661971831,39.436619718309856,26.76056338028169,54.5774647887324,96.12676056338027,38.38028169014084,27.464788732394368,30.303030303030305,61.267605633802816,60.91549295774647,30.985915492957744,34.154929577464785,75.0,17.6056338028169,,27.40740740740741,-7.060027601043593,0.8386854092297161,True,12664061.09599943,3691861.980148655,29743904.48567482,5322919.190625228,20629730.826129224,6664061.095999431,2.057163362371648,Medium,Fairly paid,41240250.0,0.1454889337479768,False,Rookie Scale,71.0,178,39.52802359882006,82.54364089775561,71.52658662092625
watfotr01,Trendon Watford,PHI,PF,25.0,53.0,864.0,-2.2,0.2,-1.9,0.0,trendon watford,watfotr01,PHI,2801346.0,1.0,,2801346.0,watfotr01,16.3,6.5,3.3,2.5,0.3,0.4,0.515,0.2,0.779,1.5,5.1,,0.694,0.544,0.375,0.333,0.317,0.425,0.06,0.011,0.187,5.7,2.9,0.4,0.4,0.4,0.0,0.636,0.0,0.75,7.0,40.0,4.3,,,5,Veteran,,,,,5.0,True,False,True,True,,,,False,85.68509999999999,3.5702124999999993,52.93026706231454,True,29.551451187335093,4.509283819628647,17.66304347826087,20.58047493403694,58.70712401055409,17.941952506596305,26.912928759894463,46.04221635883905,22.95514511873351,38.52242744063325,56.99208443271768,3.825857519788918,55.67282321899736,81.13456464379946,4.0650406504065035,49.340369393139845,75.72944297082228,47.745358090185675,23.87267904509284,12.46684350132626,3.7135278514588856,,54.89614243323442,15.702485533542342,3,22.81795511221945,True,Big,20.774647887323944,3.5211267605633805,11.428571428571429,15.140845070422534,48.943661971830984,19.718309859154928,26.76056338028169,41.901408450704224,25.704225352112676,15.845070422535212,75.35211267605634,4.929577464788732,26.76056338028169,61.267605633802816,10.606060606060606,71.83098591549296,97.1830985915493,35.91549295774648,20.070422535211268,15.140845070422534,4.225352112676056,,35.55555555555556,-7.115469578677109,0.6881635736557901,False,3402487.6571932104,1985187.9130543035,18165915.18957462,2862239.947271407,12599487.089924771,601141.6571932104,4.755557964277281,Low,Leaning underpaid,41240250.0,0.0679274737665266,False,Minimum,19.0,29,39.233038348082594,37.905236907730675,0.6861063464837049
foxde01,De'Aaron Fox,SAS,PG,28.0,72.0,2231.0,1.5,0.6,2.2,2.4,deaaron fox,foxde01,SAS,49800000.0,4.0,223104000.0,49800000.0,foxde01,31.0,18.6,3.8,6.2,1.2,0.3,0.486,0.332,0.76,3.4,14.5,,0.71,0.551,0.468,0.529,0.201,0.204,0.151,0.067,0.377,33.5,15.6,3.8,6.0,1.3,0.4,0.414,0.294,0.758,21.0,704.0,0.5,2017.0,5.0,9,Veteran,,,,,9.0,False,False,True,False,,,,False,209.844,3.3860977140295834,56.602373887240354,False,82.98153034300792,87.79840848806366,93.20652173913044,80.73878627968337,71.50395778364116,87.20316622691293,76.38522427440633,72.16358839050132,85.62005277044855,49.86807387862797,94.32717678100263,85.75197889182058,40.89709762532981,69.12928759894459,33.06233062330624,39.97361477572559,87.26790450928382,49.07161803713528,92.04244031830238,86.60477453580901,68.16976127320955,,62.01780415430267,88.62223142094976,3,95.76059850374064,True,Guard,86.1764705882353,88.75739644970415,94.44444444444444,81.76470588235294,75.88235294117646,86.76470588235294,78.23529411764706,76.76470588235294,86.47058823529412,74.70588235294117,90.58823529411764,79.70588235294119,61.47058823529412,90.0,32.64705882352941,25.294117647058822,73.37278106508876,60.05917159763313,94.67455621301777,87.27810650887574,66.27218934911244,,81.29496402877699,-7.138367082790893,0.9254561145781472,False,45138094.28500683,23192081.9965927,61175732.88342732,33438297.258676663,45138094.28500683,-4661905.714993171,0.8414987714590192,High,Leaning overpaid,49488300.0,1.0062984584235062,True,Max,20.0,30,38.93805309734513,19.201995012468828,97.59862778730704
sengual01,Alperen Şengün,HOU,C,23.0,72.0,2398.0,2.7,1.5,4.2,3.7,alperen sengun,sengual01,HOU,35642202.0,4.0,112018349.0,35642202.0,sengual01,33.3,20.4,8.9,6.2,1.2,1.1,0.519,0.305,0.691,5.2,15.6,,0.722,0.501,0.415,0.256,0.285,0.414,0.146,0.038,0.117,38.7,20.3,10.2,4.7,1.8,1.3,0.465,0.125,0.69,6.0,232.0,3.1,2021.0,16.0,5,Veteran,,,,,5.0,False,False,True,False,,,,False,320.11199999999997,4.805684737281067,71.88427299703264,False,94.1952506596306,69.76127320954907,83.42391304347827,90.89709762532982,90.50131926121372,93.66754617414249,76.38522427440633,25.593667546174142,89.84168865435356,95.3825857519789,94.32717678100263,85.75197889182058,92.0844327176781,82.98153034300792,17.344173441734416,18.46965699208443,74.93368700265252,42.57294429708223,65.78249336870027,79.57559681697613,11.538461538461538,,81.60237388724035,80.9932575097929,3,88.2793017456359,True,Big,93.30985915492955,69.71830985915493,79.28571428571428,93.30985915492955,87.67605633802818,95.77464788732394,75.70422535211267,23.591549295774648,92.6056338028169,88.38028169014085,99.29577464788731,94.3661971830986,79.92957746478874,63.38028169014085,23.863636363636363,30.985915492957744,96.47887323943662,30.985915492957744,59.859154929577464,77.8169014084507,13.028169014084506,,65.18518518518519,-7.286044235843008,0.9174659960855072,False,28146819.34364395,4704127.23501954,47107959.1674259,6782401.202717786,32673064.75719511,-7495382.656356052,1.5065230431438392,High,Leaning overpaid,41240250.0,0.8642576609016677,False,Near-Max,9.0,17,38.64306784660767,12.219451371571072,92.7958833619211
cartewe01,Wendell Carter Jr.,ORL,C,26.0,78.0,2288.0,-1.0,0.5,-0.6,0.8,wendell carter,cartewe01,ORL,18102000.0,3.0,37652160.0,18102000.0,cartewe01,29.3,11.8,7.4,2.0,0.8,0.6,0.512,0.319,0.792,3.2,8.2,,0.783,0.413,0.484,0.452,0.333,0.163,0.1,0.049,0.355,33.9,11.0,7.0,2.9,0.6,1.7,0.521,0.278,0.71,7.0,237.0,2.6,2018.0,7.0,8,Veteran,,,,,8.0,False,False,True,False,,,,False,212.9868,3.351190909090909,74.5919881305638,False,49.736147757255935,75.06631299734748,73.09782608695652,42.34828496042216,67.67810026385224,90.23746701846966,91.82058047493403,55.8047493403694,58.970976253298154,89.9736147757256,45.64643799472295,52.242744063324544,73.87862796833772,79.41952506596306,23.983739837398375,56.068601583113455,9.814323607427056,77.05570291777188,64.45623342175067,45.225464190981434,66.18037135278514,,84.56973293768546,67.99558909592798,3,75.31172069825436,True,Big,41.19718309859155,75.35211267605634,66.42857142857143,34.154929577464785,60.56338028169014,90.84507042253522,94.01408450704226,51.056338028169016,64.08450704225352,76.40845070422534,61.61971830985915,62.676056338028175,48.59154929577465,57.74647887323944,28.40909090909091,76.40845070422534,20.774647887323944,62.676056338028175,58.45070422535211,47.183098591549296,68.66197183098592,,70.37037037037037,-7.316131602326379,0.9028553386578516,False,18415448.87504876,9411698.234404337,40383316.9830262,13569767.61798314,28008997.931906264,313448.8750487603,1.6818280650538775,High,Fairly paid,49488300.0,0.3657834275980383,False,Mid-Level,47.0,147,38.34808259587021,36.907730673316706,84.56260720411663
mitchda01,Davion Mitchell,MIA,PG,27.0,70.0,2000.0,-1.3,0.4,-0.9,0.6,davion mitchell,mitchda01,MIA,12400000.0,1.0,12400000.0,12400000.0,mitchda01,28.6,9.3,2.7,6.5,1.0,0.2,0.49,0.395,0.646,0.9,7.6,,0.633,0.552,0.424,0.45,0.205,0.268,0.062,0.038,0.428,,,,,,,,,,,,,2021.0,9.0,5,Veteran,,,,,5.0,False,False,False,False,,,,False,109.06,1.9630799999999995,17.818991097922847,False,44.9868073878628,67.10875331564988,52.9891304347826,36.675461741424805,63.98416886543535,79.94722955145119,70.97625329815304,65.03957783641161,44.85488126649077,25.593667546174142,94.72295514511872,73.21899736147758,24.406332453825858,70.71240105540898,83.73983739837398,11.609498680738788,77.71883289124668,50.397877984084886,70.55702917771883,52.65251989389921,73.47480106100795,,8.011869436201781,56.28340825337788,3,63.84039900249376,True,Guard,51.47058823529411,68.04733727810651,58.64197530864198,45.0,70.29411764705881,78.23529411764706,72.35294117647058,70.58823529411765,48.23529411764706,45.588235294117645,91.17647058823528,65.88235294117646,40.294117647058826,91.47058823529412,82.05882352941177,5.294117647058823,57.396449704142015,61.24260355029586,74.2603550295858,52.071005917159766,71.00591715976331,,15.107913669064748,-7.556990749115883,0.8816268245939269,False,11776681.828304552,3085741.284844123,29724356.33669992,4449015.589076806,20616172.651488848,-623318.1716954466,2.2619796849594316,Medium,Fairly paid,41240250.0,0.3006771297458187,False,Mid-Level,73.0,147,38.05309734513274,32.66832917705736,66.7238421955403
queende01,Derik Queen,NOP,C,21.0,81.0,2023.0,-1.5,0.7,-0.8,0.6,derik queen,queende01,NOP,5416080.0,3.0,5416080.0,5416080.0,queende01,25.0,11.7,7.1,3.7,1.0,0.9,0.473,0.261,0.795,3.4,9.2,,0.607,0.438,0.361,0.373,0.405,0.302,0.096,0.079,0.118,,,,,,,,,,,,,2025.0,13.0,1,Rookie Scale,,,,,1.0,False,False,False,False,,,,False,301.806,5.370744438952051,46.26112759643917,False,46.306068601583114,9.018567639257292,44.29347826086957,32.45382585751979,74.80211081794195,80.73878627968337,95.11873350923484,9.630606860158313,57.9155672823219,89.05013192612137,78.23218997361478,73.21899736147758,87.33509234828496,60.02638522427441,8.401084010840108,57.78364116094987,67.37400530503979,25.46419098143236,10.212201591511937,8.488063660477453,20.822281167108752,,43.32344213649852,31.568534362943353,3,39.15211970074813,True,Big,37.67605633802817,8.450704225352112,38.57142857142858,25.0,67.6056338028169,85.2112676056338,97.1830985915493,7.394366197183098,62.676056338028175,74.64788732394366,90.49295774647888,84.15492957746478,71.12676056338029,34.859154929577464,15.151515151515152,78.16901408450704,91.19718309859157,16.19718309859155,9.15492957746479,11.267605633802818,25.0,,25.185185185185183,-7.583585337804777,0.8063046037923748,True,11066435.647604171,2864369.295994436,19520531.694218963,4129841.9000139697,13539019.889894046,5650355.647604173,1.5051063349227989,Medium,Fairly paid,41240250.0,0.1313299507156237,False,Rookie Scale,82.0,178,37.75811209439528,78.30423940149626,62.0926243567753
lopezbr01,Brook Lopez,LAC,C,37.0,75.0,1635.0,-1.3,0.4,-0.9,0.5,brook lopez,lopezbr01,LAC,9187500.0,1.0,9187500.0,9187500.0,lopezbr01,21.8,8.5,3.6,1.3,0.6,1.2,0.428,0.36,0.757,1.0,7.2,,0.667,0.51,0.431,0.111,0.127,0.177,0.094,0.017,0.585,,,,,,,,,,,,,2008.0,10.0,18,Veteran,,,,,18.0,False,False,False,False,,,,False,68.58,1.5100183486238532,20.11869436201781,True,44.9868073878628,66.04774535809018,31.521739130434785,36.675461741424805,63.98416886543535,63.06068601583114,83.24538258575198,98.54881266490764,38.12664907651715,46.17414248021108,22.03166226912929,28.49604221635884,93.7994722955145,26.385224274406333,55.28455284552846,38.91820580474934,11.007957559681698,31.830238726790448,61.40583554376657,5.437665782493369,53.84615384615385,,10.979228486646884,47.83525853016256,3,55.61097256857855,True,Big,35.91549295774648,66.19718309859155,25.71428571428571,28.52112676056338,55.98591549295775,63.38028169014085,83.09859154929578,98.59154929577466,41.901408450704224,20.774647887323944,33.80281690140845,39.08450704225352,84.15492957746478,16.19718309859155,62.878787878787875,60.2112676056338,22.535211267605636,21.12676056338028,53.87323943661971,7.746478873239436,55.98591549295775,,4.444444444444445,-7.775714038415991,0.8601766219997842,False,9894131.729986144,3065752.5061039156,32422839.38951561,4420195.808021738,22487782.313403696,706631.7299861442,2.9671210859705024,Medium,Fairly paid,57736350.0,0.1591285212868496,False,Mid-Level,88.0,147,37.46312684365782,38.65336658354115,55.57461406518011
sarral01,Alex Sarr,WAS,C,20.0,48.0,1305.0,0.8,-0.1,0.7,0.9,alex sarr,sarral01,WAS,12370680.0,2.0,12370680.0,12370680.0,sarral01,27.2,16.3,7.4,2.7,0.8,2.0,0.482,0.333,0.692,3.0,13.7,,0.756,0.429,0.382,0.286,0.262,0.363,0.104,0.043,0.229,,,,,,,,,,,,,2024.0,2.0,2,Rookie Scale,,,,,2.0,False,False,False,False,,,,False,172.29119999999998,4.752860689655172,81.76557863501483,False,66.2269129287599,48.80636604774536,,70.05277044854881,48.54881266490765,43.53562005277045,18.46965699208443,4.749340369393139,78.62796833773086,89.9736147757256,62.796833773087066,52.242744063324544,99.73614775725594,66.49076517150397,35.09485094850949,18.733509234828496,53.58090185676393,24.40318302387268,28.381962864721483,8.488063660477453,31.697612732095493,,90.80118694362018,55.774584800151175,2,63.591022443890274,True,Big,60.91549295774647,44.36619718309859,,66.19718309859155,38.028169014084504,52.112676056338024,21.47887323943662,2.112676056338028,82.04225352112677,76.40845070422534,79.92957746478874,62.676056338028175,99.29577464788731,41.54929577464789,40.15151515151515,31.690140845070424,80.98591549295774,15.492957746478872,22.535211267605636,11.267605633802818,35.563380281690144,,81.48148148148148,-7.8164376437391,0.8770826864651224,True,11593960.22470708,2353359.0679861186,26714449.6434422,3393068.3792547453,18528566.267344676,-776719.77529292,2.1011880412994572,Low,Fairly paid,41240250.0,0.2999661738229036,False,Rookie Scale,38.0,178,37.16814159292036,31.421446384039903,65.69468267581475
blackan01,Anthony Black,ORL,PG,22.0,64.0,1910.0,-1.2,0.7,-0.6,0.7,anthony black,blackan01,ORL,10106316.0,1.0,10106316.0,10106316.0,blackan01,29.8,15.0,3.8,3.7,1.4,0.7,0.447,0.333,0.732,3.6,12.1,,0.729,0.388,0.382,0.229,0.258,0.237,0.071,0.045,0.389,28.0,8.6,3.1,1.4,2.1,0.7,0.37,0.318,0.619,7.0,196.0,-0.1,2023.0,6.0,3,Rookie Scale,,,,,3.0,False,False,True,False,,,,False,199.7952,3.7657734031413614,66.95845697329378,False,49.736147757255935,38.9920424403183,64.13043478260869,38.65435356200528,74.80211081794195,75.19788918205805,51.05540897097626,16.62269129287599,74.93403693931398,49.86807387862797,78.23218997361478,92.87598944591028,79.15567282321899,38.91820580474934,35.09485094850949,30.606860158311346,74.0053050397878,30.106100795755967,20.95490716180371,59.15119363395226,47.08222811671088,,75.96439169139467,51.104965897911605,3,59.10224438902743,True,Guard,55.58823529411765,42.60355029585799,69.1358024691358,47.35294117647059,78.82352941176471,77.05882352941177,53.8235294117647,17.352941176470587,76.47058823529412,74.70588235294117,67.3529411764706,89.41176470588236,95.2941176470588,55.88235294117647,34.705882352941174,17.058823529411764,51.4792899408284,41.42011834319527,21.89349112426036,59.46745562130178,45.5621301775148,,91.36690647482014,-7.997278491115829,0.8646873976819642,True,12980695.421076478,2955068.969796468,28499327.46948135,4260612.507599046,19766519.0427258,2874379.4210764784,1.967865177562769,Medium,Fairly paid,41240250.0,0.2450595231600196,False,Rookie Scale,44.0,178,36.87315634218289,55.36159600997507,72.5557461406518
mccaija01,Jared McCain,OKC,SG,21.0,67.0,1160.0,-1.6,-0.8,-2.4,-0.1,jared mccain,mccaija01,OKC,4422600.0,2.0,4422600.0,4422600.0,mccaija01,17.3,8.3,2.0,1.3,0.5,0.1,0.425,0.385,0.864,0.9,7.2,,0.571,0.377,0.5,0.36,0.16,0.144,0.108,0.052,0.535,17.2,10.0,1.9,1.0,0.3,0.0,0.412,0.371,0.8,15.0,258.0,-1.7,2024.0,16.0,2,Rookie Scale,,,,,2.0,False,False,True,False,,,,False,77.18400000000001,2.39536551724138,17.804154302670625,True,22.823218997361476,34.748010610079575,19.83695652173913,30.606860158311346,28.100263852242747,35.48812664907652,60.29023746701847,9.630606860158313,36.147757255936675,10.554089709762533,22.03166226912929,16.75461741424802,9.366754617414248,24.670184696569923,76.15176151761518,85.62005277044855,64.45623342175067,28.912466843501328,44.03183023872679,35.94164456233422,61.273209549071616,,7.71513353115727,26.175167423772383,3,34.413965087281795,True,Guard,30.88235294117647,37.278106508875744,27.77777777777778,37.05882352941177,32.64705882352941,37.64705882352941,62.05882352941177,10.294117647058822,38.23529411764706,20.588235294117645,13.23529411764706,11.470588235294118,16.76470588235294,35.88235294117647,72.94117647058823,77.05882352941177,39.64497041420118,40.23668639053255,47.0414201183432,36.09467455621302,59.46745562130178,,14.388489208633093,-8.23879766350941,0.760597256299473,True,9633767.609778607,2060851.4529198664,29395659.97567771,2971331.4871357507,20388195.94269193,5211167.609778607,2.8373954645752577,Low,Fairly paid,41240250.0,0.1072398930656337,False,Rookie Scale,94.0,178,36.57817109144543,75.81047381546135,53.516295025728986
bookede01,Devin Booker,PHO,SG,29.0,64.0,2146.0,3.2,-1.0,2.2,2.3,devin booker,bookede01,PHO,57078728.0,4.0,182159872.0,57078728.0,bookede01,33.5,26.1,3.9,6.0,0.8,0.3,0.456,0.33,0.873,8.1,18.7,,0.673,0.468,0.48,0.464,0.138,0.169,0.235,0.149,0.309,38.3,21.3,4.3,4.8,0.3,0.3,0.46,0.25,0.786,4.0,153.0,-2.2,2015.0,13.0,11,Veteran,,,,,11.0,False,False,True,False,,,,False,165.1584,2.7705975768872317,37.95994065281899,False,82.98153034300792,92.57294429708224,91.57608695652172,93.13984168865436,21.108179419525065,84.69656992084433,51.05540897097626,77.57255936675462,96.83377308707124,51.97889182058047,93.4036939313984,52.242744063324544,40.89709762532981,46.96569920844328,31.70731707317073,88.12664907651715,86.3395225464191,57.294429708222815,89.52254641909815,63.395225464190986,80.10610079575596,,30.56379821958457,89.80126930585345,3,98.25436408977556,True,Guard,86.1764705882353,94.0828402366864,91.9753086419753,92.94117647058825,24.705882352941178,83.52941176470588,53.8235294117647,82.35294117647058,96.47058823529412,77.3529411764706,88.8235294117647,47.647058823529406,61.47058823529412,65.29411764705883,30.58823529411765,80.0,71.30177514792899,69.23076923076923,92.01183431952664,63.01775147928994,79.28994082840237,,48.92086330935252,-8.453094783922111,0.913967233290539,False,50523145.87673413,24030885.61862884,70925513.42435472,34647682.63681637,50523145.87673413,-6555582.12326587,0.928181074079174,High,Leaning overpaid,57736350.0,0.9886099138584272,True,Max,19.0,30,36.283185840707965,13.96508728179551,98.97084048027445
hardati02,Tim Hardaway Jr.,DEN,SG,33.0,80.0,2127.0,1.3,-1.9,-0.7,0.7,tim hardaway,hardati02,MIA,6500000.0,1.0,6500000.0,6500000.0,hardati02,26.6,13.5,2.6,1.4,0.5,0.1,0.447,0.407,0.811,2.5,9.7,,0.672,0.435,0.538,0.54,0.074,0.089,0.067,0.064,0.706,23.3,10.8,3.3,0.8,0.7,0.3,0.422,0.348,0.792,6.0,140.0,0.9,2013.0,24.0,13,Veteran,,,,,13.0,False,False,True,True,,,,False,57.424,0.9719153737658676,18.108308605341247,True,47.62532981530343,35.278514588859416,35.32608695652174,78.23218997361478,6.860158311345646,84.1688654353562,94.32717678100263,93.2717678100264,67.54617414248021,23.7467018469657,26.2532981530343,16.75461741424802,9.366754617414248,38.91820580474934,88.07588075880759,63.852242744063325,17.108753315649867,83.6870026525199,16.180371352785148,16.976127320954905,32.360742705570296,,8.30860534124629,38.38305803334379,3,46.88279301745636,True,Guard,54.11764705882353,37.8698224852071,40.123456790123456,80.29411764705883,11.176470588235295,82.35294117647058,93.23529411764706,95.88235294117648,69.41176470588235,42.05882352941177,16.76470588235294,11.470588235294118,16.76470588235294,55.88235294117647,88.8235294117647,50.588235294117645,7.100591715976331,92.603550295858,17.159763313609467,15.384615384615383,29.585798816568047,,15.827338129496402,-8.499734984112571,0.8187024612431308,False,9627552.29834183,3509427.0528791766,33452790.49170513,5059884.8787726695,23202134.19052446,3127552.2983418293,3.1101740619973732,Low,Fairly paid,57736350.0,0.1125807225430772,False,Mid-Level,107.0,147,35.9882005899705,56.85785536159601,53.34476843910806
oubreke01,Kelly Oubre Jr.,PHI,SF,30.0,50.0,1574.0,-1.3,-0.1,-1.4,0.2,kelly oubre,oubreke01,IND,8050000.0,2.0,16500000.0,8050000.0,oubreke01,31.5,14.1,5.0,1.6,1.4,0.5,0.467,0.36,0.766,2.9,10.9,,0.689,0.504,0.293,0.556,0.224,0.244,0.075,0.017,0.439,33.1,11.6,5.8,1.1,0.5,0.5,0.453,0.256,0.815,11.0,364.0,-1.7,2015.0,15.0,11,Veteran,,,,,11.0,False,False,True,False,,,,False,122.08,2.7921728081321477,43.69436201780415,False,36.675461741424805,39.52254641909814,52.44565217391305,36.675461741424805,48.54881266490765,60.554089709762536,21.767810026385224,82.58575197889182,71.76781002638522,68.60158311345647,34.56464379947229,92.87598944591028,66.75461741424802,54.089709762532976,55.28455284552846,42.61213720316623,41.37931034482759,54.37665782493368,16.180371352785148,52.65251989389921,28.116710875331563,,38.57566765578635,43.65693990773539,3,52.36907730673317,True,Wing,41.04477611940299,40.909090909090914,56.060606060606055,34.32835820895522,52.23880597014925,49.25373134328358,14.925373134328357,81.34328358208955,61.19402985074627,64.92537313432835,37.3134328358209,92.53731343283582,73.13432835820896,53.73134328358209,48.507462686567166,38.059701492537314,40.909090909090914,53.78787878787878,18.181818181818183,59.84848484848485,28.78787878787879,,38.095238095238095,-8.712137398997776,0.8336396620477091,False,10072017.273101743,5174332.112840791,30919123.088581108,7460341.65150443,21444837.109552536,2022017.2731017433,2.5560709714521805,Medium,Fairly paid,57736350.0,0.1394268948418111,False,Mid-Level,97.0,147,35.693215339233035,47.381546134663346,57.11835334476844
princta02,Taurean Prince,MIL,SF,31.0,26.0,611.0,-1.3,-1.8,-3.1,-0.2,taurean prince,princta02,DET,3815861.0,1.0,3815861.0,3815861.0,princta02,23.5,9.2,3.1,1.8,0.6,0.2,0.45,0.436,1.0,0.2,7.3,,0.833,0.294,0.412,0.6,0.063,0.089,0.089,0.026,0.733,,,,,,,,,,,,,2016.0,12.0,10,Veteran,,,,,10.0,False,False,False,False,,,,False,11.9574,0.7045276595744681,,True,14.907651715039576,23.342175066312997,25.0,36.675461741424805,8.047493403693931,4.749340369393139,1.7150395778364116,87.20316622691293,43.403693931398415,33.90501319261214,39.97361477572559,28.49604221635884,24.406332453825858,41.029023746701846,96.7479674796748,100.0,30.50397877984085,80.90185676392572,18.30238726790451,12.46684350132626,70.55702917771883,,,21.85522857862727,3,30.673316708229425,True,Wing,12.686567164179104,24.24242424242424,25.75757575757576,34.32835820895522,9.701492537313433,4.477611940298507,1.4925373134328357,86.56716417910447,30.597014925373134,23.13432835820895,41.7910447761194,18.65671641791045,24.62686567164179,37.3134328358209,100.0,100.0,29.545454545454547,86.36363636363636,21.96969696969697,14.393939393939394,76.51515151515152,,,-8.818088129602156,0.7125159886202874,False,5240173.509253706,2203517.6591332597,20606802.253329195,3177027.3368154806,14292433.727999505,1424312.509253706,3.5119609229918214,Low,Fairly paid,57736350.0,0.0660911366929152,False,Mid-Level,122.0,147,35.39823008849557,44.63840399002494,15.780445969125214
mccolcj01,CJ McCollum,ATL,PG,34.0,76.0,2264.0,1.4,-1.7,-0.3,1.0,cj mccollum,mccolcj01,ATL,21000000.0,1.0,21000000.0,21000000.0,mccolcj01,29.8,18.7,3.3,3.9,0.8,0.5,0.455,0.375,0.772,3.1,15.2,,0.641,0.479,0.515,0.425,0.135,0.185,0.146,0.092,0.442,32.0,19.2,3.0,2.0,1.0,1.2,0.465,0.303,0.542,6.0,192.0,-2.7,2013.0,10.0,13,Veteran,,,,,13.0,False,False,True,False,,,,False,155.95200000000003,2.4798021201413434,27.25519287833828,False,54.089709762532976,69.49602122015915,82.33695652173914,79.28759894459102,8.970976253298153,88.65435356200527,85.35620052770449,95.11873350923484,86.01583113456465,38.52242744063325,81.66226912928761,52.242744063324544,66.75461741424802,45.51451187335092,69.10569105691057,45.77836411609499,86.3395225464191,40.9814323607427,66.9761273209549,59.15119363395226,91.77718832891246,,18.100890207715135,70.4597940938451,3,79.30174563591022,True,Guard,60.0,70.41420118343196,85.18518518518519,81.17647058823529,14.705882352941178,88.8235294117647,85.29411764705883,97.6470588235294,87.05882352941177,62.35294117647059,72.35294117647058,47.647058823529406,88.52941176470588,63.52941176470588,66.17647058823529,30.88235294117647,71.30177514792899,52.66272189349112,69.23076923076923,59.46745562130178,92.3076923076923,,28.05755395683453,-8.841951542065118,0.8885024349569776,False,16354333.302378844,4879394.915866901,48857380.473758325,7035101.793069007,33886425.655005895,-4645666.6976211555,2.689072354389068,Medium,Fairly paid,57736350.0,0.363722334369942,False,Mid-Level,40.0,147,35.10324483775811,19.45137157107232,81.98970840480274
colliis01,Isaiah Collier,UTA,PG,21.0,59.0,1517.0,-0.7,-1.8,-2.4,-0.2,isaiah collier,colliis01,UTA,2763960.0,2.0,2763960.0,2763960.0,colliis01,25.7,11.7,2.5,7.2,1.1,0.3,0.495,0.27,0.722,3.5,8.7,,0.796,0.489,0.421,0.286,0.21,0.445,0.111,0.041,0.194,,,,,,,,,,,,,2024.0,29.0,2,Rookie Scale,,,,,2.0,False,False,False,False,,,,False,107.793,2.5580408701384307,67.22551928783383,False,22.823218997361476,3.7135278514588856,13.858695652173914,48.41688654353562,8.047493403693931,57.78364116094987,40.36939313984168,9.630606860158313,57.9155672823219,20.58047493403694,97.22955145118732,79.94722955145119,40.89709762532981,72.82321899736148,9.75609756097561,27.308707124010557,99.73474801061008,38.9920424403183,2.122015915119363,3.050397877984085,3.978779840848806,,76.8545994065282,12.295388563202668,3,21.94513715710723,True,Guard,30.88235294117647,5.325443786982249,20.37037037037037,56.1764705882353,13.23529411764706,60.588235294117645,43.52941176470589,10.294117647058822,57.35294117647059,37.05882352941177,95.2941176470588,72.6470588235294,61.47058823529412,92.94117647058825,7.0588235294117645,14.411764705882351,99.40828402366864,50.0,3.2544378698224854,2.0710059171597637,4.733727810650888,,92.80575539568343,-9.649748593904562,0.5602785015732126,True,11041765.889738454,4330992.202117831,18304353.355925944,6244415.861443704,12695504.817162504,8277805.889738454,1.265500581459901,Medium,Underpaid,41240250.0,0.0670209322203429,False,Rookie Scale,123.0,178,34.80825958702065,89.27680798004988,61.921097770154375
harriga01,Gary Harris,MIL,SG,31.0,48.0,661.0,-3.2,0.7,-2.5,-0.1,gary harris,harriga01,DET,3815861.0,1.0,3815861.0,3815861.0,harriga01,13.8,2.7,1.3,1.1,0.6,0.2,0.442,0.412,0.889,0.2,2.2,,0.818,0.333,0.571,0.0,0.106,0.144,0.067,0.029,0.654,,,,,,,,,,,,,2014.0,19.0,12,Veteran,,,,,12.0,False,False,False,False,,,,False,11.1936,0.609636308623298,,True,20.58047493403694,5.570291777188329,35.59782608695652,8.311345646437996,74.80211081794195,7.387862796833773,18.46965699208443,87.20316622691293,0.5277044854881267,2.242744063324538,15.8311345646438,28.49604221635884,24.406332453825858,36.147757255936675,91.05691056910568,92.61213720316624,17.108753315649867,66.44562334217507,37.6657824933687,45.225464190981434,15.517241379310343,,,20.583162932563553,3,30.673316708229425,True,Guard,27.941176470588236,7.100591715976331,40.74074074074074,11.76470588235294,78.82352941176471,7.647058823529412,19.11764705882353,90.0,0.5882352941176471,5.0,8.235294117647058,24.11764705882353,40.294117647058826,51.47058823529411,92.94117647058825,87.3529411764706,7.100591715976331,76.03550295857988,39.94082840236686,43.786982248520715,14.201183431952662,,,-10.090153775665872,0.6710445801591858,False,3773288.579146689,2067542.23191677,21537795.26981343,2980978.2388600437,14938150.410566373,-42572.4208533112,5.160022253664936,Low,Fairly paid,57736350.0,0.0660911366929152,False,Mid-Level,124.0,147,34.51327433628318,35.66084788029925,1.5437392795883362
mobleev01,Evan Mobley,CLE,PF,24.0,65.0,2074.0,1.8,1.2,3.0,2.6,evan mobley,mobleev01,CLE,50105628.0,4.0,222691680.0,50105628.0,mobleev01,31.9,18.2,9.0,3.6,0.7,1.7,0.546,0.297,0.606,4.6,13.2,,0.791,0.445,0.444,0.3,0.406,0.254,0.073,0.023,0.243,35.6,17.0,8.1,3.9,0.9,1.8,0.535,0.338,0.621,18.0,640.0,5.4,2021.0,3.0,5,Veteran,,,,,5.0,False,False,True,False,,,,False,348.348,6.046541947926712,92.5593471810089,False,90.36939313984168,79.57559681697613,90.4891304347826,84.03693931398418,85.22427440633246,82.58575197889182,54.74934036939314,36.01583113456465,84.43271767810026,95.91029023746702,76.12137203166228,41.42480211081794,98.68073878627968,87.86279683377309,15.311653116531163,7.387862796833773,58.753315649867375,65.6498673740053,75.9946949602122,45.225464190981434,74.80106100795756,,97.92284866468842,86.36662100436995,3,96.63341645885288,True,Big,89.08450704225352,80.28169014084507,87.85714285714286,84.50704225352112,80.98591549295774,87.32394366197182,54.5774647887324,32.3943661971831,87.32394366197182,89.7887323943662,89.08450704225352,52.112676056338024,96.47887323943662,70.4225352112676,21.96969696969697,13.380281690140844,87.32394366197182,52.112676056338024,71.12676056338029,47.183098591549296,74.64788732394366,,95.55555555555556,-10.266795454482931,0.8937552263936089,False,44172341.3037447,11469222.9363442,61874222.45484154,16536302.602235273,44172341.3037447,-5933286.6962552965,1.141098661080577,High,Leaning overpaid,41240250.0,1.214969065415462,True,Max,22.0,30,34.21828908554572,15.710723192019952,96.7409948542024
murphtr02,Trey Murphy III,NOP,SF,25.0,66.0,2341.0,3.0,-0.6,2.4,2.6,trey murphy,murphtr02,NOP,27000000.0,3.0,87000000.0,27000000.0,murphtr02,35.5,21.5,5.7,3.8,1.5,0.4,0.47,0.379,0.886,3.7,15.9,,0.783,0.401,0.44,0.333,0.21,0.154,0.071,0.026,0.538,,,,,,,,,,,,,2021.0,17.0,5,Veteran,,,,,5.0,False,False,False,False,,,,False,220.374,3.38892097394276,75.52670623145401,False,84.30079155672823,79.3103448275862,58.96739130434783,92.34828496042216,33.24538258575198,91.82058047493403,57.78364116094987,46.04221635883905,92.4802110817942,79.68337730870712,80.21108179419525,95.77836411609498,55.67282321899736,56.99208443271768,71.27371273712737,91.82058047493403,59.283819628647215,75.59681697612733,46.02122015915119,34.217506631299734,61.273209549071616,,85.7566765578635,72.92934893865731,3,83.66583541147132,True,Wing,80.59701492537313,81.81818181818183,68.18181818181817,88.05970149253731,35.07462686567165,89.55223880597015,53.73134328358209,48.507462686567166,90.29850746268656,85.82089552238806,83.5820895522388,95.52238805970148,60.44776119402984,58.2089552238806,73.88059701492537,92.53731343283582,65.15151515151516,78.03030303030303,51.51515151515152,31.060606060606062,60.60606060606061,,90.47619047619048,-10.736486472814008,0.8716741855261276,False,22064643.776310243,4204777.347654426,39816965.754708685,6062439.537686828,27616188.931364153,-4935356.223689757,1.6139933537150222,High,Fairly paid,41240250.0,0.6547002018658956,False,Mid-Level,33.0,147,33.92330383480826,17.955112219451372,89.02229845626071
holidjr01,Jrue Holiday,POR,PG,35.0,53.0,1560.0,2.4,-0.5,1.9,1.6,jrue holiday,holidjr01,POR,34800000.0,2.0,34800000.0,34800000.0,holidjr01,29.4,16.3,4.6,6.1,1.0,0.1,0.451,0.378,0.838,2.0,13.4,,0.707,0.476,0.406,0.469,0.14,0.207,0.097,0.045,0.511,38.4,16.4,5.4,7.2,1.4,0.4,0.403,0.353,0.889,5.0,192.0,1.2,2009.0,17.0,17,Veteran,,,,,17.0,False,False,True,False,,,,False,99.428,2.294492307692308,42.94510385756677,True,79.02374670184696,89.38992042440319,63.58695652173913,89.44591029023746,36.93931398416886,59.894459102902374,26.912928759894463,96.30606860158312,78.62796833773086,63.19261213720316,93.7994722955145,73.21899736147758,9.366754617414248,42.61213720316623,70.59620596205963,75.98944591029023,87.79840848806366,42.57294429708223,85.80901856763926,88.9920424403183,95.88859416445624,,36.49851632047478,77.12226553026511,3,88.02992518703242,True,Guard,80.0,90.53254437869822,67.90123456790124,90.29411764705884,44.11764705882353,62.94117647058823,30.88235294117647,98.23529411764706,78.23529411764706,88.8235294117647,89.70588235294117,65.88235294117646,16.76470588235294,60.29411764705882,67.94117647058823,65.29411764705883,74.55621301775149,55.02958579881657,88.75739644970415,90.8284023668639,97.0414201183432,,54.67625899280576,-10.907659656767308,0.8760914582899805,False,20713312.118746508,3387215.484499041,46704850.12731031,4883680.484853037,32393477.01863278,-14086687.881253492,2.091294448443463,High,Leaning overpaid,57736350.0,0.6027398683844752,False,Mid-Level,22.0,147,33.6283185840708,5.236907730673317,87.99313893653516
banede01,Desmond Bane,ORL,SG,27.0,82.0,2756.0,1.6,-0.2,1.4,2.3,desmond bane,banede01,ORL,39446090.0,3.0,126499530.0,39446090.0,banede01,33.6,20.1,4.1,4.1,1.0,0.5,0.484,0.391,0.908,4.2,14.7,,0.662,0.48,0.476,0.397,0.226,0.251,0.105,0.065,0.354,36.1,18.1,4.7,1.9,1.9,0.3,0.391,0.431,0.8,7.0,253.0,2.0,2020.0,30.0,6,Veteran,,,,,6.0,False,False,True,False,,,,False,272.4204,3.558466763425254,43.19732937685461,False,73.61477572559367,83.55437665782493,74.72826086956522,82.32189973614776,44.72295514511873,99.47229551451188,97.75725593667546,65.03957783641161,88.52242744063325,56.72823218997362,83.50923482849603,73.21899736147758,66.75461741424802,67.94195250659631,81.43631436314364,98.15303430079156,68.0371352785146,70.026525198939,71.75066312997347,79.57559681697613,74.80106100795756,,37.388724035608305,77.75968300416972,3,89.27680798004988,True,Guard,76.17647058823529,82.84023668639054,79.01234567901234,82.94117647058825,52.94117647058824,99.41176470588236,97.05882352941175,70.58823529411765,89.70588235294117,82.05882352941177,75.58823529411765,65.88235294117646,88.52941176470588,87.94117647058823,78.82352941176471,97.05882352941175,43.19526627218935,79.28994082840237,75.7396449704142,78.69822485207101,72.7810650887574,,55.39568345323741,-11.517124975880163,0.8709953319740797,False,25223234.850928076,8228902.672103275,48272516.88227314,11864415.351020796,33480776.878526215,-14222855.149071924,1.5875685433225264,High,Leaning overpaid,41240250.0,0.956494929104455,True,Max,27.0,30,33.33333333333333,4.738154613466334,91.59519725557462
marshna01,Naji Marshall,DAL,SF,28.0,74.0,2184.0,-0.7,0.1,-0.6,0.8,naji marshall,marshna01,DAL,9428571.0,4.0,61286031.0,9428571.0,marshna01,29.5,15.2,4.7,3.3,1.1,0.1,0.51,0.291,0.76,4.1,11.1,,0.773,0.553,0.459,0.238,0.21,0.37,0.135,0.026,0.259,,,,,,,,,,,,,,,6,Veteran,,,,,6.0,True,False,False,False,,,,False,172.494,2.8433076923076923,67.8412462908012,False,49.736147757255935,67.37400530503979,20.92391304347826,48.41688654353562,55.4089709762533,85.4881266490765,80.87071240105541,72.16358839050132,75.72559366754618,63.98416886543535,72.0316622691293,79.94722955145119,9.366754617414248,78.7598944591029,12.601626016260164,39.97361477572559,65.38461538461539,63.793103448275865,59.6816976127321,45.225464190981434,63.26259946949602,,78.04154302670622,45.54575632000825,3,57.23192019950125,True,Wing,54.47761194029851,66.66666666666666,18.181818181818183,45.52238805970149,60.44776119402984,82.08955223880598,80.59701492537313,68.65671641791045,69.40298507462687,56.71641791044776,73.88059701492537,77.61194029850746,8.955223880597014,87.31343283582089,5.970149253731343,34.32835820895522,77.27272727272727,68.18181818181817,68.93939393939394,46.21212121212121,65.9090909090909,,82.53968253968253,-11.686163879493002,0.7958103827591855,False,11548292.102292074,4804010.511398212,33019370.209859308,6926412.710059441,22901523.22825593,2119721.102292074,2.4432495687272224,Medium,Fairly paid,41240250.0,0.2286254569261825,False,Mid-Level,93.0,147,33.03834808259587,48.37905236907731,65.35162950257289
cliffni01,Nique Clifford,SAC,SG,23.0,75.0,1882.0,-3.7,-1.2,-4.9,-1.4,nique clifford,cliffni01,SAC,3263400.0,3.0,3263400.0,3263400.0,cliffni01,25.1,8.6,3.8,2.4,0.9,0.3,0.418,0.333,0.722,1.3,7.9,,0.679,0.442,0.354,0.391,0.141,0.262,0.133,0.077,0.388,,,,,,,,,,,,,2025.0,24.0,1,Rookie Scale,,,,,1.0,False,False,False,False,,,,False,83.54249999999999,1.598049946865037,24.532640949554896,True,4.881266490765172,25.46419098143236,12.5,5.145118733509235,16.358839050131927,74.14248021108179,83.24538258575198,25.593667546174142,39.31398416886543,49.86807387862797,54.74934036939314,63.58839050131926,40.89709762532981,18.46965699208443,35.09485094850949,27.308707124010557,60.212201591511935,6.49867374005305,68.83289124668434,70.82228116710876,97.08222811671088,,15.43026706231454,15.456888240728428,3,27.18204488778055,True,Guard,9.705882352941178,28.99408284023669,17.901234567901234,8.823529411764707,21.470588235294116,76.47058823529412,83.23529411764706,27.35294117647059,42.35294117647059,74.70588235294117,39.705882352941174,57.35294117647059,61.47058823529412,28.235294117647054,34.705882352941174,14.411764705882351,34.9112426035503,10.94674556213018,71.89349112426035,69.8224852071006,98.81656804733728,,23.7410071942446,-11.72515664705212,0.568643319681844,True,14860649.057703609,4864557.2701986395,19913972.022020396,7013708.90533486,14860649.057703609,11597249.057703609,1.012702385567762,Medium,Underpaid,41240250.0,0.0791314310655245,False,Rookie Scale,115.0,178,32.743362831858406,95.76059850374064,78.3876500857633
brownja02,Jaylen Brown,BOS,SF,29.0,71.0,2443.0,3.5,-0.1,3.3,3.3,jaylen brown,brownja02,PHI,57078728.0,3.0,183045576.0,57078728.0,brownja02,34.4,28.7,6.9,5.1,1.0,0.4,0.477,0.347,0.795,7.5,21.7,,0.745,0.484,0.451,0.435,0.16,0.262,0.171,0.145,0.262,35.6,25.7,5.7,3.3,0.9,1.1,0.455,0.405,0.717,7.0,249.0,2.9,2016.0,3.0,10,Veteran,,,,,10.0,False,False,True,False,,,,False,246.512,3.632595988538682,70.70474777448072,False,91.95250659630608,79.04509283819628,89.94565217391305,94.06332453825856,48.54881266490765,94.45910290237468,73.61477572559367,77.57255936675462,99.2084432717678,87.20316622691293,87.99472295514512,73.21899736147758,55.67282321899736,63.06068601583114,44.71544715447154,57.78364116094987,84.61538461538461,46.41909814323608,40.45092838196286,14.854111405835544,12.9973474801061,,80.1186943620178,86.35965602861751,3,98.25436408977556,True,Wing,91.04477611940298,80.3030303030303,93.93939393939394,92.53731343283582,52.23880597014925,92.53731343283582,71.64179104477611,74.6268656716418,100.0,94.77611940298507,94.02985074626866,70.1492537313433,60.44776119402984,64.92537313432835,41.7910447761194,52.23880597014925,96.96969696969695,44.696969696969695,45.45454545454545,16.666666666666664,9.090909090909092,,84.12698412698413,-11.894708061158056,0.8789396463826299,False,49351810.54902226,23710741.197377976,72113126.126707,34186099.05302832,50016109.40961575,-7726917.450977743,0.980762091418102,High,Leaning overpaid,57736350.0,0.9886099138584272,True,Max,23.0,30,32.448377581120944,11.4713216957606,98.79931389365352
willima07,Mark Williams,PHO,C,24.0,60.0,1416.0,1.5,0.5,2.0,1.4,mark williams,willima07,PHO,11728395.0,3.0,38000000.0,11728395.0,willima07,23.6,11.7,8.0,1.0,0.9,0.9,0.644,1.0,0.771,2.9,7.3,,0.73,0.496,0.545,0.0,0.626,0.317,0.05,0.005,0.002,,,,,,,,,,,,,2022.0,15.0,4,Rookie Scale,,,,,4.0,False,False,False,False,,,,False,274.188,6.970881355932203,82.05489614243325,False,80.47493403693932,51.19363395225464,30.706521739130434,80.73878627968337,67.67810026385224,51.187335092348285,42.480211081794195,36.01583113456465,57.9155672823219,92.4802110817942,13.060686015831136,63.58839050131926,87.33509234828496,96.43799472295514,99.86449864498644,44.9868073878628,16.180371352785148,96.81697612732096,18.30238726790451,8.488063660477453,12.9973474801061,,91.0979228486647,50.83129189350424,3,62.84289276807981,True,Big,79.5774647887324,47.183098591549296,24.285714285714285,79.92957746478874,60.56338028169014,55.633802816901415,41.54929577464789,32.3943661971831,62.676056338028175,81.33802816901408,23.239436619718308,74.29577464788733,71.12676056338029,90.49295774647888,99.62121212121212,65.14084507042254,32.74647887323944,92.25352112676056,15.492957746478872,11.267605633802818,16.19718309859155,,82.22222222222221,-12.01160087457557,0.8088630178291745,True,7464386.531610014,2956980.141762872,27260718.925152816,4263368.031503043,18907446.862718444,-4264008.468389986,3.255959304956814,Low,Fairly paid,41240250.0,0.284391947187517,False,Rookie Scale,45.0,178,32.15339233038348,20.199501246882793,33.27615780445969
simsje01,Jericho Sims,MIL,C,27.0,67.0,1318.0,-2.1,-0.9,-3.1,-0.4,jericho sims,simsje01,MIL,2801346.0,1.0,2801346.0,2801346.0,simsje01,19.7,5.0,5.5,1.6,0.3,0.3,0.784,,0.62,1.1,2.8,,0.861,0.444,0.429,,0.816,0.146,0.038,0.0,0.0,,,,,,,,,,,,,2021.0,58.0,5,Veteran,,,,,5.0,False,False,False,False,,,,False,153.08159999999998,4.181288012139605,87.7893175074184,False,14.907651715039576,8.488063660477453,10.326086956521738,22.427440633245386,24.670184696569923,44.45910290237467,60.29023746701847,65.03957783641161,9.49868073878628,76.38522427440633,34.56464379947229,3.825857519788918,40.89709762532981,100.0,,9.234828496042216,21.485411140583555,100.0,14.190981432360742,22.015915119363395,20.822281167108752,,95.25222551928783,10.78221941013459,3,22.81795511221945,True,Big,8.098591549295776,7.746478873239436,5.0,17.253521126760564,18.30985915492958,53.87323943661971,60.56338028169014,60.2112676056338,9.859154929577464,52.46478873239436,48.23943661971831,4.929577464788732,15.845070422535212,100.0,,15.492957746478872,40.845070422535215,100.0,14.084507042253522,25.352112676056336,25.0,,89.62962962962962,-12.03573570208486,0.4725322386299422,False,5022898.823420046,2268653.875718363,21657904.44785874,3270940.60311034,15021455.546716733,2221552.823420046,3.860171437603916,Low,Leaning underpaid,41240250.0,0.0679274737665266,False,Minimum,20.0,29,31.858407079646017,49.87531172069826,14.922813036020582
herroty01,Tyler Herro,MIA,SG,26.0,33.0,1033.0,2.4,-0.4,2.0,1.1,tyler herro,herroty01,MIL,33000000.0,1.0,33000000.0,33000000.0,herroty01,31.3,20.5,4.8,4.1,0.7,0.4,0.48,0.378,0.917,3.3,15.6,,0.702,0.558,0.516,0.417,0.091,0.25,0.181,0.047,0.431,,,,,,,,,,,,,2019.0,13.0,7,Veteran,,,,,7.0,False,False,False,False,,,,False,46.846799999999995,1.6326087124878992,32.74480712166172,True,80.47493403693932,75.3315649867374,68.20652173913044,89.44591029023746,40.105540897097626,28.759894459102902,4.089709762532982,55.8047493403694,90.23746701846966,65.17150395778364,83.50923482849603,41.42480211081794,55.67282321899736,65.17150395778364,70.59620596205963,98.94459102902374,70.29177718832891,68.56763925729443,47.3474801061008,16.976127320954905,9.151193633952255,,23.14540059347181,73.94551603143526,3,86.53366583541147,True,Guard,82.05882352941177,75.14792899408283,73.4567901234568,90.29411764705884,47.94117647058824,31.176470588235293,5.0,60.29411764705882,90.58823529411764,91.47058823529412,75.58823529411765,37.94117647058823,78.52941176470588,85.29411764705883,67.94117647058823,98.82352941176472,46.15384615384615,77.81065088757396,51.18343195266272,15.384615384615383,10.059171597633137,,35.25179856115108,-12.588149803976208,0.8545288740232144,False,14035247.818514071,4329354.202379695,40587580.77289759,6242054.19670996,28150670.892314047,-18964752.18148593,2.5833691744786447,Medium,Leaning overpaid,49488300.0,0.666824279678227,False,Mid-Level,30.0,147,31.563421828908556,2.9925187032418954,75.64322469982847
richaja02,Jase Richardson,ORL,SG,20.0,54.0,587.0,-1.9,-0.7,-2.5,-0.1,jase richardson,richaja02,ORL,3132360.0,3.0,3132360.0,3132360.0,richaja02,10.9,4.4,1.2,1.1,0.4,0.0,0.473,0.354,0.717,0.9,3.5,,0.722,0.481,0.438,0.6,0.191,0.277,0.085,0.027,0.42,3.0,6.0,0.0,0.0,0.0,0.0,1.0,1.0,,1.0,3.0,70.1,2025.0,25.0,1,Rookie Scale,,,,,1.0,False,False,True,True,,,,False,36.099,2.2139080068143104,,True,20.58047493403694,11.140583554376658,11.684782608695652,25.32981530343008,30.606860158311346,4.485488126649076,29.287598944591032,4.749340369393139,6.860158311345646,1.8469656992084431,15.8311345646438,8.839050131926122,1.3192612137203166,60.02638522427441,50.40650406504065,25.725593667546175,65.91511936339522,50.397877984084886,31.29973474801061,55.437665782493376,44.56233421750663,,,13.70463104466135,3,26.43391521197008,True,Guard,27.941176470588236,11.83431952662722,16.666666666666664,31.470588235294116,36.17647058823529,4.705882352941177,33.82352941176471,5.588235294117648,5.88235294117647,4.117647058823529,8.235294117647058,5.294117647058823,2.3529411764705883,82.05882352941177,47.94117647058824,13.529411764705882,42.01183431952663,61.24260355029586,34.319526627218934,55.62130177514793,42.01183431952663,,,-12.729284167308728,0.5184487781989812,True,8841668.134003166,2351346.124068476,19842227.24980448,3390166.1207557856,13762140.99098852,5709308.134003166,1.9782331637702857,Medium,Leaning underpaid,41240250.0,0.0759539527524687,False,Rookie Scale,120.0,178,31.268436578171094,78.55361596009975,46.483704974271014
johnsca02,Cameron Johnson,DEN,SF,29.0,54.0,1647.0,0.3,-0.9,-0.6,0.6,cameron johnson,johnsca02,DEN,23062500.0,1.0,23062500.0,23062500.0,johnsca02,30.5,12.2,3.8,2.4,0.7,0.4,0.48,0.43,0.839,2.1,8.8,,0.74,0.419,0.333,0.357,0.202,0.131,0.069,0.059,0.539,31.0,14.2,3.2,2.3,1.0,0.3,0.5,0.314,0.706,6.0,186.0,0.9,2019.0,11.0,7,Veteran,,,,,7.0,False,False,True,False,,,,False,95.99040000000002,2.0981508196721315,50.74925816023739,True,49.736147757255935,72.14854111405835,75.0,61.47757255936675,24.670184696569923,63.3245382585752,29.287598944591032,77.57255936675462,61.74142480211082,49.86807387862797,54.74934036939314,41.42480211081794,55.67282321899736,65.17150395778364,95.6639566395664,76.2532981530343,30.50397877984085,85.27851458885941,72.41379310344827,81.83023872679045,91.3793103448276,,52.22551928783383,67.61473985708587,3,80.54862842892769,True,Wing,54.47761194029851,72.72727272727273,81.81818181818183,59.70149253731343,31.343283582089555,56.71641791044776,21.641791044776117,74.6268656716418,53.73134328358209,44.776119402985074,55.970149253731336,29.1044776119403,60.44776119402984,68.65671641791045,98.50746268656717,70.1492537313433,29.545454545454547,90.9090909090909,78.78787878787878,89.39393939393939,93.18181818181816,,52.38095238095239,-12.93388857184182,0.8394275753155241,False,15616850.659248805,6499548.8857962815,35966581.45039522,9371036.534041518,24945645.39820433,-7445649.340751195,1.8868741981052115,High,Fairly paid,49488300.0,0.4660192409114881,False,Mid-Level,51.0,147,30.973451327433622,12.718204488778056,80.10291595197255
barrerj01,RJ Barrett,TOR,SF,25.0,57.0,1726.0,1.0,-0.7,0.2,1.0,rj barrett,barrerj01,TOR,29616071.0,1.0,29616071.0,29616071.0,barrerj01,30.3,19.3,5.3,3.3,0.7,0.3,0.491,0.339,0.717,4.9,14.3,,0.726,0.45,0.397,0.4,0.304,0.272,0.071,0.006,0.347,38.7,24.1,7.0,4.0,1.3,0.3,0.477,0.386,0.634,7.0,271.0,0.8,2019.0,3.0,7,Veteran,,,,,7.0,False,False,True,False,,,,False,247.7904,5.168281807647741,76.00148367952522,False,61.08179419525066,78.77984084880637,71.19565217391305,73.61477572559367,30.606860158311346,66.49076517150397,36.80738786279684,46.04221635883905,86.80738786279683,73.87862796833772,72.0316622691293,41.42480211081794,40.89709762532981,71.37203166226914,39.701897018970186,25.725593667546175,58.753315649867375,57.294429708222815,64.45623342175067,38.196286472148536,68.16976127320955,,86.35014836795251,71.51125843233245,3,84.53865336658353,True,Wing,63.43283582089553,78.78787878787878,75.75757575757575,75.3731343283582,32.83582089552239,61.19402985074627,32.08955223880597,48.507462686567166,79.1044776119403,70.8955223880597,73.88059701492537,29.1044776119403,43.28358208955223,75.3731343283582,29.850746268656714,20.8955223880597,63.63636363636363,57.57575757575758,74.24242424242425,37.878787878787875,71.21212121212122,,92.06349206349206,-13.027394934251078,0.845900136618446,False,21624531.664677855,6396520.71860481,44464096.83798383,9222490.72944012,30839338.85130411,-7991539.335322145,1.760388465733097,High,Fairly paid,49488300.0,0.598445915499219,False,Mid-Level,37.0,147,30.678466076696164,10.723192019950124,88.67924528301887
joneshe01,Herbert Jones,NOP,SF,27.0,56.0,1588.0,-3.7,0.6,-3.1,-0.5,herbert jones,joneshe01,NOP,14898786.0,4.0,58284050.0,14898786.0,joneshe01,28.4,8.9,3.4,2.8,1.6,0.5,0.383,0.309,0.806,1.1,8.5,,0.617,0.333,0.286,0.375,0.224,0.157,0.044,0.033,0.542,,,,,,,,,,,,,2021.0,35.0,5,Veteran,,,,,5.0,False,False,False,False,,,,False,106.624,2.4171687657430727,23.26409495548961,False,14.907651715039576,65.78249336870027,76.63043478260869,5.145118733509235,71.50395778364116,60.94986807387863,33.773087071240106,65.03957783641161,41.55672823218997,41.29287598944591,64.90765171503958,97.36147757255937,66.75461741424802,4.485488126649076,19.24119241192412,62.66490765171504,53.84615384615385,5.039787798408488,95.3580901856764,83.55437665782493,74.13793103448276,,14.243323442136498,57.131760985500755,3,70.32418952618454,True,Wing,12.686567164179104,65.15151515151516,84.84848484848484,4.477611940298507,77.61194029850746,50.74626865671642,28.35820895522388,62.68656716417911,28.35820895522388,29.850746268656714,64.92537313432835,97.01492537313432,73.13432835820896,1.4925373134328357,13.432835820895525,59.70149253731343,62.121212121212125,1.5151515151515151,95.45454545454544,90.9090909090909,80.3030303030303,,11.11111111111111,-13.192428540683784,0.8124055374179362,False,12538053.533150848,3258601.5210886523,31949032.62535529,4698245.130633223,22159160.15779744,-2360732.466849152,2.2882683526919547,Medium,Fairly paid,41240250.0,0.3612680815465474,False,Mid-Level,69.0,147,30.383480825958703,25.6857855361596,70.15437392795883
siakapa01,Pascal Siakam,IND,PF,31.0,62.0,2057.0,1.8,-1.0,0.7,1.4,pascal siakam,siakapa01,IND,48924624.0,2.0,101223360.0,48924624.0,siakapa01,33.2,24.0,6.6,3.8,1.1,0.4,0.484,0.358,0.693,6.1,18.6,,0.695,0.534,0.412,0.294,0.213,0.277,0.183,0.074,0.254,,,,,,,,,,,,,2016.0,27.0,10,Veteran,,,,,10.0,False,False,False,False,,,,False,245.6316,4.298851531356344,59.161721068249264,False,66.2269129287599,90.45092838196288,81.52173913043478,84.03693931398418,21.108179419525065,81.79419525065963,46.17414248021108,87.20316622691293,94.9868073878628,84.43271767810026,80.21108179419525,79.94722955145119,55.67282321899736,67.94195250659631,53.65853658536586,18.997361477572557,66.84350132625994,37.40053050397878,90.45092838196288,88.9920424403183,53.84615384615385,,64.39169139465875,81.0464785493391,3,94.38902743142144,True,Big,60.91549295774647,88.73239436619718,76.42857142857142,84.50704225352112,14.084507042253522,85.91549295774648,45.42253521126761,84.85915492957746,96.47887323943662,65.49295774647888,91.54929577464787,90.49295774647888,26.76056338028169,43.309859154929576,60.98484848484848,32.3943661971831,90.14084507042254,26.76056338028169,86.61971830985915,84.85915492957746,55.98591549295775,,42.96296296296296,-13.34254888208234,0.8586430092017168,False,25562625.856252287,6730768.180410744,60482010.00815875,9704408.048785033,41949018.0548588,-23361998.143747713,2.102727713890205,High,Leaning overpaid,57736350.0,0.8473799261643661,False,Near-Max,8.0,17,30.08849557522124,1.4962593516209477,91.76672384219556
bridgmi01,Mikal Bridges,NYK,SF,29.0,82.0,2692.0,1.3,1.4,2.7,3.2,mikal bridges,bridgmi01,NYK,33482145.0,4.0,108482144.0,33482145.0,bridgmi01,32.8,14.4,3.8,3.7,1.3,0.8,0.49,0.371,0.827,1.2,11.7,,0.779,0.511,0.463,0.383,0.202,0.144,0.168,0.049,0.436,32.0,13.5,3.2,2.7,1.0,0.3,0.559,0.365,0.92,19.0,608.0,2.8,2018.0,10.0,8,Veteran,,,,,8.0,False,False,True,False,,,,False,193.7988,2.591663001485884,65.37091988130565,False,87.73087071240106,71.3527851458886,66.30434782608695,78.23218997361478,88.78627968337732,98.68073878627968,97.75725593667546,77.57255936675462,73.35092348284961,49.86807387862797,78.23218997361478,89.5778364116095,83.90501319261213,70.71240105540898,64.90514905149053,70.58047493403694,52.91777188328912,60.212201591511935,62.732095490716176,66.3129973474801,27.18832891246684,,72.99703264094956,73.5541425425911,3,87.03241895261846,True,Wing,83.5820895522388,69.6969696969697,72.72727272727273,80.59701492537313,91.04477611940298,98.50746268656717,98.50746268656717,74.6268656716418,62.68656716417911,44.776119402985074,81.34328358208955,88.80597014925374,89.55223880597015,73.13432835820896,64.17910447761194,66.4179104477612,60.60606060606061,62.121212121212125,71.96969696969697,75.0,27.27272727272727,,77.77777777777779,-13.478276410027362,0.8451349902458174,False,26395160.43933271,6931948.703620631,41298089.97313671,9994469.723227898,28643464.753909472,-7086984.560667291,1.3019864512096475,High,Leaning overpaid,49488300.0,0.6765668855062712,False,Mid-Level,31.0,147,29.793510324483773,13.21695760598504,92.1097770154374
camarto01,Toumani Camara,POR,PF,25.0,82.0,2731.0,-1.0,0.0,-1.0,0.7,toumani camara,camarto01,POR,18080358.0,4.0,81000000.0,18080358.0,camarto01,33.3,13.4,5.1,2.5,1.1,0.4,0.44,0.37,0.708,1.7,10.9,,0.724,0.433,0.278,0.6,0.175,0.135,0.02,0.006,0.664,33.0,7.0,5.4,1.2,1.4,0.6,0.289,0.259,1.0,5.0,165.0,-3.4,2023.0,52.0,3,Rookie Scale,,,,,3.0,False,False,True,False,,,,False,156.415,2.0618601244965213,45.8086053412463,False,43.403693931398415,64.9867374005305,69.29347826086956,42.34828496042216,52.110817941952504,99.2084432717678,97.75725593667546,46.04221635883905,66.75461741424802,70.71240105540898,56.99208443271768,79.94722955145119,55.67282321899736,34.696569920844325,64.22764227642277,22.295514511873353,40.716180371352785,50.397877984084886,86.60477453580901,92.44031830238728,64.85411140583554,,42.433234421364986,61.206004355874626,3,75.06234413965088,True,Big,33.80281690140845,65.49295774647888,60.71428571428571,34.154929577464785,41.901408450704224,100.0,98.943661971831,41.901408450704224,71.12676056338029,44.71830985915493,75.35211267605634,90.49295774647888,26.76056338028169,19.014084507042252,69.6969696969697,36.971830985915496,64.43661971830986,38.38028169014084,81.33802816901408,89.43661971830986,67.6056338028169,,23.703703703703702,-13.85633978377625,0.8154022507211204,True,20412931.737855367,4701239.455548701,36045294.08133883,6778237.608074682,25000238.781859297,2332573.7378553674,1.5354998991969009,Medium,Fairly paid,41240250.0,0.438415334533617,False,Rookie Scale,28.0,178,29.49852507374631,50.87281795511222,87.30703259005146
davisan02,Anthony Davis,DAL,PF,32.0,20.0,626.0,1.5,0.9,2.4,0.7,anthony davis,davisan02,WAS,58456566.0,2.0,58456566.0,58456566.0,davisan02,31.3,20.4,11.1,2.8,1.1,1.7,0.506,0.27,0.728,4.1,16.7,,0.73,0.462,0.365,0.39,0.332,0.278,0.156,0.123,0.111,,,,,,,,,,,,,2012.0,1.0,14,Veteran,,,,,14.0,False,False,False,False,,,,False,110.888,6.376945686900959,81.38724035608308,False,84.30079155672823,82.22811671087533,88.8586956521739,80.73878627968337,78.7598944591029,5.936675461741425,0.9234828496042216,90.63324538258574,89.84168865435356,98.41688654353564,64.90765171503958,79.94722955145119,98.68073878627968,77.17678100263852,9.75609756097561,29.287598944591032,58.22281167108754,30.106100795755967,84.48275862068965,68.43501326259947,57.692307692307686,,90.50445103857568,85.23275252532552,3,99.25187032418953,True,Big,82.04225352112677,83.80281690140845,85.71428571428571,79.92957746478874,72.88732394366197,7.394366197183098,2.112676056338028,89.08450704225352,92.6056338028169,95.77464788732394,81.69014084507043,90.49295774647888,96.47887323943662,54.5774647887324,17.045454545454543,48.59154929577465,86.61971830985915,19.366197183098592,79.5774647887324,65.14084507042254,60.56338028169014,,80.74074074074075,-14.019117798864002,0.858752104589335,False,46307451.10734787,11294917.44972556,72368443.69260043,16284989.301591115,50193192.16827309,-12149114.892652132,1.318870393045321,High,Leaning overpaid,57736350.0,1.0124742211795514,True,Max,25.0,30,29.20353982300885,6.733167082294264,97.77015437392797
giddejo01,Josh Giddey,CHI,PG,23.0,54.0,1731.0,2.3,0.4,2.7,2.0,josh giddey,giddejo01,CHI,25000000.0,3.0,75000000.0,25000000.0,giddejo01,32.1,17.0,8.3,9.1,1.0,0.5,0.448,0.364,0.763,4.2,13.3,,0.594,0.463,0.436,0.15,0.261,0.262,0.054,0.028,0.395,,,,,,,,,,,,,2021.0,6.0,5,Veteran,,,,,5.0,False,False,False,False,,,,False,187.4502,3.898444367417678,36.20178041543027,False,87.73087071240106,63.395225464190986,60.32608695652174,88.52242744063325,63.98416886543535,66.75461741424802,29.287598944591032,25.593667546174142,81.13456464379946,92.87598944591028,99.47229551451188,73.21899736147758,66.75461741424802,39.70976253298153,60.16260162601627,41.16094986807388,92.83819628647215,35.0132625994695,59.6816976127321,8.488063660477453,32.758620689655174,,27.596439169139465,68.32820983586754,3,82.66832917705736,True,Guard,92.05882352941175,65.08875739644971,64.19753086419753,89.41176470588236,70.29411764705881,69.41176470588235,33.82352941176471,27.35294117647059,82.05882352941177,100.0,99.41176470588236,65.88235294117646,88.52941176470588,57.35294117647059,57.35294117647059,27.058823529411764,85.20710059171599,44.08284023668639,63.31360946745562,5.621301775147929,30.473372781065088,,43.16546762589928,-14.34011934118982,0.8265343029919422,False,17974342.04189855,2967286.239166668,30991426.037116665,4278227.342047721,21494984.875691988,-7025657.958101451,1.5591190894568028,High,Leaning overpaid,41240250.0,0.60620389061657,False,Mid-Level,46.0,147,28.908554572271388,13.466334164588527,83.87650085763293
aldamsa01,Santi Aldama,MEM,PF,25.0,43.0,1198.0,1.3,0.4,1.7,1.1,santi aldama,aldamsa01,DAL,17007043.0,2.0,17007043.0,17007043.0,aldamsa01,27.9,14.0,6.7,2.9,0.9,0.7,0.479,0.35,0.667,2.7,11.1,,0.714,0.52,0.513,0.214,0.206,0.263,0.082,0.029,0.42,,,,,,,,,,,,,2021.0,30.0,5,Veteran,,,,,5.0,False,False,False,False,,,,False,98.3238,2.954638397328881,53.29376854599407,True,77.04485488126649,55.172413793103445,51.358695652173914,78.23218997361478,63.98416886543535,38.78627968337731,12.796833773087071,46.04221635883905,71.10817941952506,85.35620052770449,66.2269129287599,63.58839050131926,79.15567282321899,64.37994722955145,46.883468834688344,15.03957783641161,44.297082228116714,53.18302387267904,31.29973474801061,32.228116710875334,86.47214854111405,,55.78635014836796,59.21037976229563,3,73.81546134663341,True,Big,75.70422535211267,53.52112676056338,43.57142857142857,75.35211267605634,55.98591549295775,44.36619718309859,14.084507042253522,41.901408450704224,74.29577464788733,67.6056338028169,82.3943661971831,74.29577464788733,57.04225352112676,39.08450704225352,53.78787878787878,26.056338028169012,67.95774647887323,40.845070422535215,26.408450704225352,34.50704225352113,84.50704225352112,,37.77777777777778,-14.605081584337782,0.8021406177256942,False,7290901.815513971,2095617.8293015067,25922980.94127246,3021457.5788004454,17979620.640823677,-9716141.184486028,3.268095458543937,Low,Fairly paid,41240250.0,0.4123894253793321,False,Mid-Level,67.0,147,28.613569321533923,8.728179551122196,31.732418524871353
gaffoda01,Daniel Gafford,DAL,C,27.0,55.0,1195.0,-0.5,1.2,0.7,0.8,daniel gafford,gaffoda01,DAL,17263584.0,3.0,54380289.0,17263584.0,gaffoda01,21.7,9.5,6.9,1.1,0.8,1.3,0.655,,0.683,2.9,5.7,,0.756,0.465,0.333,0.5,0.661,0.313,0.019,0.006,0.0,,,,,,,,,,,,,2019.0,38.0,7,Veteran,,,,,7.0,False,False,False,False,,,,False,207.2235,6.242716317991632,88.84272997032642,False,66.2269129287599,60.742705570291776,53.53260869565217,51.187335092348285,85.22427440633246,38.52242744063325,31.398416886543533,65.03957783641161,46.56992084432718,87.20316622691293,15.8311345646438,52.242744063324544,94.9868073878628,97.62532981530345,,17.018469656992085,14.588859416445624,96.41909814323608,61.40583554376657,16.976127320954905,15.517241379310343,,95.84569732937686,59.409971081918954,3,74.06483790523691,True,Big,60.91549295774647,59.154929577464785,45.714285714285715,44.71830985915493,80.98591549295774,43.66197183098591,30.28169014084507,60.2112676056338,48.23943661971831,70.77464788732394,27.11267605633803,62.676056338028175,86.97183098591549,93.66197183098592,,29.225352112676056,29.225352112676056,91.19718309859157,53.87323943661971,19.014084507042252,19.014084507042252,,91.11111111111111,-14.65486682331796,0.802134626392239,False,8487489.305220837,4170605.0970181753,27125144.641958423,6013170.055328977,18813415.46308849,-8776094.694779163,2.7045146944480294,Medium,Fairly paid,49488300.0,0.3488417262261989,False,Mid-Level,66.0,147,28.31858407079646,9.975062344139651,44.4253859348199
nesmiaa01,Aaron Nesmith,IND,SF,26.0,45.0,1335.0,-1.7,-1.6,-3.4,-0.5,aaron nesmith,nesmiaa01,IND,11000000.0,3.0,51389440.0,11000000.0,nesmiaa01,29.7,13.8,4.2,1.9,0.6,0.5,0.414,0.379,0.829,2.5,11.4,,0.526,0.442,0.472,0.259,0.152,0.15,0.104,0.053,0.541,,,,,,,,,,,,,2020.0,14.0,6,Veteran,,,,,6.0,False,False,False,False,,,,False,77.976,2.102723595505618,11.468842729970326,True,12.796833773087071,61.80371352785146,54.34782608695651,29.023746701846964,10.026385224274406,45.91029023746702,14.907651715039576,55.8047493403694,70.05277044854881,58.575197889182064,42.87598944591029,28.49604221635884,66.75461741424802,15.699208443271766,71.27371273712737,72.42744063324538,36.47214854111406,31.29973474801061,84.48275862068965,41.51193633952255,54.774535809018566,,3.857566765578635,46.756035798824755,3,61.471321695760594,True,Wing,10.44776119402985,60.60606060606061,62.121212121212125,29.850746268656714,12.686567164179104,31.343283582089555,8.208955223880597,55.970149253731336,58.95522388059702,53.73134328358209,46.26865671641791,18.65671641791045,73.13432835820896,10.44776119402985,73.88059701492537,68.65671641791045,37.878787878787875,28.030303030303028,89.39393939393939,43.18181818181818,56.060606060606055,,1.5873015873015872,-14.71528589693584,0.7606154302364596,False,9285632.203926217,4759261.356451538,25873739.21604125,6861893.46830265,17945467.64193204,-1714367.796073785,2.2738869466165097,Medium,Fairly paid,41240250.0,0.2667297118712908,False,Mid-Level,91.0,147,28.023598820058996,27.93017456359102,49.22813036020583
willizi01,Zion Williamson,NOP,PF,25.0,62.0,1841.0,3.5,-0.6,2.9,2.3,zion williamson,willizi01,NOP,42166510.0,2.0,87053440.0,42166510.0,willizi01,29.7,21.0,5.7,3.2,1.0,0.5,0.6,0.25,0.716,7.5,13.0,,0.744,0.407,0.452,0.0,0.575,0.378,0.038,0.004,0.005,,,,,,,,,,,,,2019.0,1.0,6,Veteran,,,,,7.0,False,False,False,False,,,,False,463.45,9.062574687669745,86.15727002967361,False,89.70976253298153,69.23076923076923,77.17391304347827,94.06332453825856,33.24538258575198,71.50395778364116,46.17414248021108,46.04221635883905,91.688654353562,79.68337730870712,70.18469656992085,73.21899736147758,66.75461741424802,93.13984168865436,6.639566395663957,25.19788918205805,68.0371352785146,90.71618037135278,64.45623342175067,63.395225464190986,76.39257294429707,,93.76854599406528,77.3291964860882,3,92.51870324189528,True,Big,88.02816901408451,69.01408450704226,70.0,95.77464788732394,25.704225352112676,73.23943661971832,45.42253521126761,41.901408450704224,93.66197183098592,56.33802816901409,85.91549295774648,84.15492957746478,38.38028169014084,81.69014084507043,12.87878787878788,42.6056338028169,92.25352112676056,79.5774647887324,58.45070422535211,59.859154929577464,76.05633802816901,,86.66666666666667,-15.189506755807074,0.8358223124237565,False,24166227.955393195,5243242.01061165,45524135.24175984,7559695.803756285,31574558.632075917,-18000282.044606805,1.6668258408180192,High,Leaning overpaid,49488300.0,0.8520500805240835,False,Near-Max,12.0,17,27.728613569321535,3.2418952618453867,90.73756432247
whiteco01,Coby White,CHO,SG,25.0,50.0,1249.0,0.6,-1.9,-1.3,0.2,coby white,whiteco01,CHO,22839506.0,3.0,74000000.0,22839506.0,whiteco01,25.0,17.4,3.4,4.0,0.5,0.1,0.446,0.362,0.817,4.8,12.5,,0.649,0.443,0.415,0.393,0.238,0.141,0.066,0.045,0.51,,,,,,,,,,,,,2019.0,7.0,7,Veteran,,,,,7.0,False,False,False,False,,,,False,148.75,4.287429943955164,46.37982195845697,False,38.12664907651715,86.20689655172413,61.684782608695656,65.96306068601582,6.860158311345646,41.68865435356201,21.767810026385224,46.04221635883905,82.98153034300792,41.29287598944591,82.71767810026385,16.75461741424802,9.366754617414248,37.86279683377309,57.3170731707317,65.96306068601582,88.3289124668435,64.45623342175067,77.45358090185677,55.437665782493376,86.07427055702918,,43.916913946587535,64.9910419542867,3,80.29925187032418,True,Guard,44.70588235294118,85.79881656804734,66.0493827160494,69.41176470588235,11.176470588235295,41.76470588235294,22.941176470588236,49.11764705882353,84.41176470588235,66.17647058823529,74.41176470588235,11.470588235294118,16.76470588235294,54.11764705882353,54.41176470588235,53.52941176470589,75.7396449704142,73.66863905325444,80.4733727810651,55.62130177514793,87.27810650887574,,60.431654676258994,-15.308209916037484,0.8093604914182909,False,20619663.354909055,4901409.297187824,42020466.26251023,7066842.083858036,29144489.372655418,-2219842.645090945,1.8001776424000266,High,Fairly paid,49488300.0,0.4615132465653498,False,Mid-Level,54.0,147,27.43362831858407,26.932668329177055,87.47855917667239
claxtni01,Nic Claxton,BRK,C,26.0,69.0,1920.0,0.3,0.6,0.9,1.4,nic claxton,claxtni01,CHI,23147727.0,2.0,44090911.0,23147727.0,claxtni01,27.8,11.7,6.9,3.7,0.7,1.1,0.571,0.158,0.616,3.3,8.4,,0.717,0.47,0.235,0.6,0.497,0.395,0.058,0.017,0.033,,,,,,,,,,,,,2019.0,31.0,7,Veteran,,,,,7.0,False,False,False,False,,,,False,288.0612,5.4011474999999995,72.80415430267063,False,68.60158311345647,63.12997347480106,,61.47757255936675,71.50395778364116,75.98944591029023,67.01846965699208,55.8047493403694,57.9155672823219,87.20316622691293,78.23218997361478,41.42480211081794,92.0844327176781,90.36939313984168,2.710027100271003,8.970976253298153,52.91777188328912,63.793103448275865,5.835543766578249,0.6631299734748011,9.549071618037134,,82.7893175074184,65.31861733026322,2,80.79800498753117,True,Big,64.43661971830986,61.97183098591549,,57.3943661971831,64.08450704225352,77.46478873239437,68.66197183098592,51.056338028169016,62.676056338028175,70.77464788732394,90.49295774647888,52.112676056338024,79.92957746478874,75.0,7.575757575757576,14.788732394366196,79.5774647887324,51.40845070422535,7.746478873239436,1.4084507042253522,10.56338028169014,,66.66666666666666,-15.47938765726795,0.8084186897973936,False,15200293.921163334,4955695.8798867,29497577.80845083,7145112.369799136,20458883.95399537,-7947433.078836666,1.6145662745635811,Medium,Leaning overpaid,49488300.0,0.4677414055443408,False,Mid-Level,52.0,147,27.13864306784661,10.972568578553616,79.24528301886792
garlada01,Darius Garland,LAC,PG,26.0,45.0,1344.0,2.2,-2.4,-0.2,0.6,darius garland,garlada01,LAC,42166510.0,2.0,87053440.0,42166510.0,garlada01,29.9,18.8,2.4,6.7,1.0,0.2,0.46,0.396,0.861,2.7,14.9,,0.624,0.49,0.493,0.359,0.15,0.228,0.106,0.058,0.458,,,,,,,,,,,,,2019.0,5.0,7,Veteran,,,,,7.0,False,False,False,False,,,,False,100.575,2.6939732142857142,26.82492581602374,False,55.01319261213721,88.85941644562334,79.07608695652173,87.73087071240106,2.9023746701846966,46.17414248021108,14.907651715039576,55.8047493403694,86.2796833773087,17.810026385224276,95.77836411609498,73.21899736147758,24.406332453825858,50.0,84.41734417344173,84.69656992084433,94.9602122015915,53.18302387267904,42.04244031830239,32.228116710875334,55.96816976127321,,17.210682492581604,76.7291119288387,3,92.51870324189528,True,Guard,61.47058823529412,89.94082840236686,82.71604938271605,88.52941176470588,4.705882352941177,45.294117647058826,17.058823529411764,60.29411764705882,87.6470588235294,32.94117647058823,92.94117647058825,65.88235294117646,40.294117647058826,69.11764705882352,82.94117647058825,75.88235294117646,89.3491124260355,64.79289940828401,43.49112426035503,32.544378698224854,54.142011834319526,,26.618705035971225,-15.789591313056562,0.8293362232739708,False,28458007.24987334,5428625.24444252,52012418.65352195,7826980.978089581,36074692.10892851,-13708502.75012666,1.636930969904323,High,Leaning overpaid,49488300.0,0.8520500805240835,False,Near-Max,13.0,17,26.843657817109147,5.985037406483791,92.96740994854204
demineg01,Egor Dёmin,BRK,PG,19.0,52.0,1308.0,-0.9,-0.7,-1.6,0.1,egor diomin,demineg01,BRK,7233720.0,3.0,7233720.0,7233720.0,demineg01,25.2,10.3,3.2,3.3,0.8,0.3,0.399,0.385,0.831,1.3,8.6,,0.551,0.419,0.438,0.158,0.109,0.096,0.036,0.042,0.717,,,,,,,,,,,,,2025.0,8.0,1,Rookie Scale,,,,,1.0,False,False,False,False,,,,False,48.7448,1.3416,4.13946587537092,True,32.98153034300791,,,44.9868073878628,30.606860158311346,43.79947229551451,25.065963060686013,1.58311345646438,51.58311345646438,35.75197889182058,72.0316622691293,52.242744063324544,40.89709762532981,9.49868073878628,76.15176151761518,73.7467018469657,,,,,,,0.5934718100890208,32.98153034300791,1,49.12718204488778,True,Guard,40.588235294117645,,,52.94117647058824,36.17647058823529,43.52941176470589,28.52941176470588,2.3529411764705883,51.76470588235295,58.82352941176471,59.11764705882353,47.647058823529406,61.47058823529412,15.294117647058824,72.94117647058823,61.1764705882353,,,,,,,1.4388489208633095,-16.14565170187987,0.6713499323627499,True,8398357.180805188,2089242.266007817,23230276.246473495,3012265.3044441706,16112018.723438928,1164637.1808051877,2.5172820737827672,Low,Fairly paid,41240250.0,0.1754043683052357,False,Rookie Scale,79.0,178,26.548672566371685,42.643391521197,43.91080617495712
strawju01,Julian Strawther,DEN,SG,23.0,57.0,861.0,-1.2,-1.1,-2.3,-0.1,julian strawther,strawju01,DEN,4826931.0,1.0,4826931.0,4826931.0,strawju01,15.1,7.2,2.0,1.1,0.4,0.1,0.467,0.387,0.814,1.2,5.6,,0.633,0.506,0.512,0.0,0.154,0.241,0.129,0.006,0.47,9.0,3.0,1.5,0.0,0.0,0.0,0.286,0.333,0.5,2.0,18.0,-11.5,2023.0,29.0,3,Rookie Scale,,,,,3.0,False,False,True,True,,,,False,49.1568,2.0553365853658536,19.154302670623142,True,25.065963060686013,14.854111405835544,18.75,38.65435356200528,18.601583113456467,17.678100263852244,36.80738786279684,25.593667546174142,27.572559366754614,10.554089709762533,15.8311345646438,8.839050131926122,9.366754617414248,54.089709762532976,78.31978319783198,64.77572559366754,49.20424403183024,61.40583554376657,4.376657824933687,27.32095490716181,18.83289124668435,,9.792284866468842,18.86803254235983,3,35.910224438902745,True,Guard,33.82352941176471,16.56804733727811,25.30864197530864,47.35294117647059,22.941176470588236,18.235294117647054,40.294117647058826,27.35294117647059,28.235294117647054,20.588235294117645,8.235294117647058,5.294117647058823,16.76470588235294,74.41176470588235,76.47058823529412,52.352941176470594,27.2189349112426,72.7810650887574,5.029585798816568,26.627218934911244,16.56804733727811,,18.705035971223023,-17.042191896542914,0.5254222951032147,True,5428123.351885796,2002914.3093966255,18899504.4380371,2887797.8299275124,13108288.775326006,601192.3518857956,3.11278669132867,Low,Fairly paid,41240250.0,0.1170441740775092,False,Rookie Scale,105.0,178,26.253687315634217,38.15461346633416,16.638078902229847
wiggiaa01,Aaron Wiggins,OKC,SG,27.0,65.0,1414.0,-1.7,0.7,-0.9,0.4,aaron wiggins,wiggiaa01,ATL,9224300.0,3.0,17570097.0,9224300.0,wiggiaa01,21.8,9.4,3.1,1.7,0.9,0.4,0.431,0.356,0.736,1.1,8.2,,0.617,0.402,0.393,0.5,0.239,0.19,0.052,0.015,0.504,5.8,1.5,0.4,0.4,0.1,0.1,0.36,0.111,,13.0,75.0,-6.0,2021.0,55.0,5,Veteran,,,,,5.0,False,False,True,True,,,,False,127.387,3.2432333804809055,32.87833827893176,False,44.9868073878628,30.23872679045093,43.75,29.023746701846964,74.80211081794195,50.92348284960422,54.74934036939314,65.03957783641161,45.91029023746702,33.90501319261214,37.33509234828496,63.58839050131926,55.67282321899736,27.83641160949868,52.1680216802168,32.321899736147756,61.0079575596817,20.159151193633953,59.6816976127321,27.32095490716181,4.774535809018567,,23.44213649851632,38.9924743933848,3,56.10972568578554,True,Guard,51.47058823529411,34.9112426035503,48.76543209876543,35.294117647058826,78.82352941176471,52.94117647058824,57.35294117647059,70.58823529411765,50.294117647058826,56.1764705882353,25.294117647058822,57.35294117647059,78.52941176470588,39.705882352941174,50.0,19.411764705882355,36.09467455621302,31.952662721893493,63.31360946745562,26.627218934911244,6.508875739644971,,35.97122302158273,-17.117251292400745,0.6949325436332134,False,6664501.292821322,2449152.330931964,22744842.69303135,3531182.9134406946,15775332.47747865,-2559798.7071786784,3.0453427001298534,Low,Fairly paid,41240250.0,0.223672261928577,False,Mid-Level,106.0,147,25.958702064896755,24.93765586034913,26.243567753001717
georgpa01,Paul George,PHI,PF,35.0,37.0,1135.0,1.0,0.7,1.7,1.1,paul george,georgpa01,BOS,54126380.0,2.0,54126380.0,54126380.0,georgpa01,30.7,17.3,5.3,3.6,1.7,0.4,0.439,0.392,0.82,3.0,13.9,,0.576,0.481,0.39,0.515,0.115,0.105,0.15,0.133,0.497,35.8,16.4,3.9,3.0,1.3,0.5,0.458,0.493,0.75,11.0,394.0,2.2,2010.0,10.0,16,Veteran,,,,,16.0,False,False,True,False,,,,False,59.14450000000001,1.8759488986784143,10.281899109792285,True,77.04485488126649,79.84084880636605,81.25,73.61477572559367,74.80211081794195,32.98153034300791,7.255936675461741,96.30606860158312,82.45382585751979,73.87862796833772,76.12137203166228,98.15303430079156,55.67282321899736,33.37730870712401,81.97831978319783,66.88654353562006,70.026525198939,43.63395225464191,88.46153846153845,70.82228116710876,78.24933687002653,,2.967359050445104,79.67028202270389,3,97.50623441396507,True,Big,75.70422535211267,80.98591549295774,75.71428571428571,72.1830985915493,67.6056338028169,37.32394366197183,8.80281690140845,95.77464788732394,85.91549295774648,49.647887323943664,89.08450704225352,100.0,26.76056338028169,17.253521126760564,84.84848484848484,85.2112676056338,93.66197183098592,32.3943661971831,84.50704225352112,67.95774647887323,78.16901408450704,,1.4814814814814816,-17.835952391261202,0.8170788514348916,False,25980295.91573196,4022940.710562452,64394070.86937937,5800267.8394109765,44662339.11804608,-28146084.08426804,2.323727580110438,Medium,Leaning overpaid,57736350.0,0.9374749183140256,True,Max,26.0,30,25.663716814159297,0.4987531172069825,91.93825042881647
mcdanja02,Jaden McDaniels,MIN,PF,25.0,73.0,2316.0,-0.9,0.6,-0.3,1.0,jaden mcdaniels,mcdanja02,MIN,26200001.0,3.0,84020689.0,26200001.0,mcdanja02,31.7,14.8,4.2,2.7,1.1,1.0,0.515,0.412,0.835,2.4,11.1,,0.74,0.467,0.509,0.439,0.224,0.278,0.138,0.051,0.309,33.8,16.3,5.8,2.4,0.5,0.7,0.443,0.238,0.857,12.0,406.0,-0.7,2020.0,28.0,6,Veteran,,,,,6.0,False,False,True,False,,,,False,181.5072,2.8213554404145076,60.36350148367953,False,54.089709762532976,74.80106100795756,62.77173913043478,44.9868073878628,71.50395778364116,91.02902374670184,79.02374670184696,46.04221635883905,74.14248021108179,58.575197889182064,62.796833773087066,79.94722955145119,89.9736147757256,81.13456464379946,91.05691056910568,74.93403693931398,38.9920424403183,73.47480106100795,49.20424403183024,34.217506631299734,36.206896551724135,,66.76557863501483,65.11222749253037,3,83.0423940149626,True,Big,44.71830985915493,74.64788732394366,55.00000000000001,38.028169014084504,64.08450704225352,92.25352112676056,78.52112676056338,41.901408450704224,76.76056338028168,32.04225352112676,79.92957746478874,90.49295774647888,75.70422535211267,61.267605633802816,89.39393939393939,92.25352112676056,61.97183098591549,60.91549295774647,41.901408450704224,35.91549295774648,40.49295774647887,,48.148148148148145,-17.93016652243223,0.7840841809160564,False,18748354.627614222,8185029.866911968,32647680.338712446,11801159.6285818,22643727.147843763,-7451646.372385774,1.3047891912482674,High,Leaning overpaid,41240250.0,0.635301701614321,False,Mid-Level,53.0,147,25.368731563421832,12.468827930174564,84.90566037735849
batumni01,Nicolas Batum,LAC,PF,37.0,74.0,1295.0,-1.7,0.7,-1.0,0.3,nicolas batum,batumni01,LAC,5881680.0,1.0,,5881680.0,batumni01,17.5,4.0,2.5,0.9,0.6,0.3,0.403,0.404,0.818,0.1,3.2,,0.5,0.0,0.5,0.4,0.008,0.004,0.008,0.021,0.958,,,,,,,,,,,,,2008.0,25.0,18,Veteran,,,,,18.0,False,False,False,False,,,,False,1.8944,0.0526628571428571,,True,43.403693931398415,19.098143236074268,17.119565217391305,29.023746701846964,74.80211081794195,43.007915567282325,80.87071240105541,98.54881266490764,4.089709762532982,20.58047493403694,10.15831134564644,28.49604221635884,40.89709762532981,10.949868073878628,86.85636856368563,66.35883905013192,2.9177718832891246,69.49602122015915,61.40583554376657,27.32095490716181,31.697612732095493,,,24.432564152899193,3,42.39401496259352,True,Big,33.80281690140845,14.788732394366196,10.0,21.830985915492956,67.6056338028169,50.70422535211267,80.98591549295774,98.59154929577466,4.225352112676056,3.873239436619718,17.6056338028169,39.08450704225352,15.845070422535212,5.633802816901409,87.12121212121212,84.50704225352112,5.28169014084507,56.690140845070424,53.87323943661971,30.633802816901408,35.563380281690144,,,-17.961450809694323,0.5763210720772104,False,4817480.804138298,1928320.948336156,23540640.742308203,2780249.2717156955,16327280.84580552,-1064199.195861702,4.4862285232992924,Low,Fairly paid,57736350.0,0.1018713514103333,False,Mid-Level,120.0,147,25.073746312684364,30.673316708229425,12.178387650085764
fearsje01,Jeremiah Fears,NOP,PG,19.0,82.0,2112.0,-1.4,-1.3,-2.7,-0.4,jeremiah fears,fearsje01,NOP,7896240.0,3.0,7896240.0,7896240.0,fearsje01,25.8,14.3,3.7,3.4,1.2,0.4,0.434,0.33,0.789,3.0,12.3,,0.61,0.377,0.373,0.298,0.326,0.222,0.101,0.047,0.304,,,,,,,,,,,,,2025.0,7.0,1,Rookie Scale,,,,,1.0,False,False,False,False,,,,False,328.8036,5.604606818181819,47.952522255192875,False,18.073878627968337,40.58355437665783,36.41304347826087,34.696569920844325,14.24802110817942,83.37730870712402,97.75725593667546,1.58311345646438,72.95514511873351,48.15303430079156,73.87862796833772,85.75197889182058,55.67282321899736,29.155672823218996,31.70731707317073,55.01319261213721,92.57294429708224,13.660477453580905,20.95490716180371,73.87267904509284,14.588859416445624,,47.774480712166174,33.392193852586594,3,51.3715710723192,True,Guard,25.588235294117645,43.786982248520715,41.358024691358025,42.64705882352941,19.705882352941178,81.17647058823529,97.05882352941175,2.3529411764705883,75.0,73.23529411764706,61.47058823529412,79.70588235294119,78.52941176470588,42.05882352941177,30.58823529411765,41.47058823529412,84.61538461538461,21.89349112426036,21.89349112426036,72.7810650887574,13.6094674556213,,65.46762589928058,-17.979377219732605,0.6500130939265644,True,12513632.325881848,3895104.242375693,29091787.087715294,5615953.476243571,20177436.259576272,4617392.325881848,2.0135386903789314,Medium,Fairly paid,41240250.0,0.1914692563696873,False,Rookie Scale,78.0,178,24.778761061946906,71.571072319202,69.9828473413379
bridgmi02,Miles Bridges,CHO,PF,27.0,77.0,2387.0,1.2,-0.1,1.1,1.9,miles bridges,bridgmi02,PHO,22826087.0,1.0,22826087.0,22826087.0,bridgmi02,31.0,17.1,5.8,3.2,0.6,0.4,0.46,0.333,0.822,3.3,13.5,,0.718,0.46,0.395,0.267,0.231,0.286,0.041,0.014,0.427,,,,,,,,,,,,,2018.0,12.0,7,Veteran,,,,,8.0,False,False,False,False,,,,False,240.1245,3.621483870967742,61.6246290801187,False,70.58047493403694,58.355437665782496,60.05434782608695,76.91292875989446,48.54881266490765,93.4036939313984,88.39050131926122,65.03957783641161,81.79419525065963,81.39841688654353,70.18469656992085,28.49604221635884,55.67282321899736,50.0,35.09485094850949,67.67810026385224,55.03978779840849,40.9814323607427,24.801061007957557,24.53580901856764,17.639257294429708,,67.65578635014838,62.04878829296028,3,80.0498753117207,True,Big,67.25352112676056,56.33802816901409,52.142857142857146,74.64788732394366,38.028169014084504,95.07042253521126,89.7887323943662,60.2112676056338,84.85915492957746,59.859154929577464,85.91549295774648,39.08450704225352,26.76056338028169,28.87323943661972,40.15151515151515,85.91549295774648,82.3943661971831,29.577464788732392,21.12676056338028,28.169014084507044,21.47887323943662,,49.629629629629626,-18.001087018760416,0.7751266076472608,False,19988977.520434663,7323864.526188058,30399968.802302424,10559533.169334795,21084762.890368544,-2837109.4795653336,1.154441454172618,High,Leaning overpaid,49488300.0,0.461242091565077,False,Mid-Level,59.0,147,24.48377581120944,23.940149625935163,86.62092624356775
nembhan01,Andrew Nembhard,IND,PG,26.0,57.0,1786.0,1.1,-1.9,-0.8,0.6,andrew nembhard,nembhan01,IND,19550160.0,2.0,40548480.0,19550160.0,nembhan01,31.3,16.9,2.8,7.7,0.9,0.1,0.442,0.361,0.825,4.1,13.2,,0.67,0.463,0.483,0.37,0.141,0.163,0.159,0.143,0.393,,,,,,,,,,,,,2022.0,31.0,4,Rookie Scale,,,,,4.0,False,False,False,False,,,,False,106.0884,2.1384,29.347181008902083,False,46.306068601583114,72.94429708222812,52.17391304347826,75.46174142480211,6.860158311345646,69.78891820580475,36.80738786279684,55.8047493403694,80.73878627968337,27.440633245382585,98.15303430079156,63.58839050131926,9.366754617414248,36.147757255936675,56.233062330623305,68.99736147757255,97.08222811671088,36.737400530503976,33.02387267904509,24.53580901856764,10.875331564986736,,20.178041543026705,58.49584594753567,3,76.93266832917706,True,Guard,52.64705882352941,73.37278106508876,58.0246913580247,76.47058823529412,11.176470588235295,72.6470588235294,40.294117647058826,60.29411764705882,81.17647058823529,49.11764705882353,97.05882352941175,57.35294117647059,16.76470588235294,51.47058823529411,53.52941176470589,56.47058823529411,93.49112426035504,46.44970414201183,35.798816568047336,22.7810650887574,11.538461538461538,,31.654676258992804,-18.43682238164139,0.7603511904363631,True,11674110.232718777,3097040.7016861467,32477808.65918152,4465307.065593178,22525907.81362048,-7876049.767281225,2.516745805187836,Low,Fairly paid,41240250.0,0.4740553221670576,False,Rookie Scale,34.0,178,24.188790560471976,11.221945137157109,66.0377358490566
greenaj01,A.J. Green,MIL,SG,26.0,78.0,2270.0,-1.5,-1.8,-3.3,-0.8,aj green,greenaj01,MIL,10044644.0,4.0,45000000.0,10044644.0,greenaj01,29.1,10.4,2.7,1.9,0.5,0.1,0.424,0.419,0.855,0.8,7.9,,0.563,0.5,0.5,0.313,0.026,0.019,0.032,0.026,0.896,,,,,,,,,,,,,,,4,Rookie Scale,,,,,4.0,True,False,False,False,,,,False,16.0212,0.2540807048458149,,True,13.720316622691293,50.397877984084886,48.09782608695652,32.45382585751979,8.047493403693931,89.44591029023746,91.82058047493403,55.8047493403694,52.110817941952504,25.593667546174142,42.87598944591029,16.75461741424802,9.366754617414248,23.614775725593667,92.9539295392954,82.71767810026385,33.687002652519894,83.6870026525199,79.3103448275862,45.225464190981434,86.73740053050398,,,40.36596818231335,3,58.85286783042394,True,Guard,20.588235294117645,53.25443786982249,53.086419753086425,39.411764705882355,13.23529411764706,89.41176470588236,90.29411764705884,60.29411764705882,52.64705882352941,45.588235294117645,29.411764705882355,11.470588235294118,16.76470588235294,33.82352941176471,94.11764705882352,72.6470588235294,17.159763313609467,92.603550295858,82.84023668639054,43.786982248520715,88.16568047337277,,,-18.486899648110587,0.6858793746232057,True,11632624.097278636,3562380.9842134877,28635160.621386953,5136233.750651977,19860729.988112178,1587980.097278636,2.155384668798767,Low,Fairly paid,41240250.0,0.2435640909063354,False,Rookie Scale,60.0,178,23.89380530973451,45.6359102244389,65.86620926243569
banchpa01,Paolo Banchero,ORL,PF,23.0,72.0,2502.0,1.4,0.0,1.4,2.1,paolo banchero,banchpa01,ORL,41500000.0,5.0,185920000.0,41500000.0,banchpa01,34.8,22.2,8.4,5.2,0.7,0.6,0.459,0.305,0.775,8.2,16.0,,0.7,0.409,0.351,0.406,0.289,0.261,0.151,0.06,0.239,39.0,26.3,9.0,6.3,1.4,0.7,0.42,0.333,0.676,7.0,273.0,6.5,2022.0,1.0,4,Rookie Scale,,,,,4.0,False,False,True,False,,,,False,332.928,4.790330935251799,64.19139465875371,False,73.61477572559367,81.6976127320955,63.315217391304344,79.28759894459102,52.110817941952504,94.9868073878628,76.38522427440633,25.593667546174142,93.4036939313984,93.53562005277044,88.52242744063325,41.42480211081794,73.87862796833772,48.812664907651715,17.344173441734416,46.96569920844328,80.23872679045093,37.798408488063664,37.6657824933687,38.196286472148536,33.687002652519894,,70.91988130563797,72.78350522767336,3,91.2718204488778,True,Big,69.71830985915493,83.09859154929578,56.42857142857143,76.76056338028168,41.901408450704224,97.1830985915493,75.70422535211267,23.591549295774648,95.77464788732394,83.45070422535211,95.77464788732394,52.112676056338024,48.59154929577465,27.464788732394368,23.863636363636363,68.66197183098592,98.59154929577466,27.464788732394368,34.154929577464785,40.140845070422536,37.32394366197183,,52.59259259259259,-18.488315221204445,0.797436764926148,True,20247935.35212072,4526315.734084114,41130693.28024802,6526032.937670959,28527362.017056584,-21252064.64787928,1.8078079028600835,Medium,Overpaid,41240250.0,1.0062984584235062,True,Max,29.0,30,23.59882005899705,1.99501246882793,86.9639794168096
reidna01,Naz Reid,MIN,C,26.0,77.0,2007.0,-0.1,1.0,0.9,1.5,naz reid,reidna01,CHO,23275862.0,4.0,75000000.0,23275862.0,reidna01,26.1,13.6,6.2,2.2,1.0,1.0,0.456,0.362,0.732,1.6,11.3,,0.711,0.529,0.358,0.333,0.147,0.258,0.077,0.003,0.514,26.9,12.6,7.3,2.1,0.4,0.3,0.484,0.4,0.647,12.0,323.0,2.1,,,7,Veteran,,,,,7.0,True,False,True,False,,,,False,127.9047,2.294254708520179,43.79080118694362,False,68.60158311345647,59.41644562334217,61.41304347826087,55.54089709762533,81.13456464379946,80.21108179419525,88.39050131926122,55.8047493403694,68.46965699208444,83.37730870712402,50.52770448548812,73.21899736147758,89.9736147757256,46.96569920844328,57.3170731707317,30.606860158311346,41.37931034482759,39.52254641909814,84.48275862068965,63.395225464190986,36.206896551724135,,38.87240356083086,62.461454191465265,3,81.29675810473816,True,Big,64.43661971830986,57.04225352112676,53.57142857142857,49.647887323943664,76.05633802816901,84.50704225352112,89.7887323943662,51.056338028169016,72.1830985915493,63.38028169014085,67.6056338028169,84.15492957746478,75.70422535211267,25.704225352112676,65.15151515151516,49.647887323943664,65.49295774647888,28.87323943661972,79.5774647887324,59.859154929577464,40.49295774647887,,20.74074074074074,-18.835303913272895,0.7683142064655696,False,17160742.383664258,5939371.157175432,29575504.75760223,8563373.409615407,20512932.405699715,-6115119.616335742,1.377337475966461,High,Leaning overpaid,49488300.0,0.4703306033951459,False,Mid-Level,57.0,147,23.303834808259587,15.211970074812967,82.84734133790738
vandeja01,Jarred Vanderbilt,LAL,PF,26.0,65.0,1128.0,-2.4,0.9,-1.5,0.1,jarred vanderbilt,vandeja01,LAL,12428571.0,2.0,12428571.0,12428571.0,vandeja01,17.4,4.4,4.5,1.3,0.8,0.3,0.471,0.293,0.589,0.9,3.7,,0.706,0.297,,0.5,0.425,0.154,0.0,0.008,0.413,10.7,2.9,3.4,0.3,0.3,0.0,0.409,0.111,0.333,7.0,75.0,-6.0,2018.0,41.0,8,Veteran,,,,,8.0,False,False,True,True,,,,False,102.2125,3.262101063829787,54.63649851632048,False,34.96042216358839,24.93368700265252,72.01086956521739,16.490765171503956,78.7598944591029,32.71767810026385,54.74934036939314,55.8047493403694,6.860158311345646,62.13720316622692,22.03166226912929,52.242744063324544,40.89709762532981,58.04749340369393,13.550135501355012,5.804749340369393,23.87267904509284,22.015915119363395,73.87267904509284,79.57559681697613,37.53315649867374,,57.566765578635014,45.09431425384832,3,64.08977556109726,True,Big,25.704225352112676,21.12676056338028,64.28571428571429,12.323943661971832,72.88732394366197,36.61971830985916,54.5774647887324,51.056338028169016,7.394366197183098,35.2112676056338,33.80281690140845,62.676056338028175,15.845070422535212,33.098591549295776,21.21212121212121,10.56338028169014,44.014084507042256,11.619718309859154,67.6056338028169,77.8169014084507,42.25352112676056,,38.51851851851852,-18.995461307248934,0.7036116737662714,False,7079741.507921949,2908574.0519785597,19877496.720480543,4193576.228439574,13786603.135384448,-5348829.492078051,2.3968279985243015,Medium,Fairly paid,49488300.0,0.2511416031668091,False,Mid-Level,95.0,147,23.00884955752212,16.708229426433917,30.7032590051458
clownno01,Noah Clowney,BRK,PF,21.0,66.0,1780.0,-2.3,-1.1,-3.4,-0.6,noah clowney,clownno01,BRK,5414034.0,1.0,5414034.0,5414034.0,clownno01,27.0,12.3,4.1,1.6,0.8,0.7,0.396,0.329,0.804,3.4,9.6,,0.679,0.433,0.462,0.125,0.124,0.201,0.041,0.013,0.621,,,,,,,,,,,,,2023.0,21.0,3,Rookie Scale,,,,,3.0,False,False,False,False,,,,False,78.5664,1.5889833707865169,24.13204747774481,True,12.796833773087071,23.076923076923077,20.380434782608695,18.46965699208443,18.601583113456467,69.39313984168865,57.78364116094987,9.630606860158313,62.796833773087066,56.72823218997362,34.56464379947229,52.242744063324544,79.15567282321899,8.047493403693931,30.89430894308943,61.87335092348285,36.47214854111406,30.106100795755967,12.9973474801061,10.610079575596815,52.785145888594165,,15.133531157270031,19.495717640596183,3,38.90274314214464,True,Big,7.042253521126761,19.718309859154928,14.285714285714285,13.380281690140844,11.267605633802818,69.71830985915493,57.74647887323944,7.394366197183098,66.90140845070422,29.929577464788732,48.23943661971831,62.676056338028175,57.04225352112676,3.169014084507042,35.984848484848484,81.69014084507043,58.098591549295776,19.366197183098592,11.971830985915492,13.732394366197184,53.87323943661971,,7.4074074074074066,-19.407025501548453,0.5011399214025045,True,12792004.84262514,4172975.894256162,20055864.465065196,6016588.266026728,13910315.157140616,7377970.842625141,1.2416262162350455,Medium,Leaning underpaid,41240250.0,0.1312803389892156,False,Rookie Scale,102.0,178,22.71386430678466,86.0349127182045,71.69811320754717
hendrta01,Taylor Hendricks,MEM,PF,22.0,59.0,1118.0,-1.5,-0.9,-2.4,-0.1,taylor hendricks,hendrta01,MEM,7805900.0,1.0,7805900.0,7805900.0,hendrta01,18.9,7.4,3.7,0.9,0.8,0.5,0.459,0.342,0.681,1.2,6.0,,0.687,0.474,0.6,0.5,0.234,0.214,0.028,0.006,0.518,,,,,,,,,,,,,2023.0,9.0,3,Rookie Scale,,,,,3.0,False,False,False,False,,,,False,82.836,2.667348837209302,41.253709198813056,True,22.823218997361476,21.485411140583555,47.55434782608695,32.45382585751979,24.670184696569923,32.0580474934037,40.36939313984168,16.62269129287599,29.551451187335093,48.15303430079156,10.15831134564644,52.242744063324544,66.75461741424802,48.812664907651715,41.46341463414634,16.62269129287599,6.896551724137931,46.41909814323608,19.76127320954907,45.225464190981434,28.647214854111407,,35.90504451038576,31.59571436184181,3,51.12219451371571,True,Big,14.788732394366196,17.6056338028169,41.42857142857143,25.0,18.30985915492958,35.563380281690144,38.732394366197184,15.140845070422534,32.74647887323944,22.183098591549296,17.6056338028169,62.676056338028175,38.38028169014084,27.464788732394368,48.48484848484848,28.169014084507044,14.788732394366196,35.2112676056338,16.901408450704224,47.183098591549296,31.690140845070424,,19.25925925925926,-19.5264801518739,0.6180429980048081,True,7291495.241194216,1850410.1626241151,18167094.77836781,2667917.6573018185,12600305.227277946,-514404.7588057844,2.2377693567651997,Low,Fairly paid,41240250.0,0.1892786779905553,False,Rookie Scale,81.0,178,22.418879056047196,32.917705735660846,31.903945111492284
knechda01,Dalton Knecht,LAL,SF,24.0,54.0,553.0,-2.1,-1.6,-3.6,-0.2,dalton knecht,knechda01,LAL,4201080.0,2.0,4201080.0,4201080.0,knechda01,10.2,4.2,1.4,0.4,0.2,0.2,0.455,0.342,0.727,0.4,3.5,,0.733,0.522,0.591,0.4,0.157,0.12,0.115,0.026,0.581,3.6,2.0,1.2,0.6,0.0,0.0,0.375,0.4,1.0,5.0,18.0,5.5,2024.0,17.0,2,Rookie Scale,,,,,2.0,False,False,True,True,,,,False,29.673,1.9316962025316455,,True,11.08179419525066,3.4482758620689653,26.902173913043477,22.427440633245386,10.026385224274406,3.430079155672823,29.287598944591032,36.01583113456465,4.617414248021108,2.7704485488126647,1.3192612137203166,1.3192612137203166,24.406332453825858,45.51451187335092,41.46341463414634,28.759894459102902,32.62599469496021,39.92042440318303,14.190981432360742,8.488063660477453,6.36604774535809,,,14.151867214479832,3,33.915211970074814,True,Wing,8.955223880597014,1.5151515151515151,28.78787878787879,18.65671641791045,12.686567164179104,2.9850746268656714,21.641791044776117,38.059701492537314,8.955223880597014,2.2388059701492535,2.2388059701492535,4.477611940298507,24.62686567164179,45.52238805970149,31.343283582089555,23.88059701492537,36.36363636363637,36.36363636363637,16.666666666666664,11.363636363636363,3.0303030303030303,,,-19.763344755594986,0.4172719671328244,True,4441612.8936865665,2271895.7099049394,19411844.673019197,3275614.673131738,13463636.915452177,240532.8936865665,3.858947047699151,Low,Fairly paid,41240250.0,0.1018684416316584,False,Rookie Scale,118.0,178,22.123893805309734,36.408977556109726,7.032590051457976
sheppbe01,Ben Sheppard,IND,SG,24.0,65.0,1390.0,-2.4,-0.6,-3.0,-0.4,ben sheppard,sheppbe01,IND,5031669.0,1.0,5031669.0,5031669.0,sheppbe01,21.4,7.1,3.0,1.8,0.6,0.1,0.434,0.362,0.765,0.8,6.0,,0.667,0.426,0.474,0.273,0.202,0.121,0.049,0.028,0.599,,,,,,,,,,,,,2023.0,26.0,3,Rookie Scale,,,,,3.0,False,False,False,False,,,,False,78.78,2.040345323741007,26.26112759643917,True,15.963060686015831,11.93633952254642,21.467391304347828,16.490765171503956,33.24538258575198,49.340369393139845,54.74934036939314,36.01583113456465,26.912928759894463,31.6622691292876,39.97361477572559,28.49604221635884,9.366754617414248,29.155672823218996,57.3170731707317,41.82058047493404,37.53315649867374,34.217506631299734,35.94164456233422,66.3129973474801,32.758620689655174,,16.913946587537094,16.517164231589298,3,36.907730673316706,True,Guard,22.941176470588236,13.017751479289942,29.01234567901235,21.764705882352946,39.411764705882355,50.588235294117645,57.35294117647059,38.82352941176471,27.058823529411764,53.8235294117647,27.647058823529413,24.11764705882353,16.76470588235294,42.05882352941177,54.41176470588235,27.941176470588236,18.93491124260355,43.19526627218935,38.46153846153847,65.68047337278107,30.473372781065088,,25.899280575539567,-20.390566441727408,0.4475258687072506,True,3875437.283566319,2155043.492159954,18304353.355925944,3107137.380197603,12695504.817162504,-1156231.716433681,4.167093590250235,Low,Fairly paid,41240250.0,0.1220086929637914,False,Rookie Scale,110.0,178,21.828908554572273,30.423940149625935,2.0583190394511153
collijo01,John Collins,LAC,PF,28.0,69.0,1872.0,0.0,-0.5,-0.5,0.7,john collins,collijo01,DET,17000000.0,3.0,17000000.0,17000000.0,collijo01,27.1,13.6,5.3,1.0,0.9,0.7,0.552,0.406,0.766,2.2,9.6,,0.805,0.497,0.549,0.348,0.281,0.275,0.077,0.035,0.332,,,,,,,,,,,,,2017.0,19.0,9,Veteran,,,,,9.0,False,False,False,False,,,,False,186.1344,3.579507692307692,79.52522255192878,False,51.58311345646438,42.70557029177719,64.40217391304348,56.99208443271768,36.93931398416886,73.61477572559367,67.01846965699208,72.16358839050132,68.46965699208444,73.87862796833772,13.060686015831136,63.58839050131926,79.15567282321899,88.65435356200527,87.66937669376695,42.61213720316623,22.546419098143236,92.04244031830238,35.94164456233422,16.976127320954905,19.893899204244033,,88.72403560830861,53.06118244092385,3,73.56608478802993,True,Big,43.309859154929576,38.732394366197184,57.14285714285714,52.816901408450704,28.52112676056338,75.35211267605634,68.66197183098592,69.01408450704226,72.1830985915493,49.647887323943664,23.239436619718308,74.29577464788733,57.04225352112676,72.53521126760563,88.63636363636364,61.97183098591549,42.25352112676056,81.33802816901408,31.690140845070424,19.014084507042252,23.591549295774648,,77.03703703703704,-20.504902347106075,0.7212723443664564,False,15334304.946805457,4953371.694084922,29156717.75070309,7141761.363376529,20222470.76741781,-1665695.0531945452,1.578379074929012,High,Fairly paid,49488300.0,0.3435155380160563,False,Mid-Level,78.0,147,21.533923303834808,28.17955112219451,79.58833619210978
middlkh01,Khris Middleton,DAL,SF,34.0,63.0,1439.0,-2.8,-1.5,-4.4,-0.9,khris middleton,middlkh01,WAS,5591122.0,3.0,6499000.0,5591122.0,middlkh01,22.8,10.2,3.7,2.8,0.7,0.1,0.42,0.36,0.875,2.2,8.6,,0.682,0.333,0.472,0.43,0.081,0.161,0.228,0.185,0.344,,,,,,,,,,,,,2012.0,39.0,14,Veteran,,,,,14.0,False,False,False,False,,,,False,43.8858,1.097907435719249,21.988130563798222,True,6.860158311345646,27.055702917771885,20.652173913043477,12.796833773087071,11.213720316622693,52.5065963060686,48.284960422163586,95.11873350923484,50.79155672823219,48.15303430079156,64.90765171503958,41.42480211081794,9.366754617414248,20.448548812664907,55.28455284552846,89.31398416886543,52.12201591511937,18.169761273209552,31.29973474801061,49.07161803713528,22.944297082228115,,12.759643916913946,19.605493389392173,3,40.399002493765586,True,Wing,3.731343283582089,28.78787878787879,16.666666666666664,9.701492537313433,16.417910447761194,41.7910447761194,43.28358208955223,91.7910447761194,45.52238805970149,41.04477611940299,64.92537313432835,29.1044776119403,8.955223880597014,14.925373134328357,48.507462686567166,89.55223880597015,59.09090909090909,13.636363636363637,35.60606060606061,52.27272727272727,22.727272727272727,,9.523809523809524,-20.793509104373413,0.4852964721695223,False,6923572.019370616,3381558.732367052,22051105.047192227,4875524.590986505,15294171.004394094,1332450.0193706164,2.696519406831031,Medium,Fairly paid,57736350.0,0.0968388545517685,False,Mid-Level,126.0,147,21.238938053097343,44.13965087281795,28.987993138936535
jacksja02,Jaren Jackson Jr.,UTA,C,26.0,48.0,1454.0,-1.1,0.5,-0.6,0.5,jaren jackson,jacksja02,UTA,49000000.0,4.0,151500000.0,49000000.0,jacksja02,30.3,19.4,5.7,2.0,1.1,1.4,0.476,0.357,0.803,4.2,15.0,,0.585,0.556,0.438,0.0,0.147,0.376,0.146,0.004,0.327,,,,,,,,,,,,,2018.0,4.0,8,Veteran,,,,,8.0,False,False,False,False,,,,False,105.84,2.6205226960110037,21.409495548961427,False,49.736147757255935,77.9840848806366,86.68478260869566,40.23746701846966,67.67810026385224,53.825857519788926,18.46965699208443,55.8047493403694,87.0712401055409,79.68337730870712,45.64643799472295,79.94722955145119,95.51451187335093,62.00527704485488,52.98102981029811,61.34564643799473,47.214854111405835,50.397877984084886,59.6816976127321,45.225464190981434,89.12466843501326,,11.869436201780417,74.18486224781358,3,95.01246882793018,True,Big,41.19718309859155,78.87323943661971,82.85714285714286,31.338028169014088,60.56338028169014,58.45070422535211,21.47887323943662,51.056338028169016,89.43661971830986,56.33802816901409,61.61971830985915,90.49295774647888,88.02816901408451,36.267605633802816,59.84848484848485,80.63380281690141,72.1830985915493,38.38028169014084,51.76056338028169,47.183098591549296,88.02816901408451,,5.9259259259259265,-20.82760658011659,0.7807908073851245,False,27568086.6491834,7430235.229465429,58893956.613176055,10712898.235753832,40847578.461015426,-21431913.3508166,1.8667861153590448,High,Leaning overpaid,49488300.0,0.9901330213403976,True,Max,28.0,30,20.943952802359885,1.7456359102244388,92.45283018867924
jonessp01,Spencer Jones,DEN,SF,24.0,64.0,1417.0,-2.4,0.0,-2.4,-0.1,spencer jones,jonessp01,DEN,6000000.0,2.0,11750000.0,6000000.0,jonessp01,22.1,5.5,3.3,0.8,0.8,0.5,0.504,0.396,0.608,0.8,4.1,,0.714,0.5,0.5,0.333,0.294,0.13,0.015,0.011,0.55,24.2,6.5,2.0,0.3,0.7,1.2,0.684,0.692,0.8,6.0,145.0,0.8,,,2,Rookie Scale,,,,,2.0,True,False,True,True,,,,False,77.14559999999999,1.9599446718419191,40.07418397626113,True,22.823218997361476,17.50663129973475,27.717391304347828,16.490765171503956,52.110817941952504,51.45118733509235,51.05540897097626,36.01583113456465,13.720316622691293,38.52242744063325,6.992084432717678,52.242744063324544,66.75461741424802,76.12137203166228,84.41734417344173,7.9155672823219,0.2652519893899204,77.05570291777188,31.29973474801061,41.51193633952255,13.660477453580905,,33.531157270029674,22.664813225871335,3,43.765586034912715,True,Wing,20.8955223880597,19.696969696969695,30.303030303030305,13.432835820895525,56.71641791044776,38.80597014925373,46.26865671641791,38.059701492537314,12.686567164179104,27.611940298507463,7.462686567164178,43.28358208955223,73.13432835820896,80.59701492537313,85.07462686567165,7.462686567164178,1.5151515151515151,81.81818181818183,35.60606060606061,43.18181818181818,10.606060606060606,,26.984126984126984,-21.10077280904138,0.5178683819700516,True,4631465.253862127,3346048.8428613455,18003737.319876146,4631465.253862127,12487004.016310615,-1368534.7461378733,3.1648058818517355,Low,Fairly paid,41240250.0,0.1454889337479768,False,Rookie Scale,98.0,178,20.64896755162242,29.42643391521197,8.919382504288166
braunch01,Christian Braun,DEN,SG,24.0,44.0,1399.0,-0.4,-0.9,-1.2,0.3,christian braun,braunch01,DEN,21551726.0,5.0,125000000.0,21551726.0,braunch01,31.8,12.0,4.8,2.7,0.7,0.3,0.519,0.301,0.782,2.3,8.8,,0.745,0.538,0.5,0.333,0.373,0.206,0.015,0.039,0.368,31.2,8.3,3.5,1.7,1.0,0.8,0.417,0.429,0.737,6.0,187.0,-1.0,2022.0,21.0,4,Rookie Scale,,,,,4.0,False,False,True,False,,,,False,144.4256,3.7164557541100782,70.97181008902078,False,39.97361477572559,59.94694960212201,69.83695652173914,52.770448548812666,24.670184696569923,50.3957783641161,13.852242744063323,36.01583113456465,60.15831134564644,65.17150395778364,62.796833773087066,41.42480211081794,40.89709762532981,82.98153034300792,16.395663956639567,50.65963060686016,46.15384615384615,71.08753315649867,75.9946949602122,59.15119363395226,90.3183023872679,,80.41543026706232,58.66236849037933,3,79.80049875311721,True,Guard,46.47058823529411,62.721893491124256,75.92592592592592,58.52941176470589,27.941176470588236,51.76470588235295,16.176470588235293,38.82352941176471,59.705882352941174,91.47058823529412,49.411764705882355,37.94117647058823,61.47058823529412,96.47058823529412,15.0,35.88235294117647,24.85207100591716,80.4733727810651,78.69822485207101,59.46745562130178,91.1242603550296,,95.68345323741008,-21.13813026273788,0.7351128051450659,True,7616677.414147258,2766591.2579403105,28131627.66918707,3988865.721061843,19511490.389424965,-13935048.585852742,3.3301970179455944,Low,Leaning overpaid,41240250.0,0.5225896060280915,False,Rookie Scale,33.0,178,20.35398230088496,5.7356608478802995,34.99142367066895
anthoco01,Cole Anthony,MIL,PG,25.0,35.0,527.0,-3.9,-0.9,-4.7,-0.4,cole anthony,anthoco01,MEM,3700000.0,2.0,7400000.0,3700000.0,anthoco01,15.1,6.7,2.5,3.5,0.6,0.3,0.424,0.306,0.615,0.7,6.6,,0.606,0.419,0.478,0.444,0.143,0.268,0.199,0.078,0.312,,,,,,,,,,,,,2020.0,15.0,6,Veteran,,,,,6.0,False,False,False,False,,,,False,33.032999999999994,2.2565237191650853,,True,5.672823218997362,10.610079575596815,,4.353562005277045,24.670184696569923,1.3192612137203166,5.013192612137203,46.04221635883905,24.80211081794195,20.58047493403694,74.93403693931398,28.49604221635884,40.89709762532981,23.614775725593667,17.88617886178862,8.575197889182059,98.6737400530504,3.7135278514588856,29.84084880636605,45.225464190981434,50.795755968169765,,,8.635177032957035,2,29.92518703241895,True,Guard,11.470588235294118,10.650887573964498,,7.352941176470589,27.941176470588236,0.5882352941176471,6.470588235294119,49.11764705882353,24.41176470588235,37.05882352941177,63.23529411764706,24.11764705882353,61.47058823529412,33.82352941176471,15.88235294117647,4.411764705882353,97.0414201183432,7.100591715976331,33.43195266272189,43.786982248520715,49.70414201183432,,,-21.29000999946192,0.2885588325179809,False,4624088.439507906,2318974.3157375916,18658368.803234328,3343492.5124989655,12941042.298288506,924088.4395079064,3.5335384911529863,Low,Fairly paid,41240250.0,0.0897181758112523,False,Mid-Level,134.0,147,20.058997050147493,40.64837905236908,8.576329331046312
rileywi01,Will Riley,WAS,SF,19.0,74.0,1633.0,-1.9,-2.6,-4.5,-1.0,will riley,rileywi01,WAS,3688320.0,3.0,3688320.0,3688320.0,rileywi01,22.1,10.3,2.9,2.0,0.7,0.1,0.439,0.316,0.8,2.4,8.4,,0.756,0.442,0.393,0.242,0.199,0.249,0.099,0.053,0.4,,,,,,,,,,,,,2025.0,21.0,1,Rookie Scale,,,,,1.0,False,False,False,False,,,,False,123.6984,2.7269702388242503,64.54005934718101,False,6.200527704485488,8.222811671087534,9.782608695652174,25.32981530343008,1.978891820580475,62.796833773087066,80.87071240105541,1.58311345646438,51.58311345646438,29.287598944591032,45.64643799472295,41.42480211081794,9.366754617414248,33.37730870712401,21.40921409214092,59.76253298153035,59.814323607427056,30.106100795755967,7.294429708222812,8.488063660477453,25.3315649867374,,71.81008902077151,8.302164563648763,3,29.67581047381546,True,Wing,1.4925373134328357,6.0606060606060606,10.606060606060606,24.62686567164179,2.9850746268656714,55.223880597014926,80.59701492537313,3.731343283582089,47.76119402985074,17.91044776119403,50.0,29.1044776119403,8.955223880597014,31.343283582089555,16.417910447761194,53.73134328358209,66.66666666666666,25.75757575757576,5.303030303030303,11.363636363636363,25.0,,76.19047619047619,-21.373645910166697,0.2797620159683323,True,11970226.147717476,4894300.138986052,23110547.099564187,7056592.113836168,16028977.168690436,8281906.147717476,1.5217963917959625,Medium,Underpaid,41240250.0,0.0894349573535562,False,Rookie Scale,129.0,178,19.76401179941003,89.52618453865337,67.40994854202401
johnske04,Keldon Johnson,SAS,SF,26.0,82.0,1911.0,1.2,-0.3,0.9,1.4,keldon johnson,johnske04,SAS,17500000.0,1.0,17500000.0,17500000.0,johnske04,23.3,13.2,5.4,1.4,0.6,0.1,0.519,0.363,0.794,2.4,9.7,,0.672,0.536,0.143,0.5,0.344,0.3,0.009,0.005,0.343,17.9,7.7,3.3,0.9,0.7,0.1,0.407,0.362,0.581,23.0,411.0,-2.9,2019.0,29.0,7,Veteran,,,,,7.0,False,False,True,False,,,,False,273.6176,5.154491679748822,57.09940652818992,False,68.60158311345647,44.56233421750663,50.815217391304344,76.91292875989446,42.0844327176781,75.46174142480211,97.75725593667546,55.8047493403694,65.8311345646438,75.19788918205805,26.2532981530343,28.49604221635884,9.366754617414248,82.98153034300792,58.80758807588076,57.12401055408971,44.297082228116714,75.59681697612733,11.80371352785146,76.92307692307693,40.84880636604775,,62.61127596439169,52.91697763166823,3,74.56359102244389,True,Wing,73.13432835820896,48.48484848484848,53.03030303030303,79.1044776119403,43.28358208955223,70.1492537313433,98.50746268656717,55.970149253731336,55.223880597014926,74.6268656716418,26.119402985074625,18.65671641791045,8.955223880597014,91.7910447761194,52.98507462686567,50.0,46.96969696969697,78.03030303030303,15.151515151515152,84.0909090909091,43.93939393939394,,65.07936507936508,-21.646613390775656,0.7096892317825739,False,14870413.22725364,4730757.057619638,29726090.63038194,6820796.027476456,20617375.520192616,-2629586.77274636,1.680876865408978,High,Fairly paid,49488300.0,0.3536189361929991,False,Mid-Level,80.0,147,19.469026548672566,24.438902743142144,78.55917667238423
greenjo02,Josh Green,CHO,SG,25.0,58.0,908.0,-1.7,1.0,-0.7,0.3,josh green,greenjo02,MIN,14679012.0,1.0,14679012.0,14679012.0,greenjo02,15.7,4.3,1.8,0.8,0.6,0.1,0.459,0.42,0.893,0.5,3.1,,0.64,0.533,0.333,,0.138,0.083,0.017,0.0,0.762,,,,,,,,,,,,,2020.0,18.0,6,Veteran,,,,,6.0,False,False,False,False,,,,False,24.812400000000004,0.9837515418502204,,True,47.62532981530343,34.48275862068966,61.141304347826086,29.023746701846964,81.13456464379946,21.372031662269126,39.050131926121374,46.04221635883905,5.408970976253298,7.387862796833773,6.992084432717678,28.49604221635884,9.366754617414248,48.812664907651715,93.36043360433604,94.5910290237467,1.989389920424403,90.71618037135278,33.02387267904509,59.15119363395226,98.14323607427056,,,47.76535606701926,3,69.57605985037407,True,Guard,54.11764705882353,36.68639053254438,65.4320987654321,35.294117647058826,83.82352941176471,22.941176470588236,42.64705882352941,49.11764705882353,3.823529411764706,13.529411764705882,2.941176470588235,24.11764705882353,16.76470588235294,67.94117647058823,94.70588235294116,90.0,0.591715976331361,97.0414201183432,35.798816568047336,59.46745562130178,100.0,,,-21.810703783354803,0.6865199922177321,False,7268790.961069461,2993996.4275514847,26369030.779469837,4316738.038033444,18288991.19106479,-7410221.038930539,3.215807756353358,Low,Fairly paid,41240250.0,0.3559389673922927,False,Mid-Level,89.0,147,19.174041297935105,12.967581047381548,31.56089193825043
moranja01,Ja Morant,MEM,PG,26.0,20.0,569.0,0.5,-2.0,-1.5,0.1,ja morant,moranja01,POR,42166510.0,2.0,87053440.0,42166510.0,moranja01,28.5,19.5,3.3,8.1,1.0,0.3,0.41,0.235,0.897,5.9,16.1,,0.658,0.41,0.404,0.292,0.227,0.258,0.177,0.075,0.264,,,,,,,,,,,,,2019.0,2.0,7,Veteran,,,,,7.0,False,False,False,False,,,,False,73.09400000000001,4.624576449912127,50.49703264094955,True,34.96042216358839,84.88063660477454,77.71739130434783,64.24802110817942,5.540897097625329,3.95778364116095,0.9234828496042216,55.8047493403694,87.46701846965699,38.52242744063325,98.94459102902374,73.21899736147758,40.89709762532981,13.984168865435356,5.826558265582656,96.04221635883906,99.20424403183024,10.742705570291776,79.3103448275862,76.92307692307693,72.67904509283821,,51.038575667655785,69.71436600681798,3,92.51870324189528,True,Guard,42.35294117647059,83.4319526627219,81.48148148148148,68.23529411764706,9.117647058823527,4.117647058823529,0.5882352941176471,60.29411764705882,88.8235294117647,62.35294117647059,98.23529411764706,65.88235294117646,61.47058823529412,21.764705882352946,3.5294117647058822,92.3529411764706,98.22485207100593,16.86390532544379,82.84023668639054,76.33136094674556,69.8224852071006,,70.50359712230215,-22.804337235077284,0.7535164627691108,False,27762412.698419787,4917729.351058568,56003910.139872745,7090372.304762212,38843104.541057624,-14404097.301580211,1.8401203578290573,High,Leaning overpaid,49488300.0,0.8520500805240835,False,Near-Max,14.0,17,18.87905604719764,4.239401496259352,92.62435677530016
hieldbu01,Buddy Hield,ATL,SG,33.0,51.0,819.0,-0.9,-0.1,-1.0,0.2,buddy hield,hieldbu01,ATL,9658536.0,2.0,9658536.0,9658536.0,hieldbu01,16.1,7.6,2.3,1.4,0.8,0.2,0.437,0.349,0.811,0.7,6.4,,0.75,0.611,0.5,0.133,0.159,0.11,0.037,0.046,0.648,6.5,5.0,1.0,0.0,0.0,0.0,0.8,1.0,,2.0,13.0,4.4,2016.0,6.0,10,Veteran,,,,,10.0,False,False,True,True,,,,False,51.8976,2.281213186813187,56.30563798219585,True,43.403693931398415,29.708222811671085,34.78260869565217,44.9868073878628,48.54881266490765,14.775725593667548,23.614775725593667,93.2717678100264,31.926121372031663,15.699208443271766,26.2532981530343,52.242744063324544,24.406332453825858,31.53034300791557,46.20596205962059,63.852242744063325,46.15384615384615,40.9814323607427,20.95490716180371,32.228116710875334,21.485411140583555,,61.12759643916914,35.034985298095826,3,57.85536159600998,True,Guard,50.0,34.319526627218934,39.50617283950617,52.94117647058824,56.47058823529411,15.294117647058824,26.176470588235297,95.88235294117648,34.705882352941174,29.117647058823533,16.76470588235294,47.647058823529406,40.294117647058826,45.88235294117647,43.23529411764706,50.588235294117645,24.85207100591716,52.66272189349112,21.89349112426036,32.544378698224854,18.34319526627219,,79.85611510791367,-22.82037629791415,0.6055615993334666,False,6395188.697799404,2001346.2368468067,27427798.401339196,2885536.9860734884,19023329.584906235,-3263347.302200596,3.9758720760251647,Low,Fairly paid,57736350.0,0.1672869171674343,False,Mid-Level,112.0,147,18.58407079646018,22.443890274314217,24.1852487135506
smithja05,Jabari Smith Jr.,HOU,PF,22.0,77.0,2705.0,-0.5,-0.2,-0.7,0.9,jabari smith,smithja05,HOU,23643411.0,5.0,122000000.0,23643411.0,smithja05,35.1,15.8,6.9,1.9,0.7,0.9,0.45,0.363,0.775,2.7,12.6,,0.744,0.524,0.424,0.39,0.137,0.147,0.155,0.061,0.501,42.0,17.5,8.5,1.8,1.0,0.7,0.388,0.373,0.769,6.0,252.0,0.2,2022.0,3.0,4,Rookie Scale,,,,,4.0,False,False,True,False,,,,False,132.9174,1.7689561552680222,47.299703264094966,False,47.62532981530343,67.63925729442971,56.52173913043478,51.187335092348285,44.72295514511873,98.94459102902374,88.39050131926122,16.62269129287599,77.44063324538259,87.20316622691293,42.87598944591029,41.42480211081794,87.33509234828496,41.029023746701846,58.80758807588076,46.96569920844328,36.47214854111406,42.57294429708223,56.76392572944297,73.87267904509284,34.350132625994696,,46.58753709198813,58.46670611315004,3,81.54613466334165,True,Big,39.08450704225352,67.6056338028169,50.0,44.71830985915493,34.859154929577464,99.29577464788731,89.7887323943662,15.140845070422534,79.92957746478874,70.77464788732394,58.098591549295776,52.112676056338024,71.12676056338029,22.183098591549296,66.66666666666666,68.66197183098592,58.098591549295776,30.985915492957744,49.647887323943664,71.83098591549296,38.732394366197184,,28.88888888888889,-23.079428550191608,0.7169770382682925,True,19344281.994854342,3910926.867161944,36645436.655203104,5638766.5048924405,25416484.73107843,-4299129.005145658,1.6922059860763337,Medium,Fairly paid,41240250.0,0.5733091094258643,False,Rookie Scale,35.0,178,18.289085545722713,19.950124688279303,85.76329331046311
bryanca01,Carter Bryant,SAS,PF,20.0,71.0,818.0,-3.1,0.2,-3.0,-0.2,carter bryant,bryanca01,SAS,5145360.0,3.0,5145360.0,5145360.0,bryanca01,11.5,4.2,2.5,0.7,0.2,0.3,0.408,0.335,0.714,0.6,3.7,,0.595,0.381,0.308,0.0,0.279,0.079,0.049,0.008,0.585,8.5,2.6,1.7,0.7,0.1,0.3,0.5,0.414,0.333,22.0,187.0,-0.5,2025.0,14.0,1,Rookie Scale,,,,,1.0,False,False,True,False,,,,False,73.2933,3.2256220048899755,30.86795252225519,True,15.963060686015831,15.384615384615383,11.41304347826087,9.366754617414248,58.70712401055409,14.511873350923482,73.61477572559367,4.749340369393139,4.617414248021108,20.58047493403694,4.617414248021108,1.3192612137203166,40.89709762532981,13.324538258575195,37.262872628726285,24.80211081794195,20.689655172413794,14.588859416445624,34.48275862068966,35.94164456233422,8.222811671087534,,20.474777448071215,14.039887245082554,3,37.1571072319202,True,Big,9.15492957746479,13.380281690140844,6.428571428571428,6.338028169014084,48.943661971830984,16.19718309859155,72.88732394366197,2.112676056338028,4.929577464788732,3.873239436619718,8.80281690140845,1.4084507042253522,15.845070422535212,7.746478873239436,43.18181818181818,41.54929577464789,39.08450704225352,7.746478873239436,29.577464788732392,37.67605633802817,8.80281690140845,,11.11111111111111,-23.117219986837647,0.3778519990119532,True,9682627.868731372,2325799.835099102,19783528.18188051,3353333.532610423,13721428.583120186,4537267.868731372,1.8029948670400304,Medium,Fairly paid,41240250.0,0.1247654900249149,False,Rookie Scale,119.0,178,17.99410029498525,70.82294264339151,54.03087478559176
landajo01,Jock Landale,ATL,C,30.0,68.0,1506.0,0.9,-1.0,-0.1,0.7,jock landale,landajo01,ATL,14100000.0,1.0,14100000.0,14100000.0,landajo01,22.1,10.6,5.7,1.7,0.5,0.5,0.515,0.383,0.635,1.9,8.1,,0.645,0.569,0.419,0.273,0.334,0.237,0.057,0.02,0.352,,,,,,,,,,,,,,,5,Veteran,,,,,5.0,True,False,False,False,,,,False,183.9672,4.397622310756972,46.26112759643918,False,56.068601583113455,43.50132625994695,39.67391304347826,71.76781002638522,21.108179419525065,57.25593667546174,63.19261213720316,82.58575197889182,53.03430079155673,79.68337730870712,37.33509234828496,16.75461741424802,66.75461741424802,81.13456464379946,74.25474254742548,9.894459102902374,9.814323607427056,61.40583554376657,49.20424403183024,84.88063660477454,43.50132625994695,,43.62017804154303,45.20786513456282,3,68.3291770573566,True,Big,46.83098591549296,40.140845070422536,33.57142857142857,69.71830985915493,14.084507042253522,60.56338028169014,64.43661971830986,78.52112676056338,55.633802816901415,56.33802816901409,51.40845070422535,25.704225352112676,38.38028169014084,61.267605633802816,75.75757575757575,17.253521126760564,20.774647887323944,47.53521126760563,41.901408450704224,81.33802816901408,46.478873239436616,,25.925925925925924,-23.12131192279378,0.6616187561664122,False,11474372.427427612,3311643.2330553187,26139475.117086027,4774720.564452018,18129776.33321469,-2625627.572572388,1.9894623456237577,High,Fairly paid,41240250.0,0.3418989943077454,False,Mid-Level,94.0,147,17.699115044247787,24.68827930174563,64.49399656946827
brookdi01,Dillon Brooks,PHO,SF,30.0,56.0,1702.0,-1.0,-1.3,-2.3,-0.1,dillon brooks,brookdi01,PHO,19992727.0,4.0,92992726.0,19992727.0,brookdi01,30.4,20.2,3.6,1.8,1.0,0.2,0.435,0.344,0.842,3.6,17.1,,0.663,0.503,0.46,0.392,0.093,0.182,0.234,0.106,0.385,37.3,26.0,6.0,1.8,0.3,0.3,0.459,0.438,1.0,4.0,149.0,0.9,2017.0,45.0,9,Veteran,,,,,9.0,False,False,True,True,,,,False,89.05680000000001,1.883692596944771,23.30860534124629,True,25.065963060686013,72.67904509283821,52.71739130434783,42.34828496042216,14.24802110817942,65.17150395778364,33.773087071240106,82.58575197889182,89.31398416886543,46.17414248021108,39.97361477572559,73.21899736147758,24.406332453825858,30.21108179419525,42.81842818428184,78.62796833773086,60.61007957559682,21.352785145888596,51.45888594164456,84.88063660477454,19.893899204244033,,14.540059347181009,53.290154414116266,3,77.55610972568579,True,Wing,22.388059701492537,74.24242424242425,57.57575757575758,40.298507462686565,20.8955223880597,59.70149253731343,28.35820895522388,81.34328358208955,82.83582089552239,37.3134328358209,41.7910447761194,70.1492537313433,24.62686567164179,26.119402985074625,35.82089552238806,73.13432835820896,68.18181818181817,15.151515151515152,61.36363636363637,93.18181818181816,20.454545454545457,,12.698412698412698,-24.26595531156952,0.6871174250823351,False,13731855.484469865,6457602.554364869,33143875.797553383,9310558.397601653,22987877.619345117,-6260871.515530137,1.943384364434183,High,Fairly paid,49488300.0,0.4039889630478315,False,Mid-Level,77.0,147,17.404129793510325,14.713216957605985,75.1286449399657
chrisma02,Max Christie,DAL,SG,22.0,77.0,2244.0,-1.0,-0.6,-1.5,0.3,max christie,chrisma02,DAL,8285714.0,2.0,8285714.0,8285714.0,chrisma02,29.1,12.3,3.2,2.0,0.6,0.4,0.441,0.404,0.899,1.8,9.4,,0.717,0.373,0.422,0.364,0.137,0.141,0.062,0.046,0.615,,,,,,,,,,,,,2022.0,35.0,4,Rookie Scale,,,,,4.0,False,False,False,False,,,,False,99.16060000000002,1.5908117647058828,36.88427299703264,True,34.96042216358839,27.58620689655172,25.815217391304344,42.34828496042216,33.24538258575198,87.59894459102902,88.39050131926122,16.62269129287599,62.796833773087066,35.75197889182058,45.64643799472295,28.49604221635884,55.67282321899736,35.62005277044855,86.85636856368563,96.43799472295514,43.236074270557026,65.6498673740053,24.801061007957557,14.854111405835544,17.639257294429708,,29.080118694362017,28.765639648843123,3,53.241895261845386,True,Guard,42.35294117647059,31.360946745562128,31.48148148148148,50.588235294117645,39.411764705882355,87.6470588235294,87.6470588235294,17.352941176470587,63.23529411764706,58.82352941176471,31.176470588235293,24.11764705882353,78.52941176470588,50.588235294117645,87.6470588235294,93.23529411764706,23.66863905325444,75.14792899408283,27.2189349112426,13.017751479289942,15.384615384615383,,46.76258992805755,-24.476255613002262,0.5402820374326038,True,12661544.17707214,3796021.1866336586,28325703.38986992,5473095.725409174,19646097.124714293,4375830.177072141,1.9373373310701911,Medium,Fairly paid,41240250.0,0.2009132825334473,False,Rookie Scale,86.0,178,17.10914454277286,68.82793017456359,71.35506003430532
sarafbe01,Ben Saraf,BRK,SG,19.0,44.0,916.0,-5.6,-1.7,-7.3,-1.2,ben saraf,sarafbe01,BRK,3028560.0,3.0,3028560.0,3028560.0,sarafbe01,20.8,7.5,2.1,3.3,0.9,0.2,0.396,0.211,0.83,2.0,6.9,,0.594,0.413,0.188,0.0,0.333,0.304,0.053,0.013,0.297,,,,,,,,,,,,,2025.0,26.0,1,Rookie Scale,,,,,1.0,False,False,False,False,,,,False,101.0988,3.973315283842795,36.86943620178042,False,0.395778364116095,1.0610079575596816,0.8152173913043478,0.79155672823219,8.970976253298153,22.427440633245386,13.852242744063323,1.58311345646438,30.87071240105541,12.137203166226913,72.0316622691293,63.58839050131926,24.406332453825858,8.047493403693931,4.336043360433604,73.21899736147758,95.49071618037136,3.978779840848806,6.36604774535809,29.973474801061005,25.3315649867374,,28.783382789317507,0.8025290968530348,3,25.6857855361596,True,Guard,0.8823529411764706,2.366863905325444,1.2345679012345678,1.7647058823529411,14.705882352941178,24.11764705882353,16.176470588235293,2.3529411764705883,33.23529411764706,23.52941176470588,59.11764705882353,57.35294117647059,40.294117647058826,13.823529411764708,1.1764705882352942,60.29411764705882,90.53254437869822,7.6923076923076925,6.508875739644971,29.88165680473373,23.66863905325444,,46.043165467625904,-24.883256439306564,0.0312440939648608,True,9901556.46996464,2604927.563993323,23861967.641281206,3755779.331710112,16550146.254622323,6872996.46996464,2.146838241216817,Low,Leaning underpaid,41240250.0,0.0734369941986287,False,Rookie Scale,136.0,178,16.8141592920354,84.03990024937656,55.91766723842195
carrica01,Bub Carrington,WAS,PG,20.0,82.0,2271.0,-2.2,-2.5,-4.7,-1.6,bub carrington,carrica01,WAS,4900560.0,2.0,4900560.0,4900560.0,carrica01,27.7,10.7,3.4,4.6,0.6,0.2,0.424,0.408,0.73,1.4,9.0,,0.615,0.259,0.488,0.479,0.053,0.109,0.116,0.163,0.559,,,,,,,,,,,,,2024.0,14.0,2,Rookie Scale,,,,,2.0,False,False,False,False,,,,False,39.114,0.6200369881109643,,True,5.672823218997362,14.058355437665782,,20.58047493403694,2.5065963060686016,89.70976253298153,97.75725593667546,4.749340369393139,53.43007915567283,41.29287598944591,85.35620052770449,28.49604221635884,24.406332453825858,23.614775725593667,88.88888888888889,29.947229551451187,85.94164456233422,32.62599469496021,0.3978779840848806,1.326259946949602,6.10079575596817,,,10.704142550198414,2,36.408977556109726,True,Guard,11.470588235294118,15.384615384615383,,27.058823529411764,4.117647058823529,90.0,97.05882352941175,5.588235294117648,53.52941176470589,66.17647058823529,77.94117647058823,24.11764705882353,40.294117647058826,33.82352941176471,90.0,16.470588235294116,70.41420118343196,42.60355029585799,0.8875739644970414,1.183431952662722,7.6923076923076925,,,-25.704835005911313,0.2939973399061345,True,12275423.904916516,5290885.57066228,20013845.81078408,7628388.192980704,13881171.924519137,7374863.904916517,1.1993850765695353,Low,Underpaid,41240250.0,0.1188295415279975,False,Rookie Scale,126.0,178,16.519174041297934,85.785536159601,68.61063464837049
randlju01,Julius Randle,MIN,PF,31.0,79.0,2610.0,1.5,0.0,1.5,2.3,julius randle,randlju01,BRK,33333334.0,2.0,33333334.0,33333334.0,randlju01,33.0,21.1,6.7,5.0,1.1,0.2,0.481,0.315,0.802,6.3,15.3,,0.709,0.48,0.456,0.337,0.27,0.229,0.14,0.074,0.287,33.3,16.0,7.5,2.8,0.5,0.1,0.39,0.244,0.738,12.0,400.0,-3.8,2014.0,7.0,12,Veteran,,,,,12.0,False,False,True,False,,,,False,326.34900000000005,4.501365517241379,64.85163204747775,False,74.80211081794195,70.026525198939,42.119565217391305,80.73878627968337,52.110817941952504,97.0976253298153,93.4036939313984,87.20316622691293,92.0844327176781,85.35620052770449,87.59894459102902,79.94722955145119,24.406332453825858,65.96306068601582,20.59620596205962,60.554089709762536,70.6896551724138,59.41644562334217,71.75066312997347,34.217506631299734,60.3448275862069,,72.40356083086054,60.755311610609354,3,86.78304239401497,True,Big,71.47887323943662,70.4225352112676,35.0,79.92957746478874,41.901408450704224,97.88732394366195,95.07042253521126,84.85915492957746,94.3661971830986,67.6056338028169,95.07042253521126,90.49295774647888,5.985915492957746,40.845070422535215,26.515151515151516,79.5774647887324,94.71830985915491,45.42253521126761,64.7887323943662,35.91549295774648,63.38028169014085,,54.07407407407408,-26.027730783405616,0.7000827573521364,False,23364289.00136986,5696730.8851300925,43660488.21302031,8213535.152542574,30281973.23608904,-9969044.99863014,1.6248625124293057,High,Leaning overpaid,57736350.0,0.5773370502291884,False,Mid-Level,62.0,147,16.224188790560472,8.478802992518704,89.70840480274443
hollaro01,Ron Holland,DET,SF,20.0,78.0,1551.0,-3.3,1.4,-2.0,0.0,ron holland,hollaro01,DET,9069600.0,2.0,9069600.0,9069600.0,hollaro01,19.9,8.2,4.0,1.2,1.2,0.3,0.432,0.253,0.805,1.9,7.0,,0.663,0.472,0.158,0.125,0.294,0.292,0.035,0.015,0.364,6.4,1.4,1.6,0.1,0.4,0.2,0.308,0.25,0.6,9.0,58.0,-2.7,2024.0,5.0,2,Rookie Scale,,,,,2.0,False,False,True,True,,,,False,160.524,3.7258955512572536,45.20771513353116,False,28.62796833773087,,,7.387862796833773,88.78627968337732,59.36675461741425,91.82058047493403,4.749340369393139,35.48812664907652,54.35356200527705,18.733509234828496,85.75197889182058,40.89709762532981,28.36411609498681,7.181571815718158,62.26912928759894,,,,,,,41.54302670623146,28.62796833773087,1,55.11221945137157,True,Wing,26.119402985074625,,,5.970149253731343,91.04477611940298,47.76119402985074,92.53731343283582,9.701492537313433,22.388059701492537,49.25373134328358,17.16417910447761,84.32835820895522,43.28358208955223,23.88059701492537,2.9850746268656714,58.2089552238806,,,,,,,44.44444444444444,-26.484251113640703,0.5194486562638044,True,12651062.097122531,3980562.258989845,23496725.90718081,5739166.673019125,16296822.463033795,3581462.0971225332,1.5426502137421243,Low,Fairly paid,41240250.0,0.2199210722534417,False,Rookie Scale,87.0,178,15.929203539823009,61.09725685785536,71.18353344768438
poweldr01,Drake Powell,BRK,SG,20.0,63.0,1320.0,-4.6,-1.3,-6.0,-1.3,drake powell,poweldr01,BRK,3540600.0,3.0,3540600.0,3540600.0,poweldr01,21.0,6.5,1.8,1.4,0.6,0.2,0.402,0.28,0.896,1.2,5.7,,0.721,0.453,0.383,0.467,0.17,0.148,0.131,0.042,0.508,,,,,,,,,,,,,2025.0,22.0,1,Rookie Scale,,,,,1.0,False,False,False,False,,,,False,61.04700000000001,1.6649181818181822,39.1839762611276,True,2.1108179419525066,1.5915119363395225,1.0869565217391304,2.242744063324538,14.24802110817942,44.85488126649077,48.284960422163586,4.749340369393139,22.95514511873351,7.387862796833773,26.2532981530343,28.49604221635884,24.406332453825858,10.422163588390502,11.653116531165312,95.51451187335093,54.37665782493368,10.742705570291776,0.9283819628647214,0.6631299734748011,4.376657824933687,,32.640949554896146,1.5321301572676216,3,29.177057356608476,True,Guard,4.117647058823529,3.5502958579881656,1.8518518518518516,4.117647058823529,19.705882352941178,44.11764705882353,51.17647058823529,5.588235294117648,22.35294117647059,13.529411764705882,16.76470588235294,24.11764705882353,40.294117647058826,16.76470588235294,8.235294117647058,91.47058823529412,28.99408284023669,16.86390532544379,1.7751479289940828,0.591715976331361,5.621301775147929,,51.07913669064749,-27.644927199340856,0.0525114694926766,True,9294268.741863163,2687540.6338931127,22848476.653759763,3874890.6900248528,15847210.75812948,5753668.741863163,2.16917937062202,Low,Leaning underpaid,41240250.0,0.0858530198046811,False,Rookie Scale,135.0,178,15.634218289085547,79.05236907730672,49.39965694682676
claytwa01,Walter Clayton,MEM,PG,22.0,69.0,1410.0,-2.2,-2.1,-4.3,-0.8,walter clayton,claytwa01,MEM,4190520.0,3.0,4190520.0,4190520.0,claytwa01,20.4,7.8,2.0,4.0,0.6,0.3,0.384,0.307,0.901,1.8,6.7,,0.533,0.453,0.419,0.474,0.13,0.206,0.093,0.041,0.529,,,,,,,,,,,,,2025.0,18.0,1,Rookie Scale,,,,,1.0,False,False,False,False,,,,False,60.099,1.5344425531914894,4.554896142433234,True,7.651715039577836,6.631299734748011,4.076086956521739,20.58047493403694,4.353562005277045,50.65963060686016,67.01846965699208,16.62269129287599,33.24538258575198,10.554089709762533,82.71767810026385,28.49604221635884,40.89709762532981,4.749340369393139,18.157181571815716,97.0976253298153,88.59416445623343,12.3342175066313,16.976127320954905,27.32095490716181,37.53315649867374,,0.8902077151335311,5.928198769120615,3,33.66583541147132,True,Guard,13.23529411764706,8.875739644970414,6.790123456790123,27.058823529411764,7.647058823529412,52.352941176470594,67.94117647058823,17.352941176470587,35.294117647058826,20.588235294117645,74.41176470588235,24.11764705882353,61.47058823529412,8.235294117647058,16.470588235294116,94.70588235294116,76.33136094674556,19.82248520710059,18.34319526627219,26.627218934911244,34.023668639053255,,2.158273381294964,-27.737636642350704,0.1760894597346197,True,9548341.627743408,3627951.0288986736,23110547.099564187,5230772.509430516,16028977.168690436,5357821.627743408,2.0404167372957622,Medium,Leaning underpaid,41240250.0,0.1016123811082619,False,Rookie Scale,131.0,178,15.339233038348082,76.30922693266832,52.658662092624354
portibo01,Bobby Portis,MIL,PF,30.0,67.0,1619.0,1.5,-1.6,0.0,0.8,bobby portis,portibo01,MIA,14521414.0,2.0,14521414.0,14521414.0,portibo01,24.2,13.7,6.4,1.6,0.6,0.2,0.488,0.456,0.706,1.0,11.2,,0.698,0.504,0.451,0.433,0.115,0.18,0.151,0.16,0.395,,,,,,,,,,,,,2015.0,22.0,11,Veteran,,,,,11.0,False,False,False,False,,,,False,86.296,1.9188733786287837,34.0727002967359,True,57.65171503957783,40.05305039787798,32.33695652173913,80.73878627968337,10.026385224274406,62.00527704485488,60.29023746701847,82.58575197889182,69.26121372031663,84.03693931398418,34.56464379947229,28.49604221635884,24.406332453825858,69.39313984168865,98.1029810298103,21.63588390501319,45.09283819628647,59.41644562334217,39.12466843501326,41.51193633952255,30.106100795755967,,25.816023738872403,41.55918135475088,3,69.32668329177058,True,Big,50.0,35.91549295774648,26.42857142857143,79.92957746478874,2.464788732394366,62.676056338028175,60.56338028169014,78.52112676056338,73.23943661971832,64.7887323943662,48.23943661971831,39.08450704225352,5.985915492957746,44.36619718309859,95.45454545454544,35.91549295774648,69.01408450704226,45.42253521126761,36.267605633802816,43.66197183098591,33.45070422535211,,14.074074074074074,-27.767501937019706,0.5994687670235648,False,11990526.010749292,4498852.999287753,31309495.833555296,6486437.221779999,21715591.228419255,-2530887.9892507065,2.2359855447736217,Medium,Fairly paid,57736350.0,0.251512504687255,False,Mid-Level,103.0,147,15.04424778761062,25.187032418952622,67.58147512864494
coulibi01,Bilal Coulibaly,WAS,SG,21.0,56.0,1468.0,-1.7,-0.4,-2.1,-0.1,bilal coulibaly,coulibi01,WAS,9240012.0,1.0,9240012.0,9240012.0,coulibi01,26.2,11.7,4.3,2.6,1.3,1.0,0.425,0.319,0.746,3.2,9.7,,0.677,0.321,0.333,0.381,0.287,0.242,0.055,0.039,0.377,,,,,,,,,,,,,2023.0,7.0,3,Rookie Scale,,,,,3.0,False,False,False,False,,,,False,155.89839999999998,3.8231215258855578,49.784866468842736,False,27.83641160949868,28.912466843501328,28.532608695652172,29.023746701846964,40.105540897097626,54.88126649076517,33.773087071240106,9.630606860158313,57.9155672823219,60.02638522427441,59.76253298153035,89.5778364116095,89.9736147757256,24.670184696569923,23.983739837398375,35.35620052770449,64.72148541114059,15.119363395225465,10.875331564986736,10.610079575596815,17.639257294429708,,49.55489614243323,28.50100622955723,3,56.35910224438903,True,Guard,37.05882352941177,33.13609467455622,33.95061728395062,35.294117647058826,47.94117647058824,57.05882352941176,37.05882352941177,10.294117647058822,57.35294117647059,84.41176470588235,45.294117647058826,85.0,99.41176470588236,35.88235294117647,21.764705882352946,22.35294117647059,40.23668639053255,23.66863905325444,10.94674556213018,7.6923076923076925,15.384615384615383,,67.62589928057554,-27.85809601483179,0.5057036946040907,True,12251367.423145331,3974624.305240571,23496725.90718081,5730605.343225376,16296822.463033795,3011355.423145331,1.5934630745837404,Medium,Fairly paid,41240250.0,0.2240532489497517,False,Rookie Scale,90.0,178,14.749262536873156,56.35910224438903,68.43910806174958
dosunay01,Ayo Dosunmu,MIN,SG,26.0,69.0,1881.0,1.3,-0.3,1.0,1.4,ayo dosunmu,dosunay01,MIN,19310345.0,5.0,86510348.0,19310345.0,dosunay01,27.3,14.8,3.4,3.6,0.8,0.3,0.517,0.439,0.876,2.1,10.8,,0.646,0.421,0.5,0.583,0.367,0.194,0.048,0.016,0.375,29.2,15.6,3.6,4.1,0.9,0.4,0.5,0.425,0.926,10.0,292.0,5.4,2021.0,38.0,5,Veteran,,,,,5.0,False,False,True,False,,,,False,273.4884,5.234227751196173,52.0326409495549,False,69.78891820580475,38.726790450928384,41.57608695652174,78.23218997361478,42.0844327176781,73.87862796833772,67.01846965699208,55.8047493403694,74.14248021108179,41.29287598944591,76.12137203166228,52.242744063324544,40.89709762532981,82.18997361477572,97.01897018970188,89.70976253298153,71.88328912466844,85.80901856763926,11.80371352785146,10.610079575596815,58.09018567639257,,54.3026706231454,47.560808579244984,3,76.05985037406484,True,Guard,72.05882352941177,42.01183431952663,46.913580246913575,80.29411764705883,50.294117647058826,75.88235294117646,67.94117647058823,60.29411764705882,75.88235294117646,66.17647058823529,64.70588235294117,47.647058823529406,61.47058823529412,95.58823529411764,98.23529411764706,82.35294117647058,47.33727810650888,93.49112426035504,12.42603550295858,7.6923076923076925,56.213017751479285,,74.10071942446042,-28.499041794819853,0.6253076800090898,False,14628096.438860465,2636452.5380543103,27798151.25517174,3801231.9760168297,19280198.338937297,-4682248.561139535,1.720093849687358,High,Leaning overpaid,41240250.0,0.4682402507259292,False,Mid-Level,90.0,147,14.454277286135694,18.703241895261847,78.04459691252144
onealro01,Royce O'Neale,PHO,SF,32.0,78.0,2213.0,-0.3,1.0,0.7,1.5,royce oneale,onealro01,CHO,10875000.0,2.0,22500000.0,10875000.0,onealro01,28.4,9.8,4.8,2.7,1.1,0.4,0.421,0.408,0.711,0.5,8.0,,0.684,0.346,0.462,0.5,0.061,0.083,0.021,0.003,0.832,24.3,7.8,6.3,2.3,0.5,0.3,0.643,0.615,0.833,4.0,97.0,5.1,,,9,Veteran,,,,,9.0,True,False,True,True,,,,False,38.064,0.6192065070040669,,True,66.2269129287599,16.445623342175068,24.728260869565215,53.693931398416886,81.13456464379946,86.2796833773087,91.82058047493403,90.63324538258574,47.75725593667546,65.17150395778364,62.796833773087066,79.94722955145119,55.67282321899736,20.844327176781004,88.88888888888889,23.614775725593667,49.86737400530504,64.9867374005305,40.45092838196286,6.49867374005305,1.989389920424403,,,31.99693481159258,3,61.09725685785536,True,Wing,71.64179104477611,18.181818181818183,24.24242424242424,52.23880597014925,86.56716417910447,85.07462686567165,92.53731343283582,88.80597014925374,35.82089552238806,58.95522388059702,61.940298507462686,77.61194029850746,60.44776119402984,16.417910447761194,87.31343283582089,19.402985074626866,56.81818181818182,71.21212121212122,45.45454545454545,9.090909090909092,1.5151515151515151,,,-29.100322046262782,0.5237049330387193,False,11699540.058345577,3365243.643300894,19357563.73090204,4852001.528327616,13425988.824381787,824540.0583455767,1.3669187000384189,High,Fairly paid,49488300.0,0.2197489103485066,False,Mid-Level,115.0,147,14.15929203539823,39.65087281795511,66.38078902229846
traorno01,Nolan Traoré,BRK,PG,19.0,56.0,1243.0,-4.8,-2.0,-6.8,-1.5,nolan traore,traorno01,BRK,4002000.0,3.0,4002000.0,4002000.0,traorno01,22.2,8.9,1.8,3.8,0.8,0.4,0.38,0.318,0.787,1.7,8.6,,0.484,0.403,0.351,0.375,0.194,0.311,0.077,0.017,0.401,,,,,,,,,,,,,2025.0,19.0,1,Rookie Scale,,,,,1.0,False,False,False,False,,,,False,93.4304,2.7059488334674175,19.12462908011869,True,1.0554089709762533,5.039787798408488,5.706521739130435,1.8469656992084431,5.540897097625329,41.16094986807388,33.773087071240106,1.58311345646438,41.55672823218997,7.387862796833773,80.21108179419525,52.242744063324544,55.67282321899736,4.221635883905013,22.899728997289973,53.29815303430079,96.81697612732096,2.9177718832891246,22.546419098143236,41.51193633952255,51.591511936339515,,9.495548961424332,4.29371831932116,3,33.416458852867834,True,Guard,2.3529411764705883,6.508875739644971,9.25925925925926,3.5294117647058822,9.117647058823527,41.17647058823529,37.05882352941177,2.3529411764705883,45.0,13.529411764705882,70.0,47.647058823529406,78.52941176470588,7.647058823529412,20.88235294117647,38.52941176470589,92.89940828402366,5.9171597633136095,24.2603550295858,39.64497041420118,50.88757396449704,,17.985611510791365,-29.122740533546676,0.1284911228393869,True,9546975.132694464,2534549.30037761,22848476.653759763,3654308.092531264,15847210.75812948,5544975.132694464,2.1277867671211697,Low,Fairly paid,41240250.0,0.0970411188099005,False,Rookie Scale,132.0,178,13.864306784660767,77.3067331670823,52.48713550600343
ingrabr01,Brandon Ingram,TOR,SF,28.0,77.0,2604.0,1.0,-0.5,0.5,1.7,brandon ingram,ingrabr01,TOR,40000000.0,2.0,40000000.0,40000000.0,ingrabr01,33.8,21.5,5.6,3.7,0.8,0.7,0.477,0.382,0.82,4.6,16.7,,0.725,0.383,0.504,0.447,0.147,0.136,0.266,0.177,0.274,29.6,12.0,3.2,2.2,0.6,0.8,0.328,0.385,0.739,5.0,148.0,-4.5,2016.0,2.0,10,Veteran,,,,,10.0,False,False,True,True,,,,False,189.02729999999997,2.6132806451612898,53.4272997032641,False,63.7203166226913,43.76657824933687,72.28260869565217,73.61477572559367,36.93931398416886,96.83377308707124,88.39050131926122,72.16358839050132,92.4802110817942,77.9683377308707,78.23218997361478,52.242744063324544,79.15567282321899,63.06068601583114,73.30623306233063,66.88654353562006,66.57824933687002,44.16445623342175,40.45092838196286,45.225464190981434,7.294429708222812,,56.37982195845698,59.44852426004371,3,89.52618453865337,True,Wing,68.65671641791045,46.96969696969697,77.27272727272727,75.3731343283582,38.059701492537314,97.01492537313432,88.80597014925374,68.65671641791045,90.29850746268656,81.34328358208955,81.34328358208955,43.28358208955223,86.56716417910447,64.92537313432835,79.1044776119403,61.19402985074627,80.3030303030303,37.878787878787875,45.45454545454545,46.21212121212121,4.545454545454546,,55.55555555555556,-30.077660278609656,0.6640350481414353,False,25180442.427718427,6972233.8801035555,46873385.43971833,10052552.809798207,32510369.477433853,-14819557.572281571,1.5846088357721588,High,Leaning overpaid,57736350.0,0.6928044464189371,False,Mid-Level,65.0,147,13.569321533923304,3.99002493765586,91.42367066895368
sharpsh01,Shaedon Sharpe,POR,SG,22.0,50.0,1471.0,-0.4,-0.9,-1.4,0.2,shaedon sharpe,sharpsh01,POR,20089287.0,4.0,90000000.0,20089287.0,sharpsh01,29.4,20.8,4.3,2.6,1.4,0.1,0.452,0.337,0.787,3.9,17.4,,0.726,0.419,0.37,0.347,0.244,0.184,0.106,0.113,0.353,13.4,7.2,1.6,0.6,0.4,0.4,0.412,0.273,0.625,5.0,67.0,1.2,2022.0,7.0,4,Rookie Scale,,,,,4.0,False,False,True,True,,,,False,212.27999999999997,5.195159755268524,76.13501483679525,False,36.675461741424805,44.297082228116714,57.88043478260869,52.770448548812666,24.670184696569923,55.14511873350923,21.767810026385224,16.62269129287599,90.89709762532982,60.02638522427441,59.76253298153035,92.87598944591028,9.366754617414248,43.403693931398415,38.21138211382114,53.29815303430079,76.657824933687,27.055702917771885,34.48275862068966,19.363395225464192,28.116710875331563,,86.64688427299704,47.485434314378224,3,77.80548628428927,True,Guard,43.52941176470589,46.74556213017752,61.72839506172839,58.52941176470589,27.941176470588236,57.647058823529406,22.941176470588236,17.352941176470587,91.47058823529412,84.41176470588235,45.294117647058826,89.41176470588236,16.76470588235294,61.1764705882353,37.94117647058823,38.52941176470589,55.02958579881657,37.8698224852071,37.278106508875744,17.75147928994083,26.035502958579883,,97.84172661870504,-30.32005196991105,0.6103095884636432,True,13582014.682161214,3070302.7646987424,27618843.34894883,4426756.361727957,19155834.241340257,-6507272.317838786,1.8074299843374817,Medium,Leaning overpaid,41240250.0,0.4871281575645153,False,Rookie Scale,51.0,178,13.274336283185844,14.214463840399002,74.44253859348198
hardyja02,Jaden Hardy,WAS,SG,23.0,57.0,898.0,-1.5,-3.3,-4.8,-0.6,jaden hardy,hardyja02,LAL,6000000.0,2.0,6000000.0,6000000.0,hardyja02,15.8,9.2,1.5,1.0,0.3,0.1,0.424,0.397,0.733,1.3,7.5,,0.587,0.419,0.488,0.25,0.107,0.145,0.1,0.037,0.611,,,,,,,,,,,,,2022.0,37.0,4,Rookie Scale,,,,,4.0,False,False,False,False,,,,False,45.7425,1.8337750556792871,10.971810089020773,True,5.277044854881266,16.710875331564985,13.043478260869565,32.45382585751979,0.5277044854881267,20.052770448548813,36.80738786279684,25.593667546174142,43.403693931398415,3.430079155672823,13.060686015831136,3.825857519788918,9.366754617414248,23.614775725593667,84.82384823848238,31.13456464379947,59.814323607427056,38.3289124668435,8.355437665782492,10.610079575596815,80.10610079575596,,3.2640949554896146,12.477143810883272,3,43.765586034912715,True,Guard,10.588235294117649,18.93491124260355,19.1358024691358,39.411764705882355,1.1764705882352942,22.35294117647059,40.294117647058826,27.35294117647059,46.47058823529411,5.88235294117647,5.88235294117647,2.0588235294117645,16.76470588235294,33.82352941176471,83.52941176470588,17.647058823529413,34.319526627218934,48.81656804733728,8.875739644970414,7.6923076923076925,79.28994082840237,,6.474820143884892,-31.28844222402944,0.2850902944822902,True,10377957.937485443,2635076.5138912294,19074046.62414581,3799248.0271412185,13229347.472208288,4377957.937485443,1.5840274367346017,Medium,Fairly paid,41240250.0,0.1454889337479768,False,Rookie Scale,122.0,178,12.979351032448378,69.32668329177058,58.83361921097771
greenja05,Jalen Green,PHO,SG,23.0,32.0,828.0,-0.2,-0.9,-1.1,0.2,jalen green,greenja05,PHO,36251166.0,2.0,36251166.0,36251166.0,greenja05,25.9,17.8,3.6,2.8,1.1,0.3,0.422,0.313,0.747,2.7,16.0,,0.632,0.358,0.475,0.469,0.223,0.131,0.078,0.125,0.443,37.8,21.8,5.3,3.5,2.0,0.3,0.386,0.206,0.8,4.0,151.0,-2.4,2021.0,2.0,5,Veteran,,,,,5.0,False,False,True,False,,,,False,114.176,4.964173913043479,47.05489614243323,False,41.82058047493404,63.92572944297083,57.33695652173913,54.485488126649074,24.670184696569923,15.303430079155673,3.16622691292876,25.593667546174142,83.90501319261213,46.17414248021108,64.90765171503958,79.94722955145119,40.89709762532981,21.50395778364116,20.05420054200542,35.88390501319261,85.14588859416446,8.753315649867375,22.546419098143236,19.363395225464192,47.08222811671088,,45.40059347181009,55.92865235549975,3,88.5286783042394,True,Guard,48.23529411764706,65.68047337278107,61.111111111111114,60.882352941176464,27.941176470588236,16.470588235294116,3.5294117647058822,27.35294117647059,85.29411764705883,71.47058823529412,51.47058823529411,72.6470588235294,61.47058823529412,30.88235294117647,18.235294117647054,22.941176470588236,68.63905325443787,13.905325443786982,24.2603550295858,17.75147928994083,45.5621301775148,,62.589928057553955,-32.600025948739656,0.6317574533677577,False,17096212.82558559,2742097.052962273,31406052.15070185,3953550.0255028624,21782560.60808678,-19154953.17441441,1.6766260101092163,High,Overpaid,41240250.0,0.8790239147434848,False,Near-Max,16.0,17,12.684365781710916,2.7431421446384037,82.67581475128645
wiggian01,Andrew Wiggins,MIA,SF,30.0,68.0,2063.0,0.7,0.5,1.2,1.7,andrew wiggins,wiggian01,MIA,30169644.0,3.0,46515798.0,30169644.0,wiggian01,30.3,15.4,4.8,2.7,1.1,1.0,0.475,0.414,0.784,2.4,12.1,,0.679,0.462,0.333,0.412,0.224,0.206,0.102,0.062,0.406,,,,,,,,,,,,,2014.0,1.0,12,Veteran,,,,,12.0,False,False,False,False,,,,False,184.3072,3.216218710615608,44.96290801186944,False,71.50395778364116,46.41909814323608,45.108695652173914,68.07387862796834,67.67810026385224,82.32189973614776,63.19261213720316,82.58575197889182,76.64907651715039,65.17150395778364,62.796833773087066,79.94722955145119,89.9736147757256,60.94986807387863,92.4119241192412,51.45118733509235,43.236074270557026,59.41644562334217,22.546419098143236,38.196286472148536,18.83289124668435,,40.65281899109792,52.19891211918903,3,85.03740648379052,True,Wing,74.6268656716418,51.51515151515152,46.96969696969697,70.8955223880597,70.8955223880597,77.61194029850746,58.2089552238806,81.34328358208955,72.38805970149254,58.95522388059702,61.940298507462686,77.61194029850746,97.76119402985076,60.44776119402984,95.52238805970148,45.52238805970149,44.696969696969695,60.60606060606061,26.515151515151516,37.878787878787875,18.181818181818183,,41.269841269841265,-32.83849436460149,0.6138347143634839,False,18194426.88215777,4938271.383800187,37232954.79689025,7119989.766325716,25823974.64634194,-11975217.117842233,1.7749766795215522,High,Leaning overpaid,57736350.0,0.5225415877519102,False,Mid-Level,82.0,147,12.389380530973453,6.982543640897755,84.39108061749572
hachiru01,Rui Hachimura,LAL,PF,27.0,68.0,1927.0,-0.8,-1.5,-2.2,-0.1,rui hachimura,hachiru01,LAC,14000000.0,2.0,14000000.0,14000000.0,hachiru01,28.3,11.5,3.3,0.8,0.6,0.3,0.514,0.443,0.694,1.1,8.8,,0.705,0.46,0.51,0.568,0.159,0.106,0.161,0.136,0.439,38.6,17.5,4.0,1.7,0.9,0.6,0.549,0.569,0.727,10.0,386.0,3.6,2019.0,9.0,7,Veteran,,,,,7.0,False,False,True,False,,,,False,95.14560000000002,1.7774995329527767,34.948071216617215,True,26.781002638522427,44.827586206896555,29.076086956521745,47.0976253298153,11.213720316622693,76.51715039577837,63.19261213720316,65.03957783641161,56.72823218997362,38.52242744063325,6.992084432717678,28.49604221635884,40.89709762532981,80.07915567282322,97.289972899729,19.393139841688654,8.222811671087534,80.90185676392572,79.3103448275862,12.46684350132626,42.04244031830239,,26.409495548961427,34.409128095912465,3,67.83042394014963,True,Big,17.95774647887324,40.845070422535215,22.142857142857142,40.49295774647887,3.5211267605633805,78.87323943661971,64.43661971830986,60.2112676056338,60.56338028169014,15.845070422535212,12.323943661971832,39.08450704225352,15.845070422535212,59.154929577464785,94.6969696969697,33.098591549295776,17.95774647887324,66.54929577464789,74.64788732394366,15.140845070422534,44.71830985915493,,14.814814814814811,-33.421295844237164,0.5072816311198859,False,14540659.663751565,4679089.6075576125,28914072.02209293,6746302.001712591,20054176.921875495,540659.6637515649,1.6667044669885744,High,Fairly paid,49488300.0,0.2828951489543993,False,Mid-Level,114.0,147,12.094395280235988,37.65586034912718,77.35849056603774
turnemy01,Myles Turner,MIL,C,29.0,71.0,1912.0,-0.9,0.0,-0.9,0.5,myles turner,turnemy01,MIL,26584164.0,3.0,54434241.0,26584164.0,turnemy01,26.9,11.9,5.3,1.5,0.7,1.6,0.44,0.383,0.74,2.5,9.1,,0.673,0.448,0.383,0.467,0.152,0.135,0.073,0.046,0.594,,,,,,,,,,,,,2015.0,11.0,11,Veteran,,,,,11.0,False,False,False,False,,,,False,98.2072,1.849089539748954,25.140949554896142,True,44.9868073878628,46.15384615384615,56.25,44.9868073878628,52.110817941952504,75.72559366754618,73.61477572559367,77.57255936675462,59.49868073878628,73.87862796833772,30.738786279683374,41.42480211081794,97.75725593667546,34.696569920844325,74.25474254742548,33.64116094986807,5.305039787798409,57.294429708222815,62.732095490716176,3.978779840848806,40.05305039787798,,16.023738872403563,49.648144154658006,3,83.29177057356608,True,Big,35.91549295774648,42.25352112676056,49.28571428571429,38.028169014084504,41.901408450704224,76.76056338028168,72.88732394366197,73.94366197183099,64.7887323943662,49.647887323943664,43.66197183098591,52.112676056338024,94.01408450704226,19.014084507042252,75.75757575757575,52.46478873239436,10.56338028169014,43.66197183098591,56.33802816901409,6.338028169014084,42.95774647887324,,8.148148148148149,-33.64362641890808,0.5960750241322713,False,16096239.85754437,5051155.386373164,33085963.072980247,7282745.694592051,22947710.602270175,-10487924.14245563,1.7416991753802091,High,Leaning overpaid,57736350.0,0.4604406755882559,False,Mid-Level,85.0,147,11.799410029498524,8.229426433915211,80.78902229845626
diengou01,Ousmane Dieng,MIL,C,22.0,57.0,1099.0,-2.6,-1.2,-3.8,-0.5,ousmane dieng,diengou01,MIL,5750000.0,3.0,11500000.0,5750000.0,diengou01,19.3,7.6,3.2,2.4,0.4,0.3,0.422,0.341,0.711,0.8,7.0,,0.717,0.344,0.508,0.395,0.133,0.153,0.153,0.095,0.465,,,,,,,,,,,,,2022.0,11.0,4,Rookie Scale,,,,,4.0,False,False,False,False,,,,False,53.067,1.7383184713375797,38.21958456973294,True,9.762532981530343,12.20159151193634,0.5434782608695652,13.984168865435356,16.358839050131927,31.398416886543533,36.80738786279684,16.62269129287599,31.926121372031663,35.75197889182058,54.74934036939314,8.839050131926122,40.89709762532981,21.50395778364116,40.65040650406504,23.614775725593667,71.3527851458886,8.753315649867375,2.122015915119363,27.32095490716181,0.5305039787798408,,30.86053412462908,7.220034410184799,3,41.895261845386536,True,Big,3.873239436619718,11.971830985915492,0.7142857142857143,10.211267605633804,8.098591549295776,34.50704225352113,35.563380281690144,15.140845070422534,34.859154929577464,13.732394366197184,72.88732394366197,13.732394366197184,15.845070422535212,13.028169014084506,47.34848484848485,39.7887323943662,95.77464788732394,4.929577464788732,2.112676056338028,30.633802816901408,0.7042253521126761,,16.296296296296298,-34.675227435201734,0.1723353451478633,True,10879188.620133856,2564203.5297846016,23132794.76154138,3697063.500951847,16044407.667343404,5129188.620133856,1.8906365125144513,Medium,Fairly paid,41240250.0,0.1394268948418111,False,Rookie Scale,130.0,178,11.50442477876106,75.31172069825436,61.4065180102916
sabondo01,Domantas Sabonis,SAC,C,29.0,19.0,564.0,0.7,-0.2,0.6,0.4,domantas sabonis,sabondo01,SAC,45472000.0,2.0,94080000.0,45472000.0,sabondo01,29.7,15.8,11.4,4.1,0.9,0.2,0.543,0.185,0.727,4.1,11.6,,0.699,0.458,0.706,0.0,0.421,0.376,0.077,0.005,0.122,,,,,,,,,,,,,2016.0,11.0,10,Veteran,,,,,10.0,False,False,False,False,,,,False,92.7884,5.922663829787234,69.3620178041543,True,64.77572559366754,75.86206896551724,37.77173913043478,68.07387862796834,44.72295514511873,3.6939313984168862,0.5277044854881267,77.57255936675462,77.44063324538259,98.68073878627968,83.50923482849603,63.58839050131926,24.406332453825858,87.33509234828496,3.523035230352303,28.759894459102902,51.06100795755968,61.40583554376657,53.44827586206896,63.395225464190986,10.875331564986736,,79.22848664688428,58.806609434398894,3,93.76558603491272,True,Big,58.098591549295776,76.05633802816901,30.714285714285715,63.732394366197184,34.859154929577464,4.225352112676056,1.4084507042253522,73.94366197183099,79.92957746478874,96.47887323943662,93.30985915492955,74.29577464788733,5.985915492957746,69.01408450704226,9.848484848484848,47.88732394366197,76.05633802816901,47.53521126760563,46.478873239436616,59.859154929577464,11.971830985915492,,62.22222222222222,-34.95897660051382,0.627166233595584,False,21152634.930683173,3431837.4641643427,50600018.90816844,4948016.365544481,35095082.09910047,-24319365.069316827,2.229896256356404,Medium,Leaning overpaid,57736350.0,0.7875800946890477,False,Near-Max,15.0,17,11.209439528023598,1.2468827930174564,88.33619210977702
salauti01,Tidjane Salaün,CHO,PF,20.0,37.0,575.0,-1.2,0.4,-0.8,0.2,tidjane salaun,salauti01,CHO,8237880.0,2.0,8237880.0,8237880.0,salauti01,15.5,6.0,4.0,0.7,0.4,0.2,0.503,0.434,0.65,1.1,4.3,,0.744,0.364,,,0.27,0.208,0.0,0.0,0.522,,,,,,,,,,,,,2024.0,6.0,2,Rookie Scale,,,,,2.0,False,False,False,False,,,,False,42.957,2.6894817391304344,59.85163204747776,True,46.306068601583114,7.957559681697612,8.695652173913043,38.65435356200528,63.98416886543535,4.221635883905013,7.255936675461741,4.749340369393139,18.997361477572557,54.35356200527705,4.617414248021108,8.839050131926122,24.406332453825858,75.59366754617413,96.2059620596206,12.401055408970976,20.689655172413794,82.75862068965517,5.039787798408488,16.976127320954905,16.710875331564985,,66.46884272997032,17.821471596249776,3,52.86783042394016,True,Big,37.67605633802817,7.042253521126761,3.571428571428571,29.929577464788732,55.98591549295775,4.929577464788732,8.80281690140845,2.112676056338028,21.830985915492956,26.76056338028169,8.80281690140845,13.732394366197184,5.985915492957746,52.46478873239436,93.93939393939394,21.47887323943662,39.08450704225352,69.71830985915493,6.338028169014084,19.014084507042252,20.422535211267608,,47.40740740740741,-35.04635882769038,0.3370948165139698,True,8121225.476935629,2245009.5356341824,24567538.982271057,3236850.2410490024,17039515.323510494,-116654.5230643712,2.7486651503560773,Low,Fairly paid,41240250.0,0.1997533962572971,False,Rookie Scale,107.0,178,10.914454277286136,35.16209476309227,40.13722126929674
dickgr01,Gradey Dick,TOR,SG,22.0,76.0,1067.0,-3.2,-0.4,-3.6,-0.4,gradey dick,dickgr01,TOR,7131511.0,1.0,7131511.0,7131511.0,dickgr01,14.0,6.0,1.9,0.7,0.6,0.1,0.419,0.301,0.875,1.2,5.1,,0.717,0.36,0.355,0.4,0.24,0.13,0.081,0.065,0.484,1.3,0.0,0.3,0.0,0.0,0.0,,,,3.0,4.0,-3.9,2023.0,13.0,3,Rookie Scale,,,,,3.0,False,False,True,True,,,,False,93.024,3.138579194001874,55.57863501483679,True,11.08179419525066,17.24137931034483,10.597826086956522,8.311345646437996,40.105540897097626,29.287598944591032,85.35620052770449,16.62269129287599,18.997361477572557,9.102902374670183,4.617414248021108,28.49604221635884,9.366754617414248,19.656992084432716,16.395663956639567,89.31398416886543,9.814323607427056,20.159151193633953,6.763925729442971,19.363395225464192,75.72944297082228,,59.05044510385756,13.210150572800671,3,48.87780548628429,True,Guard,17.352941176470587,20.118343195266274,15.432098765432098,11.76470588235294,47.94117647058824,31.76470588235294,85.29411764705883,17.352941176470587,17.647058823529413,17.352941176470587,1.4705882352941175,24.11764705882353,16.76470588235294,29.705882352941178,15.0,81.76470588235294,2.6627218934911245,31.952662721893493,7.396449704142012,17.75147928994083,73.96449704142012,,77.6978417266187,-35.66765491348362,0.2702688969231158,True,11827900.273870451,2587408.0240786136,23132794.76154138,3730519.6942360215,16044407.667343404,4696389.273870451,1.7370273896247257,Medium,Fairly paid,41240250.0,0.1729259885669946,False,Rookie Scale,121.0,178,10.619469026548671,72.81795511221945,66.89536878216124
monkma01,Malik Monk,SAC,SG,27.0,62.0,1364.0,0.8,-2.1,-1.3,0.2,malik monk,monkma01,SAC,20190035.0,2.0,20190035.0,20190035.0,monkma01,22.0,12.5,1.9,3.0,0.6,0.4,0.438,0.395,0.879,1.7,10.2,,0.721,0.401,0.463,0.364,0.108,0.217,0.127,0.052,0.497,,,,,,,,,,,,,2017.0,11.0,9,Veteran,,,,,9.0,False,False,False,False,,,,False,68.2992,1.8026181818181817,40.519287833827896,True,38.12664907651715,45.62334217506631,36.95652173913043,70.05277044854881,4.353562005277045,47.4934036939314,46.17414248021108,65.03957783641161,63.852242744063325,9.102902374670183,67.67810026385224,28.49604221635884,55.67282321899736,32.45382585751979,83.73983739837398,90.50131926121372,72.94429708222812,39.92042440318303,42.04244031830239,32.228116710875334,55.96816976127321,,34.42136498516321,40.49911123695307,3,78.05486284289277,True,Guard,44.70588235294118,47.928994082840234,42.592592592592595,72.94117647058823,7.647058823529412,47.05882352941176,48.8235294117647,70.58823529411765,64.41176470588236,17.352941176470587,55.00000000000001,24.11764705882353,78.52941176470588,47.35294117647059,82.05882352941177,84.11764705882354,49.70414201183432,50.88757396449704,43.49112426035503,32.544378698224854,54.142011834319526,,52.51798561151079,-37.555751605939705,0.5188544283072901,False,9180621.21357673,2990979.1426320574,27539481.178637452,4312387.722694582,19100790.351184823,-11009413.78642327,2.673947815176377,Medium,Leaning overpaid,49488300.0,0.407975925622824,False,Mid-Level,105.0,147,10.32448377581121,7.73067331670823,48.19897084048028
hendesc01,Scoot Henderson,POR,PG,21.0,30.0,748.0,-1.7,-0.5,-2.2,0.0,scoot henderson,hendesc01,POR,13585523.0,1.0,13585523.0,13585523.0,hendesc01,24.9,14.2,2.7,3.7,0.9,0.3,0.418,0.352,0.84,3.3,11.4,,0.614,0.286,0.52,0.545,0.205,0.184,0.073,0.064,0.474,29.0,15.0,1.6,1.2,0.8,0.2,0.475,0.464,0.75,5.0,145.0,-1.1,2023.0,3.0,3,Rookie Scale,,,,,3.0,False,False,True,True,,,,False,70.11,3.3742780748663104,33.160237388724035,True,26.781002638522427,24.6684350132626,33.69565217391305,29.023746701846964,36.93931398416886,12.137203166226913,2.1108179419525066,9.630606860158313,72.42744063324538,25.593667546174142,78.23218997361478,63.58839050131926,40.89709762532981,18.46965699208443,48.9159891598916,76.78100263852242,89.25729442970822,27.718832891246688,15.251989389920425,27.32095490716181,75.72944297082228,,24.03560830860534,28.581783354821475,3,66.33416458852868,True,Guard,35.88235294117647,27.810650887573964,38.2716049382716,35.294117647058826,44.11764705882353,12.941176470588236,1.7647058823529411,10.294117647058822,74.11764705882354,45.588235294117645,67.3529411764706,57.35294117647059,61.47058823529412,28.235294117647054,45.88235294117647,66.47058823529412,77.81065088757396,38.75739644970414,15.680473372781064,26.627218934911244,73.96449704142012,,36.69064748201439,-37.7523812337072,0.4308757565896019,True,8595519.090157432,2071983.1253880265,19177310.994671587,2987381.1101506767,13300969.413063511,-4990003.9098425675,1.990028489247444,Medium,Leaning overpaid,41240250.0,0.3294238759464358,False,Rookie Scale,88.0,178,10.029498525073748,17.45635910224439,44.59691252144082
thompkl01,Klay Thompson,DAL,SF,35.0,69.0,1497.0,0.2,-1.5,-1.4,0.2,klay thompson,thompkl01,DAL,17460317.0,1.0,17460317.0,17460317.0,thompkl01,21.7,11.7,2.1,1.4,0.5,0.3,0.393,0.383,0.766,0.7,10.6,,0.675,0.333,0.397,0.329,0.055,0.037,0.08,0.104,0.724,,,,,,,,,,,,,2011.0,11.0,13,Veteran,,,,,15.0,False,False,False,False,,,,False,40.227,0.967382765531062,19.198813056379823,True,36.675461741424805,45.88859416445623,26.08695652173913,59.63060686015831,11.213720316622693,56.72823218997362,67.01846965699208,96.30606860158312,57.9155672823219,12.137203166226913,26.2532981530343,16.75461741424802,40.89709762532981,6.200527704485488,74.25474254742548,42.61213720316623,19.76127320954907,22.015915119363395,22.546419098143236,3.978779840848806,42.04244031830239,,10.089020771513352,36.15969694267946,3,74.3142144638404,True,Wing,41.04477611940299,50.0,27.27272727272727,56.71641791044776,16.417910447761194,43.28358208955223,62.68656716417911,94.02985074626866,50.74626865671642,8.955223880597014,26.119402985074625,12.686567164179104,43.28358208955223,4.477611940298507,81.34328358208955,38.059701492537314,10.606060606060606,16.666666666666664,26.515151515151516,3.787878787878788,46.21212121212121,,6.349206349206349,-38.15451752116094,0.4865784722823645,False,10783494.871727526,2659550.2589746574,35288734.916874856,3834534.2236652295,24475505.657986816,-6676822.128272474,3.025845057287348,Medium,Fairly paid,57736350.0,0.3024146313371039,False,Mid-Level,110.0,147,9.734513274336283,13.71571072319202,60.720411663807894
murrake02,Keegan Murray,SAC,PF,25.0,23.0,793.0,-2.0,-1.0,-3.1,-0.2,keegan murray,murrake02,SAC,24137936.0,5.0,140000000.0,24137936.0,murrake02,34.5,14.0,5.7,1.7,1.0,1.6,0.42,0.277,0.776,2.1,13.0,,0.72,0.583,0.403,0.333,0.083,0.24,0.223,0.08,0.373,,,,,,,,,,,,,2022.0,4.0,4,Rookie Scale,,,,,4.0,False,False,False,False,,,,False,24.817,1.126622950819672,,True,14.907651715039576,54.37665782493368,51.63043478260869,24.010554089709764,21.108179419525065,13.720316622691293,1.3192612137203166,46.04221635883905,71.10817941952506,79.68337730870712,37.33509234828496,73.21899736147758,97.75725593667546,20.448548812664907,10.569105691056912,47.62532981530343,36.47214854111406,6.10079575596817,70.55702917771883,70.82228116710876,33.687002652519894,,,43.47957265658828,3,81.79551122194513,True,Big,8.098591549295776,51.40845070422535,44.285714285714285,18.30985915492958,14.084507042253522,14.788732394366196,2.8169014084507045,41.901408450704224,74.29577464788733,56.33802816901409,51.40845070422535,84.15492957746478,94.01408450704226,11.971830985915492,18.181818181818183,70.07042253521126,58.098591549295776,3.5211267605633805,63.732394366197184,67.95774647887323,37.32394366197183,,,-38.31593856535685,0.5315642876613385,True,9766477.428545306,2258967.138561971,27621343.145696346,3256974.2849268457,19157568.046464738,-14371458.571454694,2.596880624840807,Low,Leaning overpaid,41240250.0,0.5853004285861506,False,Rookie Scale,56.0,178,9.43952802359882,4.488778054862843,54.71698113207547
washipj01,P.J. Washington,DAL,PF,27.0,56.0,1736.0,-1.7,0.1,-1.6,0.2,pj washington,washipj01,DAL,19813044.0,4.0,88762440.0,19813044.0,washipj01,31.0,14.2,7.0,1.8,1.0,1.1,0.45,0.325,0.687,3.3,11.8,,0.669,0.441,0.359,0.417,0.243,0.324,0.059,0.018,0.356,,,,,,,,,,,,,2019.0,12.0,7,Veteran,,,,,7.0,False,False,False,False,,,,False,160.57440000000005,3.3298838709677425,43.12314540059347,False,32.98153034300791,50.132625994694955,30.16304347826087,29.023746701846964,55.4089709762533,67.01846965699208,33.773087071240106,65.03957783641161,72.42744063324538,88.39050131926122,39.97361477572559,73.21899736147758,92.0844327176781,41.029023746701846,28.72628726287263,17.941952506596305,39.92042440318303,22.015915119363395,46.02122015915119,49.07161803713528,23.47480106100796,,37.0919881305638,38.35625863811041,3,77.3067331670823,True,Big,23.591549295774648,45.774647887323944,23.57142857142857,21.830985915492956,45.774647887323944,66.90140845070422,33.098591549295776,60.2112676056338,76.05633802816901,73.23943661971832,54.5774647887324,84.15492957746478,79.92957746478874,22.183098591549296,33.33333333333333,30.28169014084507,62.676056338028175,11.619718309859154,39.7887323943662,49.647887323943664,26.76056338028169,,20.0,-38.95047452897189,0.4961567649639443,False,13629651.417436946,4324667.656538179,29179260.74789408,6235297.144325097,20238106.104207177,-6183392.582563054,1.823567773681904,High,Fairly paid,49488300.0,0.4003581452585762,False,Mid-Level,108.0,147,9.144542772861357,14.962593516209475,74.61406518010291
grimequ01,Quentin Grimes,PHI,SG,25.0,75.0,2206.0,-0.9,-0.6,-1.6,0.2,quentin grimes,grimequ01,LAL,13953489.0,4.0,43953489.0,13953489.0,grimequ01,29.4,13.4,3.6,3.3,0.9,0.4,0.45,0.334,0.84,3.2,10.1,,0.734,0.454,0.367,0.267,0.254,0.143,0.04,0.06,0.503,22.1,6.7,2.7,2.3,0.3,0.5,0.397,0.4,0.875,11.0,243.0,-0.1,2021.0,25.0,5,Veteran,,,,,5.0,False,False,True,False,,,,False,192.405,3.13988213961922,61.669139465875375,False,32.98153034300791,26.25994694960212,26.35869565217391,44.9868073878628,33.24538258575198,86.01583113456465,83.24538258575198,46.04221635883905,66.75461741424802,46.17414248021108,72.0316622691293,63.58839050131926,55.67282321899736,41.029023746701846,36.856368563685635,76.78100263852242,56.233421750663126,57.294429708222815,14.190981432360742,35.94164456233422,58.355437665782496,,68.24925816023739,27.97737356141799,3,67.08229426433915,True,Guard,40.588235294117645,30.17751479289941,32.098765432098766,52.94117647058824,39.411764705882355,85.29411764705883,83.23529411764706,49.11764705882353,67.94117647058823,71.47058823529412,59.11764705882353,57.35294117647059,78.52941176470588,58.82352941176471,36.47058823529411,66.47058823529412,30.17751479289941,69.23076923076923,13.905325443786982,36.09467455621302,56.80473372781065,,85.61151079136691,-39.10492070292116,0.417060475766863,False,12632998.892673554,3638164.6526550385,18870891.60229891,5245498.491655991,13088443.52939552,-1320490.107326446,1.2057886713247492,High,Leaning overpaid,41240250.0,0.3383463727790205,False,Mid-Level,116.0,147,8.849557522123893,29.67581047381546,71.01200686106347
okorois01,Isaac Okoro,CHI,SG,25.0,63.0,1695.0,-3.0,-0.8,-3.8,-0.8,isaac okoro,okorois01,CHI,11814814.0,1.0,11814814.0,11814814.0,okorois01,26.9,9.3,2.7,1.6,0.7,0.5,0.46,0.33,0.795,1.8,7.3,,0.652,0.34,0.0,,0.401,0.115,0.002,0.0,0.481,,,,,,,,,,,,,2020.0,5.0,6,Veteran,,,,,6.0,False,False,False,False,,,,False,184.4199,3.916882831858408,44.46587537091988,False,9.762532981530343,31.29973474801061,25.271739130434785,10.29023746701847,28.100263852242747,64.5118733509235,48.284960422163586,46.04221635883905,44.85488126649077,25.593667546174142,34.56464379947229,41.42480211081794,66.75461741424802,50.0,31.70731707317073,57.78364116094987,13.660477453580905,47.745358090185675,49.20424403183024,24.53580901856764,3.050397877984085,,40.0593471810089,23.654935949799608,3,63.092269326683294,True,Guard,15.88235294117647,36.09467455621302,30.864197530864196,14.117647058823527,32.64705882352941,67.05882352941175,51.17647058823529,49.11764705882353,48.23529411764706,45.588235294117645,22.647058823529413,37.94117647058823,88.52941176470588,69.11764705882352,30.58823529411765,43.52941176470589,4.733727810650888,58.28402366863905,52.66272189349112,22.7810650887574,4.142011834319527,,58.27338129496403,-39.437333376883686,0.3749260599157961,False,12587835.715354588,5059273.253650954,29787111.791179936,7294450.019334484,20659698.48161044,773021.7153545879,1.9644233605119323,High,Fairly paid,41240250.0,0.2864874485484447,False,Mid-Level,121.0,147,8.55457227138643,39.15211970074813,70.66895368782161
walkeja02,Jarace Walker,IND,PF,22.0,76.0,1953.0,-1.8,-0.7,-2.4,-0.2,jarace walker,walkeja02,IND,8478542.0,1.0,8478542.0,8478542.0,walkeja02,25.7,11.6,5.1,2.5,0.8,0.3,0.419,0.374,0.749,2.4,9.6,,0.615,0.368,0.429,0.4,0.166,0.207,0.086,0.055,0.486,,,,,,,,,,,,,2023.0,8.0,3,Rookie Scale,,,,,3.0,False,False,False,False,,,,False,121.1136,2.2325087557603687,20.05192878338279,False,22.823218997361476,6.896551724137931,16.57608695652174,26.912928759894463,30.606860158311346,77.04485488126649,85.35620052770449,16.62269129287599,56.99208443271768,70.71240105540898,56.99208443271768,52.242744063324544,40.89709762532981,19.656992084432716,67.88617886178862,36.41160949868074,46.15384615384615,22.811671087533156,1.326259946949602,1.989389920424403,22.281167108753316,,10.682492581602371,14.508044254587745,3,54.11471321695761,True,Big,14.788732394366196,6.338028169014084,9.285714285714286,20.070422535211268,23.591549295774648,80.28169014084507,85.2112676056338,15.140845070422534,61.267605633802816,44.71830985915493,75.35211267605634,62.676056338028175,15.845070422535212,10.915492957746478,72.34848484848484,56.33802816901409,70.77464788732394,13.028169014084506,1.4084507042253522,3.873239436619718,26.056338028169012,,3.7037037037037033,-39.60666896236987,0.2680979606492942,True,12298325.021942755,3609677.112572135,19476334.802243248,5204425.213560453,13508365.878573855,3819783.021942757,1.2901478584572867,Medium,Fairly paid,41240250.0,0.2055890058862397,False,Rookie Scale,116.0,178,8.259587020648967,62.84289276807981,68.78216123499142
dortlu01,Luguentz Dort,OKC,SF,26.0,69.0,1849.0,-2.8,0.8,-2.0,0.0,luguentz dort,dortlu01,ATL,18222222.0,1.0,18222222.0,18222222.0,dortlu01,26.8,8.3,3.6,1.2,0.9,0.4,0.385,0.344,0.759,0.8,7.6,,0.667,0.241,0.463,0.364,0.115,0.055,0.078,0.042,0.71,22.3,5.5,2.7,1.3,0.5,0.1,0.366,0.308,0.5,15.0,335.0,-2.8,,,7,Veteran,,,,,7.0,True,False,True,False,,,,False,60.306,1.1741568415359651,18.51632047477745,True,28.62796833773087,37.40053050397878,39.94565217391305,12.796833773087071,77.04485488126649,72.16358839050132,67.01846965699208,55.8047493403694,36.147757255936675,46.17414248021108,18.733509234828496,63.58839050131926,55.67282321899736,5.145118733509235,42.81842818428184,39.44591029023747,22.546419098143236,13.660477453580905,26.790450928381965,59.15119363395226,16.047745358090186,,8.605341246290802,36.16181058864215,3,75.81047381546135,True,Wing,26.119402985074625,37.878787878787875,42.42424242424242,9.701492537313433,83.5820895522388,64.17910447761194,62.68656716417911,55.970149253731336,23.88059701492537,37.3134328358209,17.16417910447761,58.2089552238806,60.44776119402984,2.9850746268656714,35.82089552238806,32.83582089552239,15.151515151515152,7.575757575757576,31.060606060606062,68.93939393939394,14.393939393939394,,4.761904761904762,-39.6486632268192,0.477002830462023,False,14579125.115697386,4395713.27771917,30519232.121917628,6337730.578301672,21167481.357349884,-3643096.8843026143,1.7918440672459277,High,Fairly paid,49488300.0,0.3682127290692951,False,Mid-Level,109.0,147,7.964601769911504,21.94513715710723,77.53001715265866
greendr01,Draymond Green,GSW,PF,35.0,68.0,1869.0,-2.4,1.0,-1.4,0.3,draymond green,greendr01,GSW,27678571.0,1.0,27678571.0,27678571.0,greendr01,27.5,8.4,5.5,5.5,0.9,0.6,0.418,0.326,0.702,1.2,7.2,,0.725,0.4,0.368,0.2,0.208,0.112,0.039,0.01,0.631,,,,,,,,,,,,,2012.0,35.0,14,Veteran,,,,,14.0,False,False,False,False,,,,False,101.8368,1.961543499197432,44.61424332344214,False,36.675461741424805,28.116710875331563,62.5,16.490765171503956,81.13456464379946,73.35092348284961,63.19261213720316,96.30606860158312,36.93931398416886,76.38522427440633,91.16094986807389,63.58839050131926,73.87862796833772,18.46965699208443,29.268292682926827,20.844327176781004,61.40583554376657,21.352785145888596,68.83289124668434,29.973474801061005,5.305039787798409,,40.35608308605341,43.150132013605536,3,84.03990024937656,True,Big,27.11267605633803,23.239436619718308,54.285714285714285,12.323943661971832,76.05633802816901,74.64788732394366,64.43661971830986,95.77464788732394,40.845070422535215,52.46478873239436,97.88732394366195,74.29577464788733,48.59154929577465,9.859154929577464,34.84848484848485,34.50704225352113,88.02816901408451,10.56338028169014,62.323943661971825,33.098591549295776,5.633802816901409,,22.22222222222222,-40.88976823577102,0.5134481583814783,False,16351875.183213323,3256193.4100325014,34055915.05090527,4694773.12094736,23620448.38047627,-11326695.816786677,1.883558998327694,High,Leaning overpaid,57736350.0,0.4793959264830562,False,Mid-Level,100.0,147,7.669616519174041,7.481296758104739,81.81818181818183
nnajize01,Zeke Nnaji,DEN,PF,25.0,52.0,626.0,-3.6,0.0,-3.5,-0.3,zeke nnaji,nnajize01,DEN,7466667.0,2.0,7466667.0,7466667.0,nnajize01,12.0,3.7,2.6,0.6,0.3,0.5,0.47,0.259,0.773,0.8,2.9,,0.708,0.381,0.0,0.375,0.43,0.139,0.02,0.053,0.358,9.5,5.0,1.5,0.5,0.5,0.0,1.0,1.0,0.833,2.0,19.0,12.4,2020.0,22.0,6,Veteran,,,,,6.0,False,False,True,True,,,,False,64.844,3.729047923322683,59.21364985163204,True,11.87335092348285,9.283819628647215,6.25,5.936675461741425,52.110817941952504,5.936675461741425,25.065963060686013,46.04221635883905,2.5065963060686016,23.7467018469657,3.2981530343007917,3.825857519788918,66.75461741424802,56.99208443271768,7.994579945799458,46.437994722955146,11.007957559681698,32.228116710875334,4.376657824933687,6.49867374005305,1.0610079575596816,,64.68842729970326,8.793520091613418,3,49.87531172069826,True,Big,5.985915492957746,9.15492957746479,2.857142857142857,2.8169014084507045,41.901408450704224,7.394366197183098,25.0,41.901408450704224,2.8169014084507045,5.633802816901409,6.338028169014084,4.929577464788732,38.38028169014084,32.3943661971831,14.393939393939394,67.6056338028169,22.535211267605636,22.183098591549296,5.633802816901409,8.80281690140845,1.4084507042253522,,43.7037037037037,-41.08179162908484,0.176310077836849,False,8434352.521362005,2714650.796196289,23731697.772814676,3913978.067603017,16459793.882676195,967685.5213620048,2.4918388131617353,Medium,Fairly paid,41240250.0,0.1810529034135341,False,Mid-Level,133.0,147,7.374631268436578,40.89775561097257,44.08233276157805
finnedo01,Dorian Finney-Smith,HOU,PF,32.0,37.0,620.0,-4.3,-0.1,-4.3,-0.4,dorian finney smith,finnedo01,CHO,13335000.0,3.0,26670000.0,13335000.0,finnedo01,16.8,3.3,2.5,1.0,0.4,0.2,0.333,0.27,0.889,0.2,3.6,,0.583,0.429,0.0,,0.182,0.053,0.008,0.0,0.758,12.3,2.0,2.0,0.3,0.3,0.3,0.143,0.182,1.0,4.0,49.0,-11.4,,,10,Veteran,,,,,10.0,True,False,True,True,,,,False,24.242400000000004,1.4076232258064518,,True,7.651715039577836,31.03448275862069,29.89130434782609,3.16622691292876,48.54881266490765,5.540897097625329,7.255936675461741,90.63324538258574,1.4511873350923483,20.58047493403694,13.060686015831136,8.839050131926122,24.406332453825858,0.5277044854881267,9.75609756097561,92.61213720316624,6.23342175066313,0.7957559681697612,89.52254641909815,63.395225464190986,18.83289124668435,,,24.760098924812,3,66.08478802992519,True,Big,2.8169014084507045,25.352112676056336,22.857142857142858,1.4084507042253522,38.028169014084504,6.338028169014084,8.80281690140845,89.08450704225352,1.7605633802816902,3.873239436619718,23.239436619718308,13.732394366197184,5.985915492957746,0.7042253521126761,17.045454545454543,99.29577464788731,13.028169014084506,0.7042253521126761,85.56338028169014,59.859154929577464,22.535211267605636,,,-41.324689105113194,0.3746716856169664,False,8270181.40451049,2436656.801004115,30843694.353726383,3513166.883478681,21392521.365418807,-5064818.59548951,3.4348747824599473,Low,Fairly paid,57736350.0,0.2309636823249131,False,Mid-Level,119.0,147,7.079646017699115,17.206982543640898,41.852487135506
willico04,Cody Williams,UTA,SG,21.0,67.0,1631.0,-3.6,-1.9,-5.5,-1.5,cody williams,willico04,UTA,6015600.0,2.0,6015600.0,6015600.0,willico04,24.3,8.8,3.0,2.0,0.8,0.4,0.468,0.214,0.706,1.8,7.6,,0.698,0.506,0.431,0.441,0.253,0.322,0.1,0.067,0.257,,,,,,,,,,,,,2024.0,10.0,2,Rookie Scale,,,,,2.0,False,False,False,False,,,,False,128.8276,2.843527651747394,46.75816023738872,False,2.9023746701846966,2.122015915119363,1.9021739130434785,5.936675461741425,6.860158311345646,62.532981530343015,60.29023746701847,9.630606860158313,40.89709762532981,31.6622691292876,45.64643799472295,52.242744063324544,55.67282321899736,55.27704485488126,4.607046070460704,21.63588390501319,42.17506631299735,12.3342175066313,2.122015915119363,12.46684350132626,17.639257294429708,,44.51038575667656,2.2346648531072395,3,44.88778054862843,True,Guard,5.294117647058823,4.142011834319527,3.7037037037037033,9.411764705882351,11.176470588235295,65.88235294117646,62.05882352941177,10.294117647058822,44.11764705882353,53.8235294117647,31.176470588235293,47.647058823529406,78.52941176470588,75.88235294117646,1.7647058823529411,11.76470588235294,22.7810650887574,19.82248520710059,3.2544378698224854,10.059171597633137,15.384615384615383,,61.15107913669065,-42.65311569552119,0.0497833670053335,True,13365389.619853828,4894300.138986052,23110547.099564187,7056592.113836168,16028977.168690436,7349789.619853828,1.3629417082999604,Medium,Leaning underpaid,41240250.0,0.1458672049757215,False,Rookie Scale,133.0,178,6.784660766961652,85.53615960099751,73.41337907375643
caldwke01,Kentavious Caldwell-Pope,MEM,SG,32.0,51.0,1088.0,-2.3,-0.2,-2.5,-0.1,kentavious caldwell pope,caldwke01,MEM,20194392.0,1.0,17744971.0,20194392.0,caldwke01,21.3,8.4,2.5,2.7,0.8,0.2,0.41,0.316,0.913,1.6,7.2,,0.649,0.475,0.455,0.444,0.101,0.161,0.09,0.172,0.475,,,,,,,,,,,,,2013.0,8.0,13,Veteran,,,,,13.0,False,False,False,False,,,,False,37.0872,1.22715,,True,20.58047493403694,48.01061007957559,30.978260869565215,18.46965699208443,44.72295514511873,30.87071240105541,23.614775725593667,90.63324538258574,36.93931398416886,20.58047493403694,62.796833773087066,52.242744063324544,24.406332453825858,13.984168865435356,21.40921409214092,98.54881266490764,62.9973474801061,16.312997347480106,49.20424403183024,73.87267904509284,81.43236074270557,,,34.76594533943704,3,78.30423940149626,True,Guard,27.941176470588236,50.29585798816568,36.41975308641975,24.41176470588235,52.94117647058824,33.52941176470588,26.176470588235297,93.23529411764706,39.11764705882353,37.05882352941177,49.411764705882355,47.647058823529406,40.294117647058826,21.764705882352946,19.705882352941178,97.94117647058825,37.8698224852071,26.035502958579883,52.66272189349112,72.7810650887574,81.06508875739645,,,-43.53829406205922,0.4439854802902628,False,9372554.529988095,2358995.6309988117,30972376.378668632,3401195.164489611,21481772.443332963,-10821837.470011905,3.05289029326204,Low,Fairly paid,57736350.0,0.3497691142581753,False,Mid-Level,113.0,147,6.489675516224189,7.98004987531172,50.60034305317325
stewais01,Isaiah Stewart,DET,C,24.0,58.0,1317.0,-1.1,1.1,0.0,0.7,isaiah stewart,stewais01,MEM,15000000.0,2.0,15000000.0,15000000.0,stewais01,22.7,10.0,5.0,1.1,0.3,1.6,0.55,0.333,0.756,2.3,6.9,,0.764,0.515,0.667,0.0,0.358,0.333,0.007,0.002,0.299,11.8,4.0,2.4,0.2,0.1,1.0,0.588,0.5,0.706,14.0,165.0,-1.3,2020.0,16.0,6,Veteran,,,,,6.0,False,False,True,False,,,,False,143.2716,3.916307972665148,77.13649851632047,False,57.65171503957783,22.811671087533156,11.141304347826086,40.23746701846966,83.64116094986808,44.06332453825858,39.050131926121374,36.01583113456465,49.20844327176781,68.60158311345647,15.8311345646438,3.825857519788918,97.75725593667546,88.39050131926122,35.09485094850949,38.39050131926121,6.23342175066313,85.80901856763926,19.76127320954907,4.641909814323608,3.4482758620689653,,87.53709198813057,27.145294548154173,3,70.69825436408978,True,Big,50.0,19.014084507042252,5.714285714285714,31.338028169014088,78.87323943661971,52.816901408450704,37.32394366197183,32.3943661971831,51.056338028169016,41.19718309859155,27.11267605633803,4.929577464788732,94.01408450704226,71.83098591549296,40.15151515151515,59.154929577464785,13.028169014084506,74.64788732394366,16.901408450704224,7.042253521126761,3.5211267605633805,,74.81481481481481,-43.55295981593561,0.38395989819435,False,10775567.22550374,2551060.9127265085,19584658.732761834,3678114.5020646392,13583497.021148058,-4224432.774496259,1.5807611296526465,High,Leaning overpaid,41240250.0,0.363722334369942,False,Mid-Level,117.0,147,6.1946902654867255,20.448877805486283,60.548885077186966
martica02,Caleb Martin,DAL,SF,30.0,58.0,856.0,-4.0,1.7,-2.2,0.0,caleb martin,martica02,DAL,10001493.0,2.0,10001493.0,10001493.0,martica02,14.8,3.9,2.5,1.4,0.7,0.3,0.45,0.351,0.607,1.1,3.3,,0.729,0.353,0.188,0.304,0.312,0.18,0.085,0.122,0.302,,,,,,,,,,,,,,,7,Veteran,,,,,7.0,True,False,False,False,,,,False,59.71679999999999,2.5114542056074765,53.605341246290806,True,26.781002638522427,8.753315649867375,11.956521739130435,3.95778364116095,93.00791556728232,17.150395778364118,39.050131926121374,82.58575197889182,3.562005277044855,20.58047493403694,26.2532981530343,41.42480211081794,40.89709762532981,41.029023746701846,47.5609756097561,7.651715039577836,48.27586206896552,11.671087533156498,18.30238726790451,55.437665782493376,17.639257294429708,,56.676557863501486,14.461439680504784,3,58.35411471321695,True,Wing,23.88059701492537,7.575757575757576,12.12121212121212,2.9850746268656714,96.26865671641792,13.432835820895525,35.07462686567165,81.34328358208955,6.7164179104477615,15.671641791044776,26.119402985074625,29.1044776119403,43.28358208955223,37.3134328358209,43.28358208955223,5.970149253731343,51.51515151515152,6.0606060606060606,21.96969696969697,63.63636363636363,16.666666666666664,,57.14285714285714,-43.89267503271216,0.2478221073454025,False,7019114.171537896,2408180.170943655,19303130.124532063,3472109.3354315967,13388234.848677322,-2982378.8284621043,2.40699175717877,Medium,Fairly paid,49488300.0,0.202098132285813,False,Mid-Level,129.0,147,5.899705014749262,23.19201995012469,30.18867924528302
grantje01,Jerami Grant,POR,PF,31.0,57.0,1695.0,0.9,-0.9,0.0,0.9,jerami grant,grantje01,MEM,34206898.0,2.0,34206898.0,34206898.0,grantje01,29.7,18.6,3.5,2.1,0.7,0.6,0.453,0.389,0.814,5.6,12.8,,0.684,0.418,0.227,0.368,0.234,0.2,0.06,0.026,0.479,22.4,10.4,1.8,0.4,1.0,0.2,0.349,0.333,0.944,5.0,112.0,-1.6,2014.0,39.0,12,Veteran,,,,,12.0,False,False,True,True,,,,False,170.7264,3.626047433628319,50.82344213649852,False,57.65171503957783,34.217506631299734,43.20652173913043,71.76781002638522,24.670184696569923,64.5118733509235,36.80738786279684,87.20316622691293,85.62005277044855,43.66754617414248,48.15303430079156,41.42480211081794,73.87862796833772,44.19525065963061,80.21680216802169,64.77572559366754,55.83554376657824,72.41379310344827,12.9973474801061,14.854111405835544,40.84880636604775,,52.52225519287834,43.44693939880577,3,87.78054862842892,True,Big,50.0,31.690140845070424,37.142857142857146,69.71830985915493,18.30985915492958,64.7887323943662,35.563380281690144,84.85915492957746,88.73239436619718,19.014084507042252,64.43661971830986,52.112676056338024,48.59154929577465,23.943661971830984,82.57575757575758,82.3943661971831,84.15492957746478,59.50704225352113,11.971830985915492,16.901408450704224,43.66197183098591,,32.592592592592595,-44.33360922962315,0.4949495084920771,False,14422410.97573963,4157263.3779309383,35208742.90768595,5993933.991535898,24420024.92516631,-19784487.024260372,2.1530019898883506,Medium,Leaning overpaid,57736350.0,0.5924672758149762,False,Mid-Level,98.0,147,5.604719764011799,2.493765586034913,76.84391080617495
johnstr03,Tre Johnson,WAS,SG,19.0,60.0,1443.0,-2.1,-2.9,-5.0,-1.1,tre johnson,johnstr03,WAS,8649600.0,3.0,8649600.0,8649600.0,johnstr03,24.1,12.2,2.8,2.0,0.6,0.3,0.419,0.358,0.874,1.5,10.8,,0.674,0.409,0.458,0.511,0.071,0.178,0.185,0.07,0.496,,,,,,,,,,,,,2025.0,6.0,1,Rookie Scale,,,,,1.0,False,False,False,False,,,,False,46.008,1.1478087318087318,20.207715133531163,True,4.485488126649076,20.689655172413794,1.6304347826086956,22.427440633245386,1.4511873350923483,52.90237467018469,42.480211081794195,1.58311345646438,61.74142480211082,27.440633245382585,45.64643799472295,28.49604221635884,40.89709762532981,19.656992084432716,53.65853658536586,88.65435356200527,48.80636604774536,17.50663129973475,35.94164456233422,32.228116710875334,43.50132625994695,,11.275964391691394,9.491405764795704,3,54.3640897755611,True,Guard,8.823529411764707,24.2603550295858,3.0864197530864197,28.823529411764703,2.6470588235294117,54.11764705882353,45.0,2.3529411764705883,61.76470588235294,49.11764705882353,31.176470588235293,24.11764705882353,61.47058823529412,29.705882352941178,51.76470588235295,80.88235294117648,26.627218934911244,28.10650887573964,38.46153846153847,32.544378698224854,39.94082840236686,,20.14388489208633,-44.8726840107654,0.174589619801976,True,13472408.921343712,4484514.961644151,23110547.099564187,6465764.667892715,16028977.168690436,4822808.921343712,1.382531679869936,Medium,Fairly paid,41240250.0,0.2097368468910833,False,Rookie Scale,128.0,178,5.3097345132743365,73.56608478802993,73.92795883361921
baileac01,Ace Bailey,UTA,SF,19.0,72.0,1988.0,-1.9,-2.5,-4.4,-1.2,ace bailey,baileac01,UTA,9523080.0,3.0,9523080.0,9523080.0,baileac01,27.6,13.8,4.2,1.8,0.8,0.7,0.443,0.344,0.75,1.2,12.4,,0.692,0.569,0.391,0.391,0.146,0.161,0.103,0.143,0.446,,,,,,,,,,,,,2025.0,5.0,1,Rookie Scale,,,,,1.0,False,False,False,False,,,,False,130.3488,2.360441046277666,39.02818991097923,False,6.860158311345646,20.159151193633953,7.336956521739131,25.32981530343008,2.5065963060686016,78.62796833773086,76.38522427440633,1.58311345646438,70.05277044854881,58.575197889182064,39.97361477572559,52.242744063324544,79.15567282321899,36.80738786279684,42.81842818428184,37.071240105540895,26.12732095490716,17.50663129973475,5.835543766578249,35.94164456233422,9.946949602122016,,32.34421364985163,12.026079971101318,3,57.60598503740648,True,Wing,3.731343283582089,22.727272727272727,7.575757575757576,24.62686567164179,4.477611940298507,73.13432835820896,74.6268656716418,3.731343283582089,58.95522388059702,53.73134328358209,41.7910447761194,43.28358208955223,86.56716417910447,32.83582089552239,35.82089552238806,30.597014925373134,22.727272727272727,12.12121212121212,3.0303030303030303,33.33333333333333,7.575757575757576,,23.809523809523807,-45.579905066305166,0.2087644185459579,True,13797371.744404389,4903960.902262266,24515771.39447993,7070520.98293137,17003610.440808725,4274291.744404389,1.421416401291888,Medium,Fairly paid,41240250.0,0.2309171258661138,False,Rookie Scale,125.0,178,5.014749262536873,67.58104738154613,75.47169811320755
dilliro01,Rob Dillingham,CHI,PG,21.0,65.0,970.0,-6.3,-0.9,-7.3,-1.3,rob dillingham,dilliro01,CHI,6889320.0,2.0,6889320.0,6889320.0,dilliro01,14.9,6.3,2.0,2.2,0.7,0.1,0.396,0.316,0.745,0.8,6.3,,0.564,0.324,0.45,0.361,0.245,0.248,0.097,0.087,0.323,,,,,,,,,,,,,2024.0,8.0,2,Rookie Scale,,,,,2.0,False,False,False,False,,,,False,100.3275,3.723494845360825,31.36498516320475,False,0.395778364116095,1.326259946949602,2.717391304347826,0.2638522427440633,24.670184696569923,24.80211081794195,54.74934036939314,9.630606860158313,20.976253298153033,10.554089709762533,50.52770448548812,41.42480211081794,9.366754617414248,8.047493403693931,21.40921409214092,34.96042216358839,81.83023872679045,2.3872679045092835,9.416445623342176,19.363395225464192,21.485411140583555,,21.068249258160236,1.615313810265559,3,47.880299251870326,True,Guard,0.8823529411764706,2.9585798816568047,4.938271604938271,0.5882352941176471,27.941176470588236,27.058823529411764,57.35294117647059,10.294117647058822,20.294117647058822,20.588235294117645,35.88235294117647,37.94117647058823,16.76470588235294,13.823529411764708,19.705882352941178,21.470588235294116,63.01775147928994,4.733727810650888,10.059171597633137,17.75147928994083,18.34319526627219,,32.37410071942446,-46.264985441604765,0.0337365019748171,True,10154615.106489304,2586289.222435178,23544763.51342617,3728906.608272795,16330140.3109596,3265295.1064893026,2.063935862778047,Medium,Fairly paid,41240250.0,0.1670533035081019,False,Rookie Scale,134.0,178,4.71976401179941,57.85536159600998,57.289879931389365
kuminjo01,Jonathan Kuminga,ATL,PF,23.0,36.0,830.0,-1.5,-0.5,-2.0,0.0,jonathan kuminga,kuminjo01,ATL,24300000.0,1.0,,24300000.0,kuminjo01,23.1,12.2,5.6,2.3,0.6,0.3,0.463,0.333,0.724,3.4,9.4,,0.609,0.511,0.409,0.3,0.271,0.26,0.13,0.029,0.31,26.0,13.7,3.3,1.0,0.5,0.5,0.483,0.208,0.731,6.0,156.0,-1.4,2021.0,7.0,5,Veteran,,,,,5.0,False,False,True,False,,,,False,91.70640000000002,3.977626987951808,38.30860534124629,True,28.62796833773087,52.254641909814325,23.91304347826087,32.45382585751979,36.93931398416886,15.699208443271766,5.936675461741425,25.593667546174142,61.74142480211082,77.9683377308707,52.770448548812666,28.49604221635884,40.89709762532981,51.97889182058047,35.09485094850949,27.70448548812665,66.3129973474801,33.28912466843501,75.9946949602122,49.07161803713528,85.0132625994695,,31.60237388724035,35.719874104960915,3,82.04488778054862,True,Big,19.718309859154928,48.59154929577465,18.571428571428573,25.0,28.52112676056338,16.901408450704224,5.985915492957746,23.591549295774648,66.19718309859155,54.22535211267606,70.77464788732394,39.08450704225352,15.845070422535212,29.929577464788732,40.15151515151515,45.774647887323944,89.43661971830986,24.295774647887324,71.12676056338029,49.647887323943664,83.80281690140845,,17.40740740740741,-46.325013675587705,0.4353698941060586,False,16144467.91379826,2402546.089094478,30115840.06731116,3463986.127533307,20887697.326038912,-8155532.08620174,1.7165814399204105,High,Leaning overpaid,41240250.0,0.589230181679306,False,Mid-Level,111.0,147,4.424778761061947,10.473815461346634,81.30360205831903
hawkijo01,Jordan Hawkins,NOP,SG,23.0,51.0,692.0,-3.2,-3.0,-6.2,-0.7,jordan hawkins,hawkijo01,NOP,7021895.0,1.0,7021895.0,7021895.0,hawkijo01,13.6,5.1,1.7,0.8,0.3,0.2,0.366,0.348,0.852,0.5,5.0,,0.63,0.176,0.357,0.34,0.105,0.066,0.109,0.195,0.525,,,,,,,,,,,,,2023.0,14.0,3,Rookie Scale,,,,,3.0,False,False,False,False,,,,False,26.775,1.3929190751445086,,True,1.4511873350923483,0.7957559681697612,0.2717391304347826,8.311345646437996,0.9234828496042216,8.970976253298153,23.614775725593667,25.593667546174142,10.15831134564644,5.408970976253298,6.992084432717678,3.825857519788918,24.406332453825858,2.5065963060686016,45.52845528455284,81.26649076517151,29.310344827586203,3.4482758620689653,1.5915119363395225,8.488063660477453,24.27055702917772,,,0.763107495749791,3,48.37905236907731,True,Guard,3.2352941176470593,1.7751479289940828,0.6172839506172839,11.76470588235294,1.7647058823529411,10.0,26.176470588235297,27.35294117647059,10.588235294117649,9.117647058823527,2.941176470588235,2.0588235294117645,40.294117647058826,4.705882352941177,42.35294117647059,70.0,13.905325443786982,6.508875739644971,2.366863905325444,5.621301775147929,22.7810650887574,,,-47.615944873327514,0.015773510608024,True,9242732.428256908,2657172.5657241344,24617008.186186977,3831106.0703104497,17073826.09671305,2220837.4282569066,2.37590299090853,Low,Fairly paid,41240250.0,0.1702680027400415,False,Rookie Scale,137.0,178,4.129793510324483,49.62593516209476,48.713550600343055
manntr01,Tre Mann,CHO,PG,24.0,53.0,669.0,-4.5,-0.8,-5.3,-0.5,tre mann,manntr01,CHO,8000000.0,2.0,8000000.0,8000000.0,manntr01,12.6,5.5,1.7,1.6,0.5,0.1,0.36,0.323,0.852,0.5,5.7,,0.595,0.327,0.341,0.333,0.122,0.172,0.135,0.059,0.512,,,,,,,,,,,,,2021.0,18.0,5,Veteran,,,,,5.0,False,False,False,False,,,,False,36.8562,1.983293273542601,,True,3.430079155672823,6.10079575596817,2.4456521739130435,2.638522427440633,28.100263852242747,7.651715039577836,26.912928759894463,36.01583113456465,13.720316622691293,5.408970976253298,34.56464379947229,16.75461741424802,9.366754617414248,2.1108179419525066,26.96476964769648,81.26649076517151,94.42970822281168,1.5915119363395225,4.376657824933687,29.973474801061005,0.2652519893899204,,,4.06243776262366,3,51.87032418952619,True,Guard,6.470588235294119,7.6923076923076925,4.320987654320987,4.705882352941177,32.64705882352941,8.235294117647058,30.88235294117647,38.82352941176471,14.705882352941178,9.117647058823527,22.647058823529413,11.470588235294118,16.76470588235294,4.117647058823529,25.0,70.0,88.16568047337277,2.9585798816568047,5.029585798816568,29.88165680473373,0.591715976331361,,,-47.80788642690253,0.0783191126351965,False,7682427.411215295,2657172.5657241344,24690048.516623553,3831106.0703104497,17124485.29504008,-317572.5887847049,2.867957583137646,Medium,Fairly paid,41240250.0,0.1939852449973023,False,Mid-Level,135.0,147,3.834808259587021,34.1645885286783,35.67753001715266
kispeco01,Corey Kispert,ATL,SF,26.0,58.0,1080.0,0.1,-2.0,-1.9,0.0,corey kispert,kispeco01,ATL,13975000.0,3.0,27025000.0,13975000.0,kispeco01,18.6,9.2,2.3,1.6,0.3,0.2,0.467,0.367,0.794,1.7,6.8,,0.75,0.389,0.636,,0.234,0.137,0.028,0.0,0.602,10.8,2.2,1.6,1.2,0.4,0.0,0.182,0.083,0.667,5.0,54.0,-12.8,2021.0,15.0,5,Veteran,,,,,5.0,False,False,True,True,,,,False,92.2896,3.07632,65.51928783382789,True,29.551451187335093,18.56763925729443,14.130434782608695,58.443271767810025,5.540897097625329,29.947229551451187,39.050131926121374,55.8047493403694,43.403693931398415,15.699208443271766,34.56464379947229,3.825857519788918,24.406332453825858,54.089709762532976,61.65311653116531,57.12401055408971,20.159151193633953,77.05570291777188,9.416445623342176,3.050397877984085,39.257294429708224,,73.59050445103857,19.649640561797447,3,67.58104738154613,True,Wing,28.35820895522388,21.21212121212121,13.636363636363637,55.223880597014926,6.7164179104477615,17.91044776119403,35.07462686567165,55.970149253731336,30.597014925373134,11.940298507462686,37.3134328358209,7.462686567164178,24.62686567164179,53.73134328358209,58.2089552238806,50.0,12.12121212121212,81.81818181818183,10.606060606060606,1.5151515151515151,40.909090909090914,,79.36507936507937,-47.93140681974868,0.2907566739956006,False,8265191.54257851,2219097.500728235,17610802.011524048,3199490.321146616,12214472.558737902,-5709808.45742149,1.8622320404197223,High,Leaning overpaid,41240250.0,0.3388679748546626,False,Mid-Level,125.0,147,3.5398230088495577,16.458852867830423,41.680960548885075
leverca01,Caris LeVert,DET,SG,31.0,60.0,1154.0,-1.8,1.5,-0.4,0.5,caris levert,leverca01,MIL,14809200.0,1.0,14809200.0,14809200.0,leverca01,19.2,7.4,2.0,2.7,0.9,0.7,0.417,0.333,0.679,1.4,6.5,,0.627,0.447,0.415,0.1,0.192,0.217,0.105,0.026,0.46,16.6,5.9,2.2,1.2,0.6,0.5,0.446,0.37,0.9,13.0,216.0,1.7,2016.0,20.0,10,Veteran,,,,,10.0,False,False,True,False,,,,False,74.88,2.3359445407279025,22.87833827893175,True,52.770448548812666,17.771883289124666,4.3478260869565215,26.912928759894463,90.50131926121372,34.56464379947229,42.480211081794195,87.20316622691293,29.551451187335093,10.554089709762533,62.796833773087066,63.58839050131926,79.15567282321899,17.54617414248021,35.09485094850949,15.963060686015831,73.47480106100795,10.079575596816976,51.45888594164456,41.51193633952255,1.4588859416445623,,13.649851632047476,21.48750315323361,3,69.9501246882793,True,Guard,58.235294117647065,20.710059171597635,7.4074074074074066,32.94117647058823,92.3529411764706,37.05882352941177,45.0,90.0,31.176470588235293,20.588235294117645,49.411764705882355,57.35294117647059,95.2941176470588,26.764705882352946,34.705882352941174,8.529411764705882,50.591715976331365,15.384615384615383,54.142011834319526,39.64497041420118,2.0710059171597637,,22.302158273381295,-48.46262153504569,0.3071832001585268,False,11678547.373681745,2339187.5327483746,25375243.433997333,3372635.888201932,17599721.71585561,-3130652.6263182573,1.9725103785734512,High,Fairly paid,57736350.0,0.2564969901976831,False,Mid-Level,123.0,147,3.2448377581120944,22.9426433915212,66.20926243567753
jovicni01,Nikola Jović,MIA,PF,22.0,47.0,808.0,-3.5,-0.1,-3.5,-0.3,nikola jovic,jovicni01,MIA,16200000.0,4.0,62400000.0,16200000.0,jovicni01,17.2,7.3,3.3,2.2,0.6,0.4,0.366,0.269,0.683,2.1,6.7,,0.633,0.411,0.25,0.0,0.191,0.232,0.025,0.019,0.532,,,,,,,,,,,,,2022.0,27.0,4,Rookie Scale,,,,,4.0,False,False,False,False,,,,False,60.145900000000005,2.6797678217821788,27.566765578635017,True,11.87335092348285,33.95225464190981,22.282608695652172,6.728232189973616,48.54881266490765,14.24802110817942,17.018469656992085,16.62269129287599,28.49604221635884,38.52242744063325,50.52770448548812,28.49604221635884,55.67282321899736,2.5065963060686016,9.214092140921409,17.018469656992085,51.591511936339515,3.183023872679045,53.44827586206896,14.854111405835544,28.912466843501328,,18.694362017804153,24.056411482456458,3,72.81795511221945,True,Big,5.985915492957746,30.985915492957744,15.0,4.225352112676056,38.028169014084504,15.492957746478872,18.661971830985916,15.140845070422534,31.690140845070424,15.845070422535212,67.6056338028169,39.08450704225352,26.76056338028169,1.4084507042253522,15.909090909090908,29.225352112676056,77.11267605633803,1.4084507042253522,46.478873239436616,16.901408450704224,32.3943661971831,,10.37037037037037,-48.761543629763,0.3303637330296246,True,11527271.827701977,2420361.228136929,31263438.826079905,3489671.9592362843,21683647.08109549,-4672728.172298025,2.5021599237929135,Low,Fairly paid,41240250.0,0.3928201211195373,False,Rookie Scale,96.0,178,2.949852507374631,18.952618453865338,65.18010291595198
schrode01,Dennis Schröder,CLE,PG,32.0,70.0,1697.0,-0.9,-1.3,-2.2,-0.1,dennis schroder,schrode01,CLE,14809200.0,2.0,14809200.0,14809200.0,schrode01,24.2,10.8,2.7,4.9,0.8,0.2,0.405,0.329,0.834,2.9,9.0,,0.579,0.416,0.4,0.404,0.151,0.245,0.159,0.083,0.362,15.9,5.5,1.5,2.4,0.4,0.2,0.381,0.333,0.792,17.0,271.0,-3.6,2013.0,17.0,13,Veteran,,,,,13.0,False,False,True,False,,,,False,95.13,2.018078962875663,12.611275964391693,True,26.781002638522427,16.976127320954905,8.152173913043478,44.9868073878628,14.24802110817942,64.90765171503958,70.97625329815304,90.63324538258574,53.95778364116095,25.593667546174142,87.20316622691293,52.242744063324544,24.406332453825858,11.87335092348285,30.89430894308943,74.67018469656992,93.89920424403184,13.660477453580905,26.790450928381965,14.854111405835544,9.946949602122016,,4.451038575667656,16.118363622380002,3,69.9501246882793,True,Guard,35.88235294117647,19.526627218934912,12.962962962962962,52.94117647058824,19.705882352941178,67.64705882352942,72.35294117647058,93.23529411764706,54.41176470588235,45.588235294117645,79.41176470588235,47.647058823529406,40.294117647058826,18.235294117647054,29.411764705882355,62.94117647058823,86.98224852071006,21.89349112426036,30.17751479289941,13.017751479289942,10.650887573964498,,7.913669064748201,-53.8317610658993,0.2304265173823308,False,14621390.198435564,4208879.068064917,27618574.300298296,6068353.3899394255,19155647.63499729,-187809.8015644364,1.6010581014887444,High,Fairly paid,57736350.0,0.2564969901976831,False,Mid-Level,128.0,147,2.6548672566371683,34.66334164588529,77.87307032590051
risacza01,Zaccharie Risacher,ATL,SF,20.0,67.0,1503.0,-2.3,-0.2,-2.5,-0.2,zaccharie risacher,risacza01,DAL,13826040.0,2.0,13826040.0,13826040.0,risacza01,22.4,9.6,3.8,1.1,0.9,0.5,0.455,0.368,0.644,1.3,8.0,,0.635,0.467,0.36,0.324,0.297,0.112,0.047,0.063,0.481,7.7,3.7,3.0,0.0,0.0,0.0,0.357,0.2,,3.0,23.0,-6.9,2024.0,1.0,2,Rookie Scale,,,,,2.0,False,False,True,True,,,,False,159.19199999999998,3.812982035928143,40.18545994065282,False,20.58047493403694,11.405835543766578,7.065217391304348,18.46965699208443,44.72295514511873,56.99208443271768,60.29023746701847,4.749340369393139,46.96569920844328,49.86807387862797,15.8311345646438,63.58839050131926,66.75461741424802,45.51451187335092,62.737127371273715,10.686015831134563,17.771883289124666,34.217506631299734,8.355437665782492,29.973474801061005,14.588859416445624,,33.82789317507419,12.071763584160832,3,66.58354114713218,True,Wing,18.65671641791045,10.606060606060606,6.0606060606060606,15.671641791044776,46.26865671641791,44.776119402985074,56.71641791044776,9.701492537313433,34.32835820895522,44.776119402985074,12.686567164179104,58.2089552238806,73.13432835820896,45.52238805970149,61.19402985074627,10.44776119402985,9.090909090909092,30.303030303030305,8.333333333333332,25.0,12.12121212121212,,28.57142857142857,-54.511777562971346,0.1813025167508798,True,13354353.508465458,4330992.202117831,22899067.831823494,6244415.861443704,15882299.7084095,-471686.4915345423,1.3904136668192268,Medium,Fairly paid,41240250.0,0.3352559695928128,False,Rookie Scale,124.0,178,2.359882005899705,33.16708229426434,73.2418524871355
huntede01,De'Andre Hunter,SAC,SF,28.0,45.0,1176.0,-2.5,-1.5,-3.9,-0.6,deandre hunter,huntede01,SAC,24910714.0,1.0,24910714.0,24910714.0,huntede01,26.1,13.7,4.1,2.0,0.7,0.1,0.415,0.305,0.867,3.2,11.1,,0.687,0.432,0.5,0.469,0.134,0.176,0.136,0.064,0.491,,,,,,,,,,,,,2019.0,4.0,7,Veteran,,,,,7.0,False,False,False,False,,,,False,66.933,2.0489693877551023,32.97477744807122,True,9.102902374670183,42.44031830238727,22.01086956521739,15.03957783641161,11.213720316622693,36.93931398416886,14.907651715039576,72.16358839050132,69.26121372031663,56.72823218997362,45.64643799472295,41.42480211081794,9.366754617414248,16.358839050131927,17.344173441734416,86.54353562005277,47.214854111405835,26.392572944297083,51.45888594164456,59.15119363395226,74.80106100795756,,23.738872403560833,26.444921044019296,3,82.29426433915212,True,Wing,7.462686567164178,45.45454545454545,19.696969696969695,11.940298507462686,16.417910447761194,23.88059701492537,8.208955223880597,68.65671641791045,56.71641791044776,50.74626865671642,50.0,29.1044776119403,8.955223880597014,11.940298507462686,10.44776119402985,85.07462686567165,50.0,19.696969696969695,61.36363636363637,68.93939393939394,81.81818181818183,,20.634920634920633,-55.849343295132826,0.3213458587470223,False,11436979.663340552,3031815.2747086342,30314815.057824414,4371265.175933656,21025702.08924661,-13473734.336659448,2.3855074142141888,Medium,Leaning overpaid,49488300.0,0.5033657248278887,False,Mid-Level,118.0,147,2.0648967551622417,6.234413965087282,64.32246998284734
mannte01,Terance Mann,BRK,SG,29.0,63.0,1529.0,-2.7,-0.7,-3.4,-0.6,terance mann,mannte01,BRK,15500000.0,2.0,31500000.0,15500000.0,mannte01,24.3,7.2,3.2,3.0,0.7,0.2,0.457,0.364,0.788,1.3,5.8,,0.686,0.389,0.439,0.467,0.234,0.196,0.111,0.041,0.418,,,,,,,,,,,,,2019.0,48.0,7,Veteran,,,,,7.0,False,False,False,False,,,,False,85.5036,2.0131652060170047,31.899109792284868,True,12.796833773087071,19.628647214854112,6.7934782608695645,13.324538258575195,30.606860158311346,58.31134564643799,48.284960422163586,77.57255936675462,27.572559366754614,35.75197889182058,67.67810026385224,41.42480211081794,24.406332453825858,47.75725593667546,60.16260162601627,54.221635883905016,72.67904509283821,37.798408488063664,28.381962864721483,41.51193633952255,64.85411140583554,,21.958456973293767,13.107505496668146,3,72.06982543640898,True,Guard,19.11764705882353,23.076923076923077,11.11111111111111,17.941176470588236,36.17647058823529,61.1764705882353,51.17647058823529,82.35294117647058,28.235294117647054,58.82352941176471,55.00000000000001,37.94117647058823,40.294117647058826,66.47058823529412,57.35294117647059,40.0,49.11242603550296,47.928994082840234,31.65680473372781,39.64497041420118,61.834319526627226,,33.81294964028777,-58.96231993974083,0.181872308102558,False,14841679.408297772,5834479.723094281,23251455.675942317,8412141.150553469,16126708.319056852,-658320.5917022284,1.1735178663885202,High,Fairly paid,49488300.0,0.3132053434852278,False,Mid-Level,130.0,147,1.7699115044247788,32.16957605985037,78.21612349914237
trentga02,Gary Trent Jr.,MIL,SG,27.0,65.0,1377.0,-3.2,-2.2,-5.4,-1.2,gary trent,trentga02,MIL,15200000.0,4.0,64000000.0,15200000.0,trentga02,21.2,8.1,1.0,1.2,0.5,0.0,0.387,0.36,0.769,0.8,7.3,,0.611,0.375,0.515,0.425,0.038,0.085,0.07,0.085,0.723,,,,,,,,,,,,,2018.0,37.0,8,Veteran,,,,,8.0,False,False,False,False,,,,False,18.031,0.4713986928104575,,True,3.16622691292876,23.607427055702917,7.608695652173914,8.311345646437996,3.562005277044855,48.68073878627968,54.74934036939314,65.03957783641161,34.696569920844325,0.5277044854881267,18.733509234828496,16.75461741424802,1.3192612137203166,5.540897097625329,55.28455284552846,43.79947229551451,12.3342175066313,18.83289124668435,6.763925729442971,22.015915119363395,5.702917771883289,,,12.497602743686002,3,71.82044887780549,True,Guard,5.88235294117647,26.627218934911244,11.728395061728394,11.76470588235294,6.176470588235294,49.411764705882355,57.35294117647059,70.58823529411765,37.05882352941177,1.1764705882352942,10.588235294117649,11.470588235294118,2.3529411764705883,9.411764705882351,52.64705882352941,29.411764705882355,3.8461538461538463,29.585798816568047,7.396449704142012,20.118343195266274,7.100591715976331,,,-59.32284613411949,0.1740117604242391,False,12975529.272922697,3174007.8365455614,23251455.675942317,4576278.126102359,16126708.319056852,-2224470.7270773053,1.547331705481512,High,Fairly paid,49488300.0,0.3071433045790621,False,Mid-Level,131.0,147,1.4749262536873156,26.683291770573565,72.38421955403086
lavinza01,Zach LaVine,SAC,SG,30.0,39.0,1224.0,0.6,-2.2,-1.5,0.2,zach lavine,lavinza01,SAC,48967380.0,1.0,48967380.0,48967380.0,lavinza01,31.4,19.2,2.8,2.3,0.7,0.3,0.479,0.39,0.88,3.6,14.0,,0.767,0.525,0.5,0.375,0.157,0.185,0.062,0.132,0.464,,,,,,,,,,,,,2014.0,13.0,12,Veteran,,,,,12.0,False,False,False,False,,,,False,85.722,2.521235294117647,62.87833827893176,True,34.96042216358839,47.745358090185675,6.521739130434782,65.96306068601582,3.562005277044855,40.105540897097626,9.630606860158313,82.58575197889182,86.54353562005277,27.440633245382585,52.770448548812666,41.42480211081794,40.89709762532981,64.37994722955145,80.89430894308943,91.02902374670184,60.61007957559682,74.53580901856765,46.02122015915119,3.050397877984085,19.893899204244033,,69.13946587537092,29.09026699862977,3,94.76309226932668,True,Guard,42.35294117647059,49.70414201183432,10.493827160493826,69.41176470588235,6.176470588235294,40.0,10.294117647058822,87.05882352941177,88.23529411764706,49.11764705882353,37.94117647058823,37.94117647058823,61.47058823529412,84.70588235294117,77.94117647058823,85.29411764705883,35.50295857988166,85.20710059171599,49.70414201183432,2.0710059171597637,17.159763313609467,,87.05035971223022,-65.67282527069692,0.3069788701697509,False,23929927.527265705,3030105.626559356,45807196.661433615,4368800.208664581,31770883.929514404,-25037452.472734295,1.7875980186790843,High,Overpaid,57736350.0,0.8481204648371433,False,Near-Max,17.0,17,1.1799410029498525,0.997506234413965,90.2229845626072
kuzmaky01,Kyle Kuzma,MIL,PF,30.0,69.0,1806.0,-1.0,-1.3,-2.3,-0.1,kyle kuzma,kuzmaky01,MIL,20345152.0,1.0,20345152.0,20345152.0,kuzmaky01,26.2,13.0,4.5,2.7,0.7,0.4,0.492,0.347,0.726,2.7,10.0,,0.744,0.446,0.306,0.471,0.3,0.257,0.071,0.025,0.347,,,,,,,,,,,,,2017.0,27.0,9,Veteran,,,,,9.0,False,False,False,False,,,,False,207.0,4.1262458471760795,73.73887240356085,False,25.065963060686013,10.344827586206897,2.1739130434782608,42.34828496042216,14.24802110817942,70.44854881266491,67.01846965699208,82.58575197889182,65.30343007915567,62.13720316622692,62.796833773087066,41.42480211081794,55.67282321899736,71.89973614775725,44.71544715447154,28.232189973614773,52.91777188328912,55.96816976127321,3.183023872679045,1.989389920424403,25.3315649867374,,83.67952522255193,10.961018501303435,3,78.80299251870323,True,Big,16.549295774647888,11.267605633802818,1.4285714285714286,34.154929577464785,5.28169014084507,71.12676056338029,68.66197183098592,78.52112676056338,69.71830985915493,35.2112676056338,79.92957746478874,52.112676056338024,26.76056338028169,46.12676056338028,50.75757575757576,47.183098591549296,79.5774647887324,42.25352112676056,3.873239436619718,3.873239436619718,28.169014084507044,,68.14814814814815,-67.84197401739979,0.1390939373108442,False,15429825.865210377,4582592.091052833,25088217.173528995,6607172.0761593385,17400646.490330253,-4915326.134789623,1.328960239837197,High,Leaning overpaid,49488300.0,0.4111103432528497,False,Mid-Level,132.0,147,0.8849557522123894,18.204488778054863,79.7598627787307
poolejo01,Jordan Poole,NOP,PG,26.0,39.0,933.0,-0.9,-2.6,-3.5,-0.4,jordan poole,poolejo01,NOP,34044642.0,1.0,34044642.0,34044642.0,poolejo01,23.9,13.4,2.0,3.1,0.6,0.4,0.372,0.333,0.86,2.9,11.4,,0.544,0.407,0.294,0.25,0.153,0.133,0.038,0.027,0.649,,,,,,,,,,,,,2019.0,28.0,7,Veteran,,,,,7.0,False,False,False,False,,,,False,68.02380000000001,2.624712540192926,18.902077151335313,True,11.87335092348285,30.50397877984085,10.869565217391305,44.9868073878628,1.978891820580475,22.95514511873351,9.630606860158313,55.8047493403694,66.75461741424802,10.554089709762533,68.99736147757255,28.49604221635884,55.67282321899736,3.562005277044855,35.09485094850949,84.43271767810026,78.6472148541114,15.517241379310343,11.80371352785146,8.488063660477453,22.944297082228115,,9.19881305637982,18.48341672983277,3,87.53117206982543,True,Guard,18.235294117647054,35.50295857988166,16.049382716049383,52.94117647058824,3.5294117647058822,24.705882352941178,10.294117647058822,60.29411764705882,67.94117647058823,20.588235294117645,56.47058823529411,24.11764705882353,78.52941176470588,6.470588235294119,34.705882352941174,75.29411764705883,58.57988165680473,24.55621301775148,12.42603550295858,5.621301775147929,20.710059171597635,,17.26618705035971,-69.04775533999266,0.2111638207596279,False,19930526.25937977,2896471.444140676,39125213.18962689,4176126.712757981,27136404.267491333,-14114115.74062023,1.817751386691865,High,Leaning overpaid,49488300.0,0.6879331478349429,False,Mid-Level,127.0,147,0.5899705014749262,4.987531172069826,86.44939965694682
willipa01,Patrick Williams,CHI,PF,24.0,72.0,1474.0,-3.4,-1.1,-4.5,-0.9,patrick williams,willipa01,CHI,18000000.0,3.0,36000000.0,18000000.0,willipa01,20.5,7.0,3.0,1.5,0.7,0.4,0.372,0.347,0.72,1.0,6.6,,0.506,0.281,0.522,0.4,0.182,0.186,0.048,0.01,0.573,,,,,,,,,,,,,2020.0,4.0,6,Veteran,,,,,6.0,False,False,False,False,,,,False,86.48639999999999,2.112286567164179,11.409495548961424,True,6.200527704485488,2.3872679045092835,3.804347826086957,7.12401055408971,18.601583113456467,55.8047493403694,76.38522427440633,36.01583113456465,26.385224274406333,31.6622691292876,30.738786279683374,41.42480211081794,55.67282321899736,3.562005277044855,44.71544715447154,26.781002638522427,34.350132625994696,5.570291777188329,10.875331564986736,34.217506631299734,5.702917771883289,,3.560830860534125,3.8719878250949624,3,74.81296758104739,True,Big,2.112676056338028,1.4084507042253522,2.142857142857143,4.929577464788732,11.267605633802818,59.154929577464785,75.70422535211267,32.3943661971831,29.929577464788732,11.267605633802818,43.66197183098591,52.112676056338024,26.76056338028169,2.112676056338028,50.75757575757576,45.07042253521127,53.52112676056338,2.8169014084507045,9.859154929577464,35.91549295774648,6.338028169014084,,2.2222222222222223,-70.94097975595243,0.0517555705954359,False,13263370.937192468,5303036.989811954,23110547.099564187,7645908.084713636,16028977.168690436,-4736629.062807532,1.342608164551692,High,Leaning overpaid,41240250.0,0.4364668012439304,False,Mid-Level,136.0,147,0.2949852507374631,18.453865336658353,73.07032590051458
terryda01,Dalen Terry,PHI,SG,23.0,48.0,551.0,-2.4,0.8,-1.7,0.0,dalen terry,,,,,,,terryda01,11.5,3.7,1.8,1.4,0.6,0.3,0.439,0.364,0.533,0.6,3.2,,0.615,0.276,0.75,0.25,0.335,0.187,0.026,0.026,0.426,5.6,1.9,0.6,1.0,0.7,0.0,0.308,0.4,0.429,7.0,39.0,1.8,2022.0,18.0,4,Rookie Scale,,,,,4.0,False,True,True,True,,,,False,51.45600000000001,3.361916515426498,33.27151335311573,True,31.266490765171508,7.427055702917771,41.30434782608695,16.490765171503956,77.04485488126649,2.9023746701846966,18.46965699208443,25.593667546174142,2.5065963060686016,7.387862796833773,26.2532981530343,28.49604221635884,40.89709762532981,33.37730870712401,60.16260162601627,2.9023746701846966,54.11140583554377,16.312997347480106,15.251989389920425,76.92307692307693,69.09814323607428,,24.33234421364985,26.09089901466965,3,,True,Guard,39.11764705882353,9.467455621301776,46.2962962962963,21.764705882352946,80.58823529411765,3.5294117647058822,19.11764705882353,27.35294117647059,2.3529411764705883,13.529411764705882,16.76470588235294,24.11764705882353,61.47058823529412,48.23529411764706,57.35294117647059,1.7647058823529411,28.402366863905325,26.035502958579883,15.680473372781064,76.33136094674556,67.15976331360946,,37.410071942446045,,,True,5860529.1586942,1953853.5131903156,19390067.482452005,2817062.072459297,13448532.725625088,,2.9751944742728145,Low,Unknown,41240250.0,,False,Unknown,20.0,182,,,19.210977701543737
tillmxa01,Xavier Tillman Sr.,CHO,C,27.0,30.0,183.0,-2.8,1.0,-1.8,0.0,xavier tillman,,,,,,,tillmxa01,6.1,1.5,1.4,0.4,0.3,0.2,0.435,0.167,0.25,0.1,1.5,,0.667,0.571,0.5,,0.261,0.304,0.043,0.0,0.391,,,,,,,,,,,,,2020.0,35.0,6,Veteran,,,,,6.0,False,True,False,False,,,,False,11.745,2.3104918032786883,,True,,,,,,,,,,,,,,,,,,,,,,,,,0,,False,Big,,,,,,,,,,,,,,,,,,,,,,,,,,False,3984579.8016183353,1892339.4867431903,18400346.0473915,2728371.2726329053,12762083.27821034,,4.142973006574894,Low,Unknown,41240250.0,,False,Unknown,,182,,,3.430531732418525
plumlma01,Mason Plumlee,SAS,C,35.0,20.0,172.0,-2.0,2.6,0.5,0.1,mason plumlee,,,,,,,plumlma01,8.6,1.6,2.7,1.0,0.5,0.0,0.786,,0.643,0.7,0.7,,0.917,0.0,,,0.857,0.143,0.0,0.0,0.0,3.0,0.7,0.7,0.3,0.0,0.5,0.667,,,6.0,18.0,3.2,2013.0,22.0,13,Veteran,,,,,13.0,False,True,True,True,,,,False,11.998,2.5112093023255815,,True,,,,,,,,,,,,,,,,,,,,,,,,,0,,False,Big,,,,,,,,,,,,,,,,,,,,,,,,,,False,3842934.4757679375,1777522.0335767334,24881697.175232142,2562827.699182784,17257408.67240596,,6.012117897752727,Low,Unknown,57736350.0,,False,Unknown,,182,,,1.8867924528301887
coffeam01,Amir Coffey,PHO,SG,28.0,46.0,490.0,-2.2,-0.9,-3.1,-0.1,amir coffey,,,,,,,coffeam01,10.7,3.2,1.2,0.6,0.2,0.1,0.487,0.347,0.786,0.6,2.5,,0.95,0.4,0.4,0.556,0.177,0.177,0.133,0.08,0.434,1.5,0.0,0.0,0.0,0.0,0.0,,,,4.0,6.0,-23.9,,,7,Veteran,,,,,7.0,True,True,True,True,,,,False,20.355,1.4954693877551022,,True,,,,,,,,,,,,,,,,,,,,,,,,,0,,False,Guard,,,,,,,,,,,,,,,,,,,,,,,,,,False,3991110.9832299184,2087260.366068218,19684261.125324395,3009407.8050904255,13652579.093045974,,4.4090482156964,Low,Unknown,49488300.0,,False,Unknown,,182,,,3.6020583190394513
bassech01,Charles Bassey,GSW,C,25.0,13.0,153.0,1.4,0.5,1.9,0.2,charles bassey,bassech01,GSW,2449421.0,1.0,2449421.0,2449421.0,bassech01,11.8,5.8,4.4,0.5,0.3,0.8,0.66,,0.7,1.5,3.6,,0.739,0.647,0.429,,0.489,0.362,0.149,0.0,0.0,,,,,,,,,,,,,2021.0,53.0,5,Veteran,,,,,5.0,False,False,False,False,,,,False,22.8852,5.384752941176471,,True,,,,,,,,,,,,,,,,,,,,,,,,,0,13.591022443890274,False,Big,,,,,,,,,,,,,,,,,,,,,,,,,,False,4504785.321139462,1932729.5307153312,18433385.22223835,2786605.5569386384,12784998.537507797,2055364.3211394623,3.6629172125230745,Low,Leaning underpaid,41240250.0,0.0593939415983171,False,Minimum,,29,,47.63092269326683,7.375643224699828
jackstr02,Trayce Jackson-Davis,TOR,C,25.0,53.0,496.0,-0.8,0.4,-0.4,0.2,trayce jackson davis,jackstr02,TOR,2406205.0,1.0,2406205.0,2406205.0,jackstr02,9.4,3.4,2.7,0.7,0.3,0.5,0.573,1.0,0.514,1.4,2.3,,0.682,0.286,,,0.71,0.282,0.0,0.0,0.008,1.3,0.7,0.3,0.0,0.0,0.0,0.0,,1.0,3.0,4.0,-26.7,2023.0,57.0,3,Rookie Scale,,,,,3.0,False,False,True,True,,,,False,86.54899999999999,6.281782258064515,,True,,,,,,,,,,,,,,,,,,,,,,,,,0,7.98004987531172,False,Big,,,,,,,,,,,,,,,,,,,,,,,,,,True,6014083.630299229,2010639.414705408,26350677.05102397,2898935.871251598,18276261.44074985,3607878.630299229,4.047173124379637,Low,Leaning underpaid,41240250.0,0.0583460333048417,False,Rookie Scale,,178,,61.34663341645885,20.926243567753
mccluma01,Mac McClung,CHI,SG,27.0,11.0,135.0,-5.6,0.5,-5.1,-0.1,mac mcclung,,,,,,,mccluma01,12.3,6.1,0.9,0.9,1.0,0.3,0.39,0.233,0.778,1.6,5.4,,0.765,0.222,0.5,0.0,0.288,0.153,0.034,0.017,0.508,,,,,,,,,,,,,,,4,Rookie Scale,,,,,4.0,True,True,False,False,,,,False,17.1072,4.56192,,True,,,,,,,,,,,,,,,,,,,,,,,,,0,,False,Guard,,,,,,,,,,,,,,,,,,,,,,,,,,True,5446074.642273546,2192330.2425011112,18880354.178907342,3160897.341976837,13095006.56850312,,3.064229749418117,Low,Unknown,41240250.0,,False,Unknown,,182,,,16.80960548885077
baldwpa01,Patrick Baldwin Jr.,SAC,SF,23.0,9.0,102.0,-2.9,-1.5,-4.4,-0.1,patrick baldwin,,,,,,,baldwpa01,11.3,3.7,2.6,0.6,0.3,0.6,0.407,0.429,0.714,0.8,3.0,,0.2,0.429,1.0,,0.185,0.259,0.037,0.0,0.519,,,,,,,,,,,,,2022.0,28.0,4,Rookie Scale,,,,,4.0,False,True,False,False,,,,False,4.995,1.7629411764705882,,True,,,,,,,,,,,,,,,,,,,,,,,,,0,,False,Wing,,,,,,,,,,,,,,,,,,,,,,,,,,True,8183619.45132478,2657172.5657241344,21129959.288496632,3831106.0703104497,14655284.16750713,,2.257288090269409,Low,Unknown,41240250.0,,False,Unknown,,182,,,40.651801029159515
gilbeke01,Keshon Gilbert,ATL,SG,22.0,4.0,74.0,-4.1,-0.4,-4.6,0.0,keshon gilbert,,,,,,,gilbeke01,18.5,4.3,1.3,3.0,0.8,1.0,0.417,0.0,1.0,1.8,3.0,,1.0,0.25,0.0,,0.333,0.333,0.083,0.0,0.25,,,,,,,,,,,,,,,1,Rookie Scale,,,,,1.0,True,True,False,False,,,,False,3.996,1.944,,True,,,,,,,,,,,,,,,,,,,,,,,,,0,,False,Guard,,,,,,,,,,,,,,,,,,,,,,,,,,True,6328528.355048518,2271895.7099049394,19411844.673019197,3275614.673131738,13463636.915452177,,2.7083625136072973,Low,Unknown,41240250.0,,False,Unknown,,182,,,22.98456260720412
iveyja01,Jaden Ivey,CHI,SG,23.0,37.0,670.0,-0.2,0.2,0.0,0.3,jaden ivey,,,,,,,iveyja01,18.1,8.5,2.5,1.8,0.6,0.4,0.445,0.373,0.809,1.3,6.9,,0.541,0.51,0.478,0.615,0.145,0.191,0.09,0.051,0.523,,,,,,,,,,,,,2022.0,5.0,4,Rookie Scale,,,,,4.0,False,True,False,False,,,,False,37.0185,1.9890537313432832,,True,57.65171503957783,15.915119363395224,,54.485488126649074,58.70712401055409,7.9155672823219,7.255936675461741,25.593667546174142,38.12664907651715,20.58047493403694,39.97361477572559,28.49604221635884,55.67282321899736,37.203166226912934,66.53116531165311,63.19261213720316,64.9867374005305,43.63395225464191,16.976127320954905,14.854111405835544,31.697612732095493,,,32.60975763386826,2,,True,Guard,63.52941176470588,17.75147928994083,,60.882352941176464,65.29411764705883,8.823529411764707,7.941176470588235,27.35294117647059,40.588235294117645,37.05882352941177,27.647058823529413,24.11764705882353,78.52941176470588,52.94117647058824,63.23529411764706,49.11764705882353,40.828402366863905,56.213017751479285,18.34319526627219,13.017751479289942,28.99408284023669,,,,,True,5919552.218044431,1957211.4774280144,19315525.05460235,2821903.578555242,13396831.704919985,,2.9323693647403597,Low,Unknown,41240250.0,,False,Unknown,14.0,182,,,20.240137221269297
ruperra01,Rayan Rupert,MEM,SG,21.0,64.0,1072.0,-5.0,-0.1,-5.1,-0.8,rayan rupert,,,,,,,ruperra01,16.8,5.2,2.9,1.1,0.9,0.1,0.393,0.324,0.778,0.8,4.9,,0.587,0.361,0.455,0.222,0.201,0.265,0.07,0.029,0.435,,,,,,,,,,,,,2023.0,43.0,3,Rookie Scale,,,,,3.0,False,True,False,False,,,,False,63.03360000000001,2.1168,15.378338278931752,True,4.221635883905013,0.5305039787798408,3.532608695652174,1.0554089709762533,48.54881266490765,29.551451187335093,51.05540897097626,9.630606860158313,11.213720316622693,29.287598944591032,15.8311345646438,63.58839050131926,9.366754617414248,6.200527704485488,27.91327913279133,48.54881266490765,32.62599469496021,4.244031830238726,0.3978779840848806,16.976127320954905,1.4588859416445623,,6.231454005934718,2.5790762238882587,3,,True,Guard,8.235294117647058,1.183431952662722,6.172839506172839,2.3529411764705883,56.47058823529411,32.35294117647059,53.8235294117647,10.294117647058822,12.058823529411764,51.76470588235295,8.235294117647058,57.35294117647059,16.76470588235294,10.588235294117649,26.176470588235297,32.05882352941177,15.976331360946746,8.284023668639055,0.8875739644970414,15.384615384615383,2.0710059171597637,,11.510791366906476,,,True,10212037.138472008,2556009.307565003,23132794.76154138,3685249.087807618,16044407.667343404,,2.0149540365905105,Medium,Unknown,41240250.0,,False,Unknown,39.0,182,,,57.97598627787307
bantoda01,Dalano Banton,BOS,PG,26.0,6.0,62.0,-5.3,1.3,-4.0,0.0,dalano banton,,,,,,,bantoda01,10.3,2.0,0.8,1.8,0.3,0.8,0.333,0.0,1.0,0.7,2.0,,0.667,0.0,1.0,,0.25,0.5,0.167,0.0,0.083,2.0,1.0,0.0,0.0,0.0,0.0,1.0,,,2.0,4.0,6.7,2021.0,46.0,5,Veteran,,,,,5.0,False,True,True,True,,,,False,3.0,1.7419354838709675,,True,,,,,,,,,,,,,,,,,,,,,,,,,0,,False,Guard,,,,,,,,,,,,,,,,,,,,,,,,,,False,4796805.126231104,2185927.919031073,18969915.49874133,3151666.4848520304,13157124.368857784,,3.4989930043077644,Low,Unknown,41240250.0,,False,Unknown,,182,,,11.83533447684391
richani01,Nick Richards,CHI,C,28.0,48.0,701.0,-4.9,-1.2,-6.1,-0.7,nick richards,,,,,,,richani01,14.6,5.8,5.1,0.3,0.2,0.7,0.512,0.278,0.644,2.1,4.2,,0.704,0.324,0.462,0.25,0.488,0.338,0.065,0.02,0.09,,,,,,,,,,,,,2020.0,42.0,6,Veteran,,,,,6.0,False,True,False,False,,,,False,98.3808,5.052366333808845,67.47032640949556,True,1.8469656992084431,2.6525198938992043,14.402173913043478,1.4511873350923483,16.358839050131927,10.026385224274406,18.46965699208443,72.16358839050132,17.282321899736147,70.71240105540898,0.6596306068601583,1.3192612137203166,79.15567282321899,79.41952506596306,10.975609756097562,10.686015831134563,8.222811671087534,33.28912466843501,3.183023872679045,1.5915119363395225,7.6923076923076925,,77.44807121661721,6.857251602405617,3,,True,Big,0.7042253521126761,2.112676056338028,7.857142857142857,0.7042253521126761,8.098591549295776,9.859154929577464,21.47887323943662,69.01408450704226,18.661971830985916,44.71830985915493,1.7605633802816902,1.4084507042253522,57.04225352112676,57.74647887323944,19.318181818181817,18.30985915492958,17.95774647887324,24.295774647887324,3.873239436619718,2.8169014084507045,7.746478873239436,,60.0,,,False,5137774.678843432,2232238.180349619,18824500.61073546,3218436.5266414676,13056267.7379095,,3.229464791188729,Low,Unknown,41240250.0,,False,Unknown,36.0,182,,,15.608919382504288
sochaje01,Jeremy Sochan,NYK,PF,22.0,44.0,469.0,-2.3,1.1,-1.2,0.1,jeremy sochan,sochaje01,POR,2449421.0,1.0,2449421.0,2449421.0,sochaje01,10.7,3.6,2.4,0.9,0.4,0.2,0.496,0.244,0.731,0.6,2.9,,0.745,0.458,0.333,0.0,0.426,0.186,0.023,0.016,0.349,3.3,2.5,0.6,0.3,0.1,0.1,0.778,0.5,0.625,8.0,26.0,10.0,2022.0,9.0,4,Rookie Scale,,,,,4.0,False,False,True,True,,,,False,54.3576,4.172438379530917,,True,,,,,,,,,,,,,,,,,,,,,,,,,0,13.591022443890274,False,Big,,,,,,,,,,,,,,,,,,,,,,,,,,True,6339890.894537235,1879010.041398889,19779609.870821983,2709152.905097747,13718710.927054914,3890469.894537234,2.8234870484675287,Low,Leaning underpaid,41240250.0,0.0593939415983171,False,Rookie Scale,,178,,63.84039900249376,23.32761578044597
yabusgu01,Guerschon Yabusele,CHI,C,30.0,67.0,1007.0,-1.7,-0.5,-2.2,-0.1,guerschon yabusele,,,,,,,yabusgu01,15.0,5.6,3.5,0.9,0.4,0.2,0.401,0.352,0.75,1.1,4.7,,0.678,0.279,0.2,0.5,0.189,0.138,0.032,0.013,0.628,,,,,,,,,,,,,2016.0,16.0,4,Veteran,,,,,10.0,False,True,False,False,,,,False,59.51610000000001,2.1276857994041714,31.3353115727003,True,26.781002638522427,32.09549071618037,20.10869565217391,29.023746701846964,36.93931398416886,27.176781002638524,60.29023746701847,82.58575197889182,14.775725593667548,43.66754617414248,10.15831134564644,8.839050131926122,24.406332453825858,9.894459102902374,48.9159891598916,37.071240105540895,21.485411140583555,22.811671087533156,31.29973474801061,29.973474801061005,3.050397877984085,,20.77151335311573,26.271820547763465,3,,True,Big,17.95774647887324,27.464788732394368,13.571428571428571,21.830985915492956,28.52112676056338,30.985915492957744,60.56338028169014,78.52112676056338,14.084507042253522,19.014084507042252,17.6056338028169,13.732394366197184,5.985915492957746,4.929577464788732,55.68181818181818,57.3943661971831,40.845070422535215,13.028169014084506,26.408450704225352,33.098591549295776,2.8169014084507045,,11.851851851851851,,,False,6733048.352485504,2216546.5303873178,33654994.830166414,3195812.3372308044,23342378.759839267,,4.669274102000707,Low,Unknown,57736350.0,,False,Unknown,19.0,182,,,27.61578044596912
kolokch01,Christian Koloko,ATL,C,25.0,27.0,357.0,-5.9,1.2,-4.7,-0.2,christian koloko,kolokch01,NOP,2625627.0,1.0,2625627.0,2625627.0,kolokch01,13.2,2.7,3.0,0.7,0.5,0.9,0.419,0.111,0.667,0.6,2.7,,0.636,0.273,0.375,0.0,0.446,0.297,0.108,0.027,0.122,,,,,,,,,,,,,2022.0,33.0,3,Rookie Scale,,,,,4.0,False,False,False,False,,,,False,32.513400000000004,3.27866218487395,,True,,,,,,,,,,,,,,,,,,,,,,,,,0,20.32418952618454,False,Big,,,,,,,,,,,,,,,,,,,,,,,,,,True,7480142.673112925,2649837.3269117037,23731697.772814676,3820530.137718047,16459793.882676195,4854515.673112925,2.818376783330735,Low,Underpaid,41240250.0,0.0636666121083165,False,Rookie Scale,,178,,74.06483790523691,33.44768439108062
robinje02,Jeremiah Robinson-Earl,DAL,PF,25.0,22.0,361.0,-3.5,-1.7,-5.2,-0.3,jeremiah robinson earl,,,,,,,robinje02,16.4,4.6,4.7,0.7,0.4,0.0,0.37,0.244,0.944,0.8,4.5,,0.514,0.313,0.6,0.333,0.35,0.16,0.05,0.03,0.41,,,,,,,,,,,,,2021.0,32.0,5,Veteran,,,,,5.0,False,True,False,False,,,,False,34.65,3.4554016620498613,,True,,,,,,,,,,,,,,,,,,,,,,,,,0,,False,Big,,,,,,,,,,,,,,,,,,,,,,,,,,False,4568126.610925141,2263607.7946383036,18658368.803234328,3263665.173540403,12941042.298288506,,3.588946280382483,Low,Unknown,41240250.0,,False,Unknown,,182,,,8.061749571183533
youngtr01,Trae Young,WAS,PG,27.0,15.0,384.0,4.2,-1.4,2.8,0.5,trae young,youngtr01,WAS,49488300.0,4.0,154403496.0,49488300.0,youngtr01,25.6,17.9,2.0,8.0,0.9,0.1,0.458,0.338,0.825,6.5,11.8,,0.692,0.516,0.556,0.385,0.147,0.175,0.153,0.073,0.452,,,,,,,,,,,,,2018.0,5.0,8,Veteran,,,,,8.0,False,False,False,False,,,,False,26.019,2.43928125,,True,,,,,,,,,,,,,,,,,,,,,,,,,0,95.26184538653366,False,Guard,,,,,,,,,,,,,,,,,,,,,,,,,,False,22654713.312253214,4326681.695632412,44365178.18811284,6238200.981847466,30770731.00859451,-26833586.687746786,1.7673362686441447,Medium,Overpaid,49488300.0,1.0,True,Max,,30,,0.7481296758104738,89.5368782161235
simpskj01,KJ Simpson,DEN,PG,23.0,20.0,257.0,-5.4,0.4,-5.1,-0.2,kj simpson,,,,,,,simpskj01,12.9,4.6,1.9,2.2,0.8,0.0,0.343,0.3,0.611,0.9,5.0,,0.481,0.278,0.308,0.0,0.273,0.182,0.131,0.01,0.404,,,,,,,,,,,,,2024.0,42.0,2,Rookie Scale,,,,,2.0,False,True,False,False,,,,False,27.3,3.824124513618677,,True,,,,,,,,,,,,,,,,,,,,,,,,,0,,False,Guard,,,,,,,,,,,,,,,,,,,,,,,,,,True,9200051.001272012,2665691.103749376,24690048.516623553,3843388.081332109,17124485.29504008,,2.3939386216260172,Low,Unknown,41240250.0,,False,Unknown,,182,,,48.54202401372213
youngch01,Chris Youngblood,POR,SG,23.0,34.0,185.0,-2.2,-0.1,-2.3,0.0,chris youngblood,,,,,,,youngch01,5.4,2.1,0.8,0.4,0.1,0.1,0.349,0.333,0.9,0.3,1.9,,1.0,0.25,0.5,0.0,0.032,0.063,0.032,0.016,0.857,,,,,,,,,,,,,,,1,Rookie Scale,,,,,1.0,True,True,False,False,,,,False,2.0671999999999997,0.4022659459459459,,True,,,,,,,,,,,,,,,,,,,,,,,,,0,,False,Guard,,,,,,,,,,,,,,,,,,,,,,,,,,True,10368425.36472649,2379927.7793613686,19555373.158247523,3431375.0939721265,13563185.178107755,,1.6565143476189963,Low,Unknown,41240250.0,,False,Unknown,,182,,,58.662092624356774
phillju01,Julian Phillips,MIN,SF,22.0,48.0,428.0,-3.3,-0.3,-3.6,-0.2,julian phillips,phillju01,HOU,2537526.0,1.0,2537526.0,2537526.0,phillju01,8.9,2.9,1.0,0.2,0.5,0.1,0.421,0.308,0.783,0.5,2.5,,0.605,0.333,1.0,1.0,0.314,0.124,0.017,0.008,0.537,5.0,1.2,0.2,0.4,0.4,0.0,0.333,0.5,,5.0,25.0,0.6,2023.0,35.0,3,Rookie Scale,,,,,3.0,False,False,True,True,,,,False,37.68,3.169345794392523,,True,,,,,,,,,,,,,,,,,,,,,,,,,0,18.07980049875312,False,Wing,,,,,,,,,,,,,,,,,,,,,,,,,,True,6386943.115716861,2271895.7099049394,19411844.673019197,3275614.673131738,13463636.915452177,3849417.1157168606,2.683591923801015,Low,Leaning underpaid,41240250.0,0.061530325349628,False,Rookie Scale,,178,,63.092269326683294,23.842195540308747
hallpj01,PJ Hall,CHO,C,23.0,19.0,214.0,-1.6,-0.7,-2.3,0.0,pj hall,,,,,,,hallpj01,11.3,4.5,3.9,0.5,0.2,0.5,0.508,0.6,0.793,1.5,3.1,,0.632,0.231,0.0,0.0,0.644,0.22,0.017,0.034,0.085,,,,,,,,,,,,,,,2,Rookie Scale,,,,,2.0,True,True,False,False,,,,False,37.9316,6.381016822429907,,True,,,,,,,,,,,,,,,,,,,,,,,,,0,,False,Big,,,,,,,,,,,,,,,,,,,,,,,,,,True,12798054.672575405,2424200.3214938575,24464115.596979417,3495207.1563303466,16967783.093442276,,1.722130108001045,Low,Unknown,41240250.0,,False,Unknown,,182,,,71.8696397941681
mathube01,Bennedict Mathurin,LAC,SF,23.0,54.0,1620.0,-1.1,-1.4,-2.5,-0.2,bennedict mathurin,,,,,,,mathube01,30.0,17.6,5.4,2.4,0.8,0.2,0.43,0.315,0.869,6.2,12.5,,0.681,0.387,0.434,0.39,0.213,0.21,0.112,0.114,0.352,,,,,,,,,,,,,2022.0,6.0,4,Rookie Scale,,,,,4.0,False,True,False,False,,,,False,143.775,3.1950000000000003,45.02967359050445,False,20.58047493403694,41.37931034482759,16.032608695652172,40.23746701846966,12.532981530343006,62.26912928759894,29.287598944591032,25.593667546174142,83.37730870712402,75.19788918205805,54.74934036939314,52.242744063324544,24.406332453825858,27.176781002638524,20.59620596205962,87.0712401055409,63.793103448275865,46.41909814323608,18.30238726790451,12.46684350132626,45.62334217506631,,40.94955489614243,26.674588373689147,3,,True,Wing,18.65671641791045,42.42424242424242,15.151515151515152,38.059701492537314,19.402985074626866,53.73134328358209,21.641791044776117,26.86567164179105,74.6268656716418,74.6268656716418,55.970149253731336,43.28358208955223,24.62686567164179,22.388059701492537,14.925373134328357,86.56716417910447,75.75757575757575,44.696969696969695,21.96969696969697,14.393939393939394,48.48484848484848,,42.857142857142854,,,True,13422470.996561777,3882742.664162276,29367389.085217785,5598130.577594484,20368587.86263357,,1.8986553539645208,Medium,Unknown,41240250.0,,False,Unknown,18.0,182,,,73.75643224699829
dennira01,RayJ Dennis,ATL,PG,24.0,17.0,206.0,-4.7,-1.3,-6.0,-0.2,rayj dennis,,,,,,,dennira01,12.1,4.4,1.5,1.9,0.2,0.2,0.313,0.311,0.889,0.5,4.9,,0.455,0.25,0.333,0.0,0.133,0.193,0.108,0.024,0.542,,,,,,,,,,,,,,,2,Rookie Scale,,,,,2.0,True,True,False,False,,,,False,11.078900000000004,1.936118446601942,,True,,,,,,,,,,,,,,,,,,,,,,,,,0,,False,Guard,,,,,,,,,,,,,,,,,,,,,,,,,,True,12602327.86960611,2677399.696506028,24690048.516623553,3860269.506860668,17124485.29504008,,1.746712912715668,Low,Unknown,41240250.0,,False,Unknown,,182,,,70.84048027444254
bradlto01,Tony Bradley,ATL,C,28.0,41.0,450.0,-2.5,-1.7,-4.2,-0.3,tony bradley,,,,,,,bradlto01,11.0,4.0,2.8,0.5,0.1,0.2,0.547,0.5,0.744,1.0,2.9,,0.678,0.405,0.4,0.429,0.504,0.359,0.043,0.06,0.034,10.3,2.8,2.8,0.8,0.5,0.8,0.75,1.0,0.667,4.0,41.0,4.9,2017.0,28.0,8,Veteran,,,,,9.0,False,True,True,True,,,,False,59.9256,4.794047999999999,,True,,,,,,,,,,,,,,,,,,,,,,,,,0,,False,Big,,,,,,,,,,,,,,,,,,,,,,,,,,False,4651806.593420685,2338644.7290993812,19383368.11046392,3371853.27499063,13443886.185663143,,3.6641083499627567,Low,Unknown,49488300.0,,False,Unknown,,182,,,9.948542024013722
johnsaj01,AJ Johnson,DAL,SG,21.0,48.0,454.0,-6.4,-2.5,-8.9,-0.8,aj johnson,johnsaj01,MEM,3237120.0,2.0,3237120.0,3237120.0,johnsaj01,9.5,3.3,1.1,1.0,0.2,0.1,0.324,0.211,0.85,0.8,3.7,,0.5,0.264,0.0,0.0,0.352,0.301,0.011,0.011,0.324,,,,,,,,,,,,,2024.0,23.0,2,Rookie Scale,,,,,2.0,False,False,False,False,,,,False,62.51520000000001,4.95715242290749,,True,,,,,,,,,,,,,,,,,,,,,,,,,0,26.932668329177055,False,Guard,,,,,,,,,,,,,,,,,,,,,,,,,,True,9310204.710008198,2657172.5657241344,24690048.516623553,3831106.0703104497,17124485.29504008,6073084.710008198,2.366529699096167,Low,Leaning underpaid,41240250.0,0.0784941895357084,False,Rookie Scale,,178,,80.54862842892769,49.656946826758144
minixri01,Riley Minix,CLE,SF,25.0,9.0,58.0,1.9,-0.1,1.8,0.1,riley minix,,,,,,,minixri01,6.4,3.9,0.7,0.6,0.2,0.1,0.609,0.333,1.0,0.3,2.6,,1.0,0.667,,1.0,0.304,0.13,0.0,0.043,0.522,,,,,,,,,,,,,,,2,Rookie Scale,,,,,2.0,True,True,False,False,,,,False,7.113600000000001,4.415337931034483,,True,,,,,,,,,,,,,,,,,,,,,,,,,0,,False,Wing,,,,,,,,,,,,,,,,,,,,,,,,,,True,4004082.1070234417,1910028.6065117896,18772421.021717448,2753875.4099998586,13020146.45788401,,4.21130035910798,Low,Unknown,41240250.0,,False,Unknown,,182,,,3.945111492281303
willivi01,Vince Williams Jr.,UTA,SG,25.0,40.0,820.0,-1.5,0.5,-1.0,0.2,vince williams,,,,,,,willivi01,20.5,7.5,3.9,4.2,0.7,0.4,0.353,0.311,0.78,1.3,7.3,,0.469,0.375,0.483,0.167,0.11,0.164,0.099,0.021,0.606,,,,,,,,,,,,,2022.0,47.0,4,Rookie Scale,,,,,4.0,False,True,False,False,,,,False,32.12,1.4101463414634146,,True,43.403693931398415,53.05039787798409,,32.45382585751979,67.67810026385224,15.03957783641161,10.026385224274406,46.04221635883905,30.87071240105541,51.97889182058047,84.30079155672823,41.42480211081794,55.67282321899736,1.8469656992084431,19.78319783197832,50.131926121372025,84.21750663129973,2.6525198938992043,66.9761273209549,63.395225464190986,94.82758620689656,,,49.19171629934982,2,,True,Guard,50.0,55.62130177514793,,39.411764705882355,72.94117647058823,15.88235294117647,11.176470588235295,49.11764705882353,33.23529411764706,77.3529411764706,76.76470588235294,37.94117647058823,78.52941176470588,3.5294117647058822,17.647058823529413,34.705882352941174,67.15976331360946,5.325443786982249,69.23076923076923,63.01775147928994,95.85798816568048,,,,,True,8603797.94885755,2285704.999737019,27665028.178819697,3295524.879485965,19187867.04352147,,2.9497814023460016,Low,Unknown,41240250.0,,False,Unknown,7.0,182,,,44.76843910806175
jonesis01,Isaac Jones,DET,PF,25.0,7.0,36.0,-5.9,-2.2,-8.1,-0.1,isaac jones,,,,,,,jonesis01,5.1,1.3,0.7,0.1,0.0,0.1,0.429,0.0,0.75,0.6,1.0,,0.75,0.0,,,0.571,0.143,0.0,0.0,0.286,,,,,,,,,,,,,,,2,Rookie Scale,,,,,2.0,True,True,False,False,,,,False,3.997,3.997,,True,,,,,,,,,,,,,,,,,,,,,,,,,0,,False,Big,,,,,,,,,,,,,,,,,,,,,,,,,,True,7650691.128949448,2649837.3269117037,23731697.772814676,3820530.137718047,16459793.882676195,,2.755549804661611,Low,Unknown,41240250.0,,False,Unknown,,182,,,35.16295025728988
brownko01,Kobe Brown,IND,PF,26.0,61.0,963.0,-1.2,-1.4,-2.7,-0.2,kobe brown,,,,,,,brownko01,15.8,5.8,3.0,1.3,0.4,0.2,0.469,0.374,0.797,1.0,4.4,,0.683,0.425,0.286,0.0,0.303,0.148,0.026,0.011,0.513,,,,,,,,,,,,,2023.0,30.0,3,Rookie Scale,,,,,3.0,False,True,False,False,,,,False,81.32520000000001,3.040194392523365,43.790801186943625,True,18.073878627968337,9.814323607427056,31.25,38.65435356200528,12.532981530343006,24.142480211081793,44.45910290237467,55.8047493403694,17.282321899736147,31.6622691292876,22.03166226912929,8.839050131926122,24.406332453825858,56.068601583113455,67.88617886178862,59.10290237467019,43.236074270557026,63.26259946949602,2.6525198938992043,2.3872679045092835,6.631299734748011,,39.16913946587537,19.91759100977723,3,,True,Big,11.619718309859154,9.859154929577464,25.0,29.929577464788732,4.225352112676056,26.76056338028169,43.66197183098591,51.056338028169016,18.661971830985916,11.267605633802818,33.80281690140845,13.732394366197184,5.985915492957746,31.338028169014088,72.34848484848484,78.87323943661971,66.54929577464789,50.352112676056336,2.8169014084507045,4.929577464788732,7.042253521126761,,21.48148148148148,,,True,3545466.0616155006,1870535.6250843504,17630053.870956853,2696934.508669995,12227825.23334027,,4.444977887813045,Low,Unknown,41240250.0,,False,Unknown,24.0,182,,,1.2006861063464835
martity01,Tyrese Martin,PHI,SG,26.0,46.0,777.0,-2.0,-1.4,-3.4,-0.3,tyrese martin,,,,,,,martity01,16.9,6.3,2.5,1.7,0.5,0.1,0.394,0.321,0.679,0.6,6.0,,0.723,0.313,0.5,0.2,0.17,0.173,0.043,0.018,0.596,,,,,,,,,,,,,2022.0,51.0,3,Rookie Scale,,,,,4.0,False,True,False,False,,,,False,46.92,2.173899613899614,47.6706231454006,True,12.796833773087071,10.875331564986736,13.586956521739127,24.010554089709764,12.532981530343006,13.192612137203168,15.963060686015831,55.8047493403694,20.976253298153033,20.58047493403694,37.33509234828496,16.75461741424802,9.366754617414248,6.728232189973616,25.474254742547423,15.963060686015831,76.25994694960212,6.49867374005305,10.875331564986736,81.83023872679045,12.9973474801061,,47.18100890207715,12.372566475793969,3,,True,Guard,19.11764705882353,11.242603550295858,19.753086419753085,30.294117647058822,17.352941176470587,13.529411764705882,17.941176470588236,60.29411764705882,20.294117647058822,37.05882352941177,25.294117647058822,11.470588235294118,16.76470588235294,11.470588235294118,23.235294117647054,8.529411764705882,54.142011834319526,10.94674556213018,10.94674556213018,81.06508875739645,12.42603550295858,,64.02877697841727,,,True,6431905.474885256,2497116.4217131925,18913796.982188024,3600337.4432289433,13118201.77577942,,2.5523821244850775,Low,Unknown,41240250.0,,False,Unknown,31.0,182,,,24.69982847341338
thomaca02,Cam Thomas,MIL,SG,24.0,42.0,881.0,-1.2,-3.9,-5.2,-0.7,cam thomas,,,,,,,thomaca02,21.0,13.5,1.7,2.6,0.2,0.1,0.41,0.31,0.811,4.0,11.0,,0.644,0.374,0.484,0.404,0.128,0.197,0.197,0.113,0.364,,,,,,,,,,,,,2021.0,27.0,5,Veteran,,,,,5.0,False,True,False,False,,,,False,59.136,2.4164540295119186,27.455489614243326,True,3.825857519788918,35.80901856763926,,38.65435356200528,0.2638522427440633,19.261213720316626,11.74142480211082,36.01583113456465,67.54617414248021,5.408970976253298,59.76253298153035,1.3192612137203166,9.366754617414248,13.984168865435356,19.51219512195122,63.852242744063325,81.43236074270557,16.312997347480106,14.190981432360742,24.53580901856764,21.485411140583555,,18.39762611275964,23.01575414849912,2,,True,Guard,7.352941176470589,38.46153846153847,,47.35294117647059,0.5882352941176471,20.588235294117645,13.823529411764708,38.82352941176471,69.41176470588235,9.117647058823527,45.294117647058826,0.5882352941176471,16.76470588235294,21.764705882352946,17.058823529411764,50.588235294117645,62.1301775147929,26.035502958579883,13.905325443786982,22.7810650887574,18.34319526627219,,28.776978417266186,,,False,7298538.342818889,2402136.397581872,27767078.034755938,3463395.435132992,19258646.62324423,,3.475345397360406,Low,Unknown,41240250.0,,False,Unknown,22.0,182,,,32.075471698113205
agbajoc01,Ochai Agbaji,BRK,SG,25.0,62.0,973.0,-3.5,-0.5,-4.0,-0.5,ochai agbaji,,,,,,,agbajoc01,15.7,5.1,2.3,0.8,0.4,0.3,0.436,0.266,0.837,0.7,4.5,,0.711,0.311,0.571,0.333,0.346,0.161,0.025,0.011,0.457,,,,,,,,,,,,,2022.0,14.0,4,Rookie Scale,,,,,4.0,False,True,False,False,,,,False,96.534,3.571658787255909,58.61275964391692,True,8.575197889182059,13.79310344827586,12.771739130434783,6.728232189973616,36.93931398416886,25.32981530343008,46.17414248021108,46.04221635883905,10.15831134564644,15.699208443271766,6.992084432717678,8.839050131926122,40.89709762532981,30.87071240105541,8.94308943089431,75.46174142480211,9.814323607427056,12.86472148541114,35.94164456233422,12.46684350132626,57.692307692307686,,63.50148367952523,12.105615439312007,3,,True,Guard,14.705882352941178,14.792899408284024,18.51851851851852,10.0,44.11764705882353,27.647058823529413,48.8235294117647,49.11764705882353,10.588235294117649,29.117647058823533,2.941176470588235,5.294117647058823,61.47058823529412,44.70588235294118,6.470588235294119,64.11764705882354,2.6627218934911245,20.710059171597635,38.46153846153847,10.059171597633137,55.62130177514793,,82.73381294964028,,,True,8161243.176942613,2591769.2901041075,18245300.48382441,3736807.7588352263,12654547.01834523,,1.9180326886895276,Medium,Unknown,41240250.0,,False,Unknown,32.0,182,,,40.480274442538594
bambamo01,Mo Bamba,UTA,C,27.0,4.0,44.0,-4.3,-3.6,-8.0,-0.1,mo bamba,bambamo01,UTA,3286399.0,2.0,6968390.0,3286399.0,bambamo01,11.0,2.5,5.5,0.3,0.0,0.8,0.455,,,0.0,2.8,,0.5,0.0,0.5,,0.727,0.091,0.182,0.0,0.0,,,,,,,,,,,,,2018.0,6.0,8,Veteran,,,,,8.0,False,False,False,False,,,,False,8.142399999999999,6.661963636363635,,True,,,,,,,,,,,,,,,,,,,,,,,,,0,27.431421446384043,False,Big,,,,,,,,,,,,,,,,,,,,,,,,,,False,4844522.097312889,2336563.4959708625,19383368.11046392,3368852.557244537,13443886.185663143,1558123.097312889,3.518779411481766,Low,Leaning underpaid,49488300.0,0.0664075953306135,False,Minimum,,29,,45.38653366583541,13.036020583190394
vincega01,Gabe Vincent,ATL,PG,29.0,53.0,879.0,-3.8,-0.5,-4.3,-0.5,gabe vincent,,,,,,,vincega01,16.6,4.4,1.0,1.4,0.5,0.1,0.352,0.341,0.87,0.4,4.1,,0.727,0.286,0.231,0.4,0.051,0.065,0.06,0.023,0.801,15.5,4.3,0.5,1.2,0.3,0.2,0.364,0.333,0.8,6.0,93.0,-3.3,,,7,Veteran,,,,,7.0,True,True,True,True,,,,False,11.082299999999998,0.4538825938566552,,True,7.651715039577836,13.262599469496022,8.967391304347826,4.749340369393139,36.93931398416886,18.733509234828496,26.912928759894463,77.57255936675462,6.860158311345646,0.5277044854881267,26.2532981530343,16.75461741424802,9.366754617414248,1.58311345646438,40.65040650406504,87.46701846965699,57.02917771883289,7.6923076923076925,33.02387267904509,34.217506631299734,40.05305039787798,,,10.249175300085902,3,,True,Guard,13.23529411764706,14.201183431952662,13.580246913580249,8.235294117647058,44.11764705882353,19.411764705882355,30.88235294117647,82.35294117647058,5.88235294117647,1.1764705882352942,16.76470588235294,11.470588235294118,16.76470588235294,2.941176470588235,40.0,78.52941176470588,31.65680473372781,13.017751479289942,35.798816568047336,34.61538461538461,37.278106508875744,,,,,False,8788333.062241219,2705144.2169194054,24019240.04282788,3900271.500688486,16659227.00129596,,2.425271740949803,Medium,Unknown,49488300.0,,False,Unknown,33.0,182,,,45.96912521440824
smallja01,Javon Small,MEM,PG,23.0,41.0,830.0,1.7,-0.6,1.0,0.6,javon small,,,,,,,smallja01,20.2,9.7,3.1,3.7,0.8,0.2,0.465,0.423,0.829,2.0,7.0,,0.784,0.361,0.421,0.267,0.177,0.212,0.066,0.052,0.493,,,,,,,,,,,,,2025.0,48.0,1,Rookie Scale,,,,,1.0,False,True,False,False,,,,False,50.799,2.203330120481928,61.646884272997035,True,69.78891820580475,57.824933687002655,48.369565217391305,83.24538258575198,33.24538258575198,15.699208443271766,10.686015831134563,25.593667546174142,47.361477572559366,33.90501319261214,78.23218997361478,52.242744063324544,24.406332453825858,52.90237467018469,94.71544715447156,72.42744063324538,83.81962864721486,77.05570291777188,53.44827586206896,49.07161803713528,39.257294429708224,,67.95252225519289,57.27016664059891,3,,True,Guard,72.05882352941177,60.35502958579882,53.70370370370371,84.11764705882354,39.411764705882355,17.058823529411764,12.352941176470589,27.35294117647059,51.17647058823529,56.1764705882353,67.3529411764706,47.647058823529406,40.294117647058826,72.6470588235294,96.47058823529412,59.11764705882353,66.27218934911244,87.86982248520711,55.917159763313606,47.928994082840234,36.3905325443787,,84.89208633093526,,,True,15095552.557629265,2375658.7914838973,27973128.71484464,3425220.0758214686,19401558.93217859,,1.6956961214661752,Medium,Unknown,41240250.0,,False,Unknown,2.0,182,,,78.90222984562607
nancela02,Larry Nance Jr.,CLE,PF,33.0,35.0,449.0,-3.9,0.5,-3.4,-0.2,larry nance,nancela02,IND,2449421.0,1.0,2449421.0,2449421.0,nancela02,12.8,3.7,2.7,1.0,0.6,0.2,0.419,0.333,0.462,0.4,3.5,,0.667,0.176,0.4,,0.315,0.137,0.04,0.0,0.508,2.5,0.0,0.0,0.0,0.0,0.0,,,,2.0,5.0,-15.5,2015.0,27.0,11,Veteran,,,,,11.0,False,False,True,True,,,,False,38.5875,3.0938752783964363,,True,,,,,,,,,,,,,,,,,,,,,,,,,0,13.591022443890274,False,Big,,,,,,,,,,,,,,,,,,,,,,,,,,False,7487050.161970349,2425241.7769216285,26700064.69702788,3496708.7246751194,18518589.178673662,5037629.161970349,3.2422412558964218,Low,Leaning underpaid,57736350.0,0.0424242439987979,False,Minimum,,29,,74.81296758104739,33.9622641509434
tshieos01,Oscar Tshiebwe,UTA,C,26.0,27.0,448.0,1.0,-2.8,-1.8,0.0,oscar tshiebwe,tshieos01,HOU,2537526.0,1.0,2537526.0,2537526.0,tshieos01,16.6,7.8,6.6,1.2,0.6,0.2,0.634,,0.551,1.8,5.4,,0.701,0.569,0.5,,0.531,0.4,0.069,0.0,0.0,,,,,,,,,,,,,,,3,Rookie Scale,,,,,3.0,True,False,False,False,,,,False,77.41980000000001,6.221233928571429,,True,,,,,,,,,,,,,,,,,,,,,,,,,0,18.07980049875312,False,Big,,,,,,,,,,,,,,,,,,,,,,,,,,True,6496440.6109559545,1914508.4322471695,18637436.900061533,2760334.413750739,12926524.38157245,3958914.6109559545,2.5741678357856297,Low,Leaning underpaid,41240250.0,0.061530325349628,False,Rookie Scale,,178,,64.58852867830423,25.38593481989708
mcderdo01,Doug McDermott,SAC,SF,34.0,29.0,439.0,-1.4,-3.0,-4.4,-0.3,doug mcdermott,,,,,,,mcderdo01,15.1,5.7,1.3,0.8,0.2,0.1,0.388,0.39,0.889,0.3,4.8,,0.5,0.5,0.167,,0.029,0.043,0.043,0.0,0.885,,,,,,,,,,,,,2014.0,11.0,12,Veteran,,,,,12.0,False,True,False,False,,,,False,4.0367999999999995,0.3310359908883826,,True,,,,,,,,,,,,,,,,,,,,,,,,,0,,False,Wing,,,,,,,,,,,,,,,,,,,,,,,,,,False,4835295.974035554,2082504.714455183,22277987.95346348,3002551.1161429333,15451532.096233211,,4.176679844926448,Low,Unknown,57736350.0,,False,Unknown,,182,,,12.864493996569468
blackle01,Leaky Black,WAS,SF,26.0,15.0,433.0,-4.2,-1.1,-5.3,-0.4,leaky black,,,,,,,blackle01,28.9,7.1,5.0,1.5,1.2,0.5,0.388,0.345,0.875,0.5,6.9,,0.5,0.333,0.4,0.5,0.136,0.087,0.146,0.097,0.534,,,,,,,,,,,,,,,2,Rookie Scale,,,,,2.0,True,True,False,False,,,,False,14.076,1.1702909930715937,,True,,,,,,,,,,,,,,,,,,,,,,,,,0,,False,Wing,,,,,,,,,,,,,,,,,,,,,,,,,,True,7700154.591425823,2540055.575798308,23731697.772814676,3662247.029377576,16459793.882676195,,2.752106070781152,Low,Unknown,41240250.0,,False,Unknown,,182,,,36.19210977701543
bogdabo01,Bogdan Bogdanović,LAC,SG,33.0,23.0,452.0,-2.3,-0.8,-3.1,-0.1,bogdan bogdanovic,bogdabo01,HOU,2449421.0,1.0,2449421.0,2449421.0,bogdabo01,19.7,7.4,2.6,2.2,0.4,0.1,0.388,0.347,0.8,1.1,6.6,,0.647,0.188,0.667,0.222,0.112,0.105,0.099,0.059,0.625,,,,,,,,,,,,,2014.0,27.0,9,Veteran,,,,,12.0,False,False,False,False,,,,False,17.0016,1.3541097345132742,,True,,,,,,,,,,,,,,,,,,,,,,,,,0,13.591022443890274,False,Guard,,,,,,,,,,,,,,,,,,,,,,,,,,False,9885615.00269366,2236037.621440994,32478961.83065869,3223914.553178666,22526707.628492866,7436194.002693659,3.0592860637377663,Low,Leaning underpaid,57736350.0,0.0424242439987979,False,Minimum,,29,,86.78304239401497,55.40308747855918
sassema01,Marcus Sasser,DET,PG,25.0,38.0,457.0,-1.6,-0.2,-1.7,0.0,marcus sasser,sassema01,DAL,5198983.0,1.0,5198983.0,5198983.0,sassema01,12.0,5.2,1.0,2.0,0.5,0.1,0.39,0.415,0.833,0.5,4.7,,0.6,0.333,0.176,0.333,0.085,0.136,0.096,0.085,0.599,10.2,4.5,0.8,0.5,0.5,0.0,0.478,0.357,,6.0,61.0,2.4,2023.0,25.0,3,Rookie Scale,,,,,3.0,False,False,True,True,,,,False,15.181,1.195877461706783,,True,,,,,,,,,,,,,,,,,,,,,,,,,0,37.65586034912718,False,Guard,,,,,,,,,,,,,,,,,,,,,,,,,,True,9691196.299261171,2333370.866293527,29951428.373216808,3364249.430185772,20773664.919988524,4492213.299261173,2.8498089042968613,Low,Fairly paid,41240250.0,0.1260657488739762,False,Rookie Scale,,178,,70.07481296758104,54.20240137221269
klebima01,Maxi Kleber,LAL,PF,34.0,43.0,461.0,-4.2,0.3,-3.9,-0.2,maxi kleber,,,,,,,klebima01,10.7,2.0,2.0,0.6,0.4,0.3,0.452,0.231,0.538,0.6,1.7,,0.6,0.65,0.286,,0.274,0.274,0.096,0.0,0.356,4.7,0.3,0.7,1.0,0.3,0.0,0.0,,0.5,3.0,14.0,-3.8,,,9,Veteran,,,,,9.0,True,True,True,True,,,,False,20.0294,1.5641180043383949,,True,,,,,,,,,,,,,,,,,,,,,,,,,0,,False,Big,,,,,,,,,,,,,,,,,,,,,,,,,,False,4688069.528333096,2073593.7362686563,19140777.575912144,2989703.2856846573,13275630.621529652,,3.640556893726776,Low,Unknown,49488300.0,,False,Unknown,,182,,,10.4631217838765
chandke01,Kennedy Chandler,UTA,PG,23.0,11.0,355.0,-2.5,-3.1,-5.7,-0.3,kennedy chandler,,,,,,,chandke01,32.3,15.0,3.4,6.7,1.0,0.2,0.445,0.395,0.651,3.9,12.5,,0.629,0.404,0.333,0.2,0.255,0.343,0.088,0.036,0.277,,,,,,,,,,,,,2022.0,38.0,2,Rookie Scale,,,,,4.0,False,True,False,False,,,,False,35.0625,3.5556338028169012,,True,,,,,,,,,,,,,,,,,,,,,,,,,0,,False,Guard,,,,,,,,,,,,,,,,,,,,,,,,,,True,6551231.607038257,2277150.789319428,19411844.673019197,3283191.436080638,13463636.915452177,,2.6154920038685954,Low,Unknown,41240250.0,,False,Unknown,,182,,,25.728987993138936
thybuma01,Matisse Thybulle,POR,SG,28.0,30.0,480.0,-1.7,6.1,4.4,0.8,matisse thybulle,thybuma01,LAL,2449421.0,1.0,2449421.0,2449421.0,thybuma01,16.0,5.8,2.0,0.9,2.0,0.5,0.433,0.398,0.84,0.8,4.5,,0.708,0.188,1.0,,0.179,0.119,0.007,0.0,0.694,13.3,1.8,2.0,1.0,0.8,0.8,0.143,0.091,1.0,4.0,53.0,-2.7,2019.0,20.0,7,Veteran,,,,,7.0,False,False,True,True,,,,False,24.165,1.812375,,True,,,,,,,,,,,,,,,,,,,,,,,,,0,13.591022443890274,False,Guard,,,,,,,,,,,,,,,,,,,,,,,,,,False,9510228.958564077,3427504.9308244525,33480371.35646084,4941769.727673692,23221263.683632404,7060807.958564077,3.160057087644921,Low,Underpaid,49488300.0,0.0494949513319309,False,Minimum,,29,,84.28927680798004,51.80102915951973
chrisca02,Cam Christie,LAC,SG,20.0,55.0,480.0,-3.5,-1.1,-4.6,-0.3,cam christie,chrisca02,LAC,2296271.0,2.0,,2296271.0,chrisca02,8.7,2.8,1.4,0.6,0.3,0.1,0.381,0.245,0.76,0.9,2.5,,0.647,0.282,0.5,0.0,0.245,0.281,0.115,0.007,0.353,,,,,,,,,,,,,2024.0,46.0,2,Rookie Scale,,,,,2.0,False,False,False,False,,,,False,33.6875,2.5265625,,True,,,,,,,,,,,,,,,,,,,,,,,,,0,5.7356608478802995,False,Guard,,,,,,,,,,,,,,,,,,,,,,,,,,True,10803402.88803362,2666594.773670618,24690048.516623553,3844690.990810209,17124485.29504008,8507131.88803362,2.038566363876626,Low,Underpaid,41240250.0,0.0556803365644,False,Rookie Scale,,178,,90.02493765586036,60.891938250428815
wilsoja03,Jalen Wilson,BRK,PF,25.0,54.0,859.0,-3.6,-2.1,-5.6,-0.8,jalen wilson,,,,,,,wilsoja03,15.9,6.4,2.1,0.9,0.4,0.0,0.396,0.355,0.719,1.8,5.1,,0.578,0.348,0.5,0.0,0.162,0.237,0.05,0.004,0.547,,,,,,,,,,,,,2023.0,51.0,3,Rookie Scale,,,,,3.0,False,True,False,False,,,,False,44.614799999999995,1.8697704307334104,10.178041543026705,True,2.5065963060686016,4.774535809018567,9.239130434782608,5.936675461741425,4.353562005277045,17.41424802110818,29.287598944591032,46.04221635883905,21.767810026385224,12.137203166226913,10.15831134564644,8.839050131926122,1.3192612137203166,8.047493403693931,51.21951219512195,26.385224274406333,49.86737400530504,18.83289124668435,33.02387267904509,79.57559681697613,52.785145888594165,,2.6706231454005933,5.88177391794259,3,,True,Big,1.4084507042253522,4.225352112676056,4.285714285714286,2.8169014084507045,0.7042253521126761,19.014084507042252,28.169014084507044,41.901408450704224,23.591549295774648,0.7042253521126761,17.6056338028169,13.732394366197184,0.7042253521126761,3.169014084507042,57.95454545454546,44.36619718309859,73.94366197183099,8.80281690140845,28.169014084507044,77.8169014084507,53.87323943661971,,0.7407407407407408,,,True,6732033.784328633,2615516.9469080176,22935759.07500916,3771047.0827356353,15907747.96356245,,3.0184403078018156,Low,Unknown,41240250.0,,False,Unknown,37.0,182,,,27.4442538593482
weslebl01,Blake Wesley,POR,SG,22.0,31.0,361.0,-3.7,0.1,-3.6,-0.1,blake wesley,,,,,,,weslebl01,11.6,4.8,1.3,2.0,0.5,0.2,0.452,0.278,0.553,1.5,4.0,,0.714,0.389,0.214,0.143,0.395,0.145,0.113,0.056,0.29,1.3,0.3,0.0,0.0,0.0,0.0,,,0.5,4.0,5.0,-16.9,2022.0,25.0,4,Rookie Scale,,,,,4.0,False,True,True,True,,,,False,48.98,4.884432132963989,,True,,,,,,,,,,,,,,,,,,,,,,,,,0,,False,Guard,,,,,,,,,,,,,,,,,,,,,,,,,,True,9328435.1389452,2657172.5657241344,24690048.516623553,3831106.0703104497,17124485.29504008,,2.361904823555514,Low,Unknown,41240250.0,,False,Unknown,,182,,,50.25728987993139
wagnemo01,Moritz Wagner,ORL,C,28.0,36.0,427.0,-1.4,-0.8,-2.2,0.0,moritz wagner,wagnemo01,BRK,9268293.0,2.0,9268293.0,9268293.0,wagnemo01,11.9,6.9,3.2,0.8,0.4,0.1,0.426,0.314,0.819,2.0,5.4,,0.653,0.375,0.5,,0.251,0.369,0.021,0.0,0.359,6.5,2.5,1.5,0.0,0.0,0.0,0.25,1.0,1.0,2.0,13.0,-10.5,2018.0,25.0,8,Veteran,,,,,8.0,False,False,True,True,,,,False,48.7944,4.113813583138174,,True,,,,,,,,,,,,,,,,,,,,,,,,,0,56.60847880299252,False,Big,,,,,,,,,,,,,,,,,,,,,,,,,,False,11355778.728855075,3493881.376642988,33393109.278488416,5037471.153987237,23160740.587857716,2087485.7288550753,2.632952668043045,Low,Fairly paid,49488300.0,0.187282509199144,False,Mid-Level,,147,,48.12967581047381,63.80789022298457
mcneeli01,Liam McNeeley,CHO,SF,20.0,31.0,368.0,-1.3,0.0,-1.3,0.1,liam mcneeley,mcneeli01,CHO,2902080.0,3.0,2902080.0,2902080.0,mcneeli01,11.9,4.3,2.4,0.8,0.2,0.1,0.4,0.4,0.821,1.3,3.1,,0.667,0.3,0.0,,0.126,0.211,0.032,0.0,0.632,,,,,,,,,,,,,2025.0,29.0,1,Rookie Scale,,,,,1.0,False,False,False,False,,,,False,12.1086,1.1845369565217392,,True,,,,,,,,,,,,,,,,,,,,,,,,,0,24.438902743142144,False,Wing,,,,,,,,,,,,,,,,,,,,,,,,,,True,7775388.064332152,1977970.1215761865,19948236.502968933,2851833.350009812,13835666.723257918,4873308.064332152,2.311172925738242,Low,Fairly paid,41240250.0,0.0703700874752214,False,Rookie Scale,,178,,74.3142144638404,38.078902229845625
payneca01,Cameron Payne,PHI,PG,31.0,22.0,374.0,-0.7,1.0,0.3,0.2,cameron payne,,,,,,,payneca01,17.0,7.4,2.0,2.6,1.1,0.3,0.376,0.33,0.864,1.0,6.8,,0.5,0.458,0.545,0.0,0.094,0.161,0.074,0.02,0.651,,,,,,,,,,,,,2015.0,14.0,11,Veteran,,,,,11.0,False,True,False,False,,,,False,14.0624,1.3536,,True,,,,,,,,,,,,,,,,,,,,,,,,,0,,False,Guard,,,,,,,,,,,,,,,,,,,,,,,,,,False,10040112.499738123,3189251.7372880736,32531336.50902923,4598256.7515869,22563033.576130547,,2.922485656660369,Low,Unknown,57736350.0,,False,Unknown,,182,,,56.60377358490566
smithni01,Nick Smith Jr.,LAL,SG,21.0,30.0,375.0,-2.1,-2.6,-4.7,-0.3,nick smith,,,,,,,smithni01,12.5,6.2,0.8,1.0,0.3,0.1,0.435,0.395,0.733,0.5,5.4,,0.667,0.517,0.406,0.5,0.037,0.18,0.199,0.05,0.534,3.0,2.7,0.2,0.2,0.2,0.2,0.429,0.429,0.5,6.0,18.0,6.5,2023.0,27.0,3,Rookie Scale,,,,,3.0,False,True,True,True,,,,False,5.994,0.5754239999999999,,True,,,,,,,,,,,,,,,,,,,,,,,,,0,,False,Guard,,,,,,,,,,,,,,,,,,,,,,,,,,True,9120836.151124807,2657172.5657241344,24690048.516623553,3831106.0703104497,17124485.29504008,,2.415664045031909,Low,Unknown,41240250.0,,False,Unknown,,182,,,48.02744425385935
jamesbr02,Bronny James,LAL,SG,21.0,42.0,375.0,-3.4,-0.9,-4.3,-0.2,bronny james,jamesbr02,LAL,2296271.0,2.0,,2296271.0,jamesbr02,8.9,2.9,0.5,1.2,0.5,0.1,0.409,0.386,0.857,0.2,2.7,,0.833,0.267,0.353,0.357,0.104,0.13,0.148,0.122,0.496,5.3,1.5,0.4,0.9,0.1,0.0,0.5,0.333,,8.0,42.0,-2.8,2024.0,55.0,2,Rookie Scale,,,,,2.0,False,False,True,True,,,,False,11.7936,1.1321856,,True,,,,,,,,,,,,,,,,,,,,,,,,,0,5.7356608478802995,False,Guard,,,,,,,,,,,,,,,,,,,,,,,,,,True,9079907.685692327,2657172.5657241344,24690048.516623553,3831106.0703104497,17124485.29504008,6783636.685692327,2.426552858639493,Low,Underpaid,41240250.0,0.0556803365644,False,Rookie Scale,,178,,83.79052369077307,47.85591766723842
etienty01,Tyson Etienne,BRK,PG,26.0,24.0,380.0,-0.8,-2.0,-2.8,-0.1,tyson etienne,,,,,,,etienty01,15.8,7.9,1.1,1.7,0.5,0.0,0.4,0.398,0.833,1.5,6.0,,0.4,0.462,0.6,0.222,0.069,0.09,0.034,0.062,0.745,,,,,,,,,,,,,,,2,Rookie Scale,,,,,2.0,True,True,False,False,,,,False,9.936,0.9413052631578948,,True,,,,,,,,,,,,,,,,,,,,,,,,,0,,False,Guard,,,,,,,,,,,,,,,,,,,,,,,,,,True,6106019.2547636805,2247708.67730385,23512172.43778545,3240741.8580891155,16307535.843609745,,3.4825412225636017,Low,Unknown,41240250.0,,False,Unknown,,182,,,21.440823327615774
olynyke01,Kelly Olynyk,SAS,C,34.0,42.0,360.0,-1.3,1.3,-0.1,0.2,kelly olynyk,,,,,,,olynyke01,8.6,3.2,1.8,1.2,0.4,0.1,0.49,0.255,0.711,0.9,2.3,,0.862,0.533,0.0,1.0,0.302,0.156,0.031,0.021,0.49,3.9,2.8,0.8,0.3,0.4,0.0,0.533,0.625,0.571,9.0,35.0,9.0,2013.0,13.0,13,Veteran,,,,,13.0,False,True,True,True,,,,False,29.1732,2.9173199999999997,,True,,,,,,,,,,,,,,,,,,,,,,,,,0,,False,Big,,,,,,,,,,,,,,,,,,,,,,,,,,False,10207364.341163851,2246782.992876806,28121887.94144139,3239407.2081407495,19504735.124264263,,2.5349447794487445,Low,Unknown,57736350.0,,False,Unknown,,182,,,57.63293310463122
murrade01,Dejounte Murray,NOP,PG,29.0,14.0,389.0,0.8,0.5,1.4,0.3,dejounte murray,murrade01,NOP,32785071.0,2.0,32785071.0,32785071.0,murrade01,27.8,16.7,5.4,6.4,1.6,0.2,0.484,0.306,0.867,3.2,13.0,,0.641,0.476,0.69,0.4,0.214,0.231,0.159,0.055,0.341,,,,,,,,,,,,,2016.0,29.0,9,Veteran,,,,,10.0,False,False,False,False,,,,False,38.948,3.6044421593830336,,True,,,,,,,,,,,,,,,,,,,,,,,,,0,86.28428927680798,False,Guard,,,,,,,,,,,,,,,,,,,,,,,,,,False,23980901.72315767,4796301.258201218,50050305.422610335,6915297.524278304,34713812.678200506,-8804169.27684233,1.8870851766474075,Medium,Fairly paid,57736350.0,0.5678410741240137,False,Mid-Level,,147,,9.72568578553616,90.39451114922812
reeseju01,Julian Reese,WAS,PF,22.0,13.0,402.0,-2.9,-2.2,-5.1,-0.3,julian reese,,,,,,,reeseju01,30.9,11.8,10.5,1.8,1.4,0.6,0.529,,0.636,3.4,9.2,,0.733,0.25,0.5,0.2,0.504,0.303,0.151,0.042,0.0,,,,,,,,,,,,,,,1,Rookie Scale,,,,,1.0,True,True,False,False,,,,False,60.2784,5.398065671641791,,True,,,,,,,,,,,,,,,,,,,,,,,,,0,,False,Big,,,,,,,,,,,,,,,,,,,,,,,,,,True,10048283.313856406,2657172.5657241344,24690048.516623553,3831106.0703104497,17124485.29504008,,2.192700510396285,Low,Unknown,41240250.0,,False,Unknown,,182,,,56.77530017152659
smithma02,Malachi Smith,BRK,SG,26.0,15.0,359.0,-0.1,-0.8,-0.8,0.1,malachi smith,,,,,,,smithma02,23.9,8.3,3.4,3.3,0.8,0.3,0.485,0.435,1.0,0.5,6.6,,0.55,0.52,0.5,0.5,0.202,0.253,0.061,0.02,0.465,,,,,,,,,,,,,,,1,Rookie Scale,,,,,1.0,True,True,False,False,,,,False,19.998,2.0053704735376043,,True,,,,,,,,,,,,,,,,,,,,,,,,,0,,False,Guard,,,,,,,,,,,,,,,,,,,,,,,,,,True,5003143.931346138,1877551.3452782135,18565787.85620531,2707049.7599596614,12876830.149619302,,3.335549954173912,Low,Unknown,41240250.0,,False,Unknown,,182,,,14.751286449399656
tateja01,Jae'Sean Tate,HOU,SF,30.0,46.0,405.0,-3.2,-0.7,-3.9,-0.2,jaesean tate,tateja01,HOU,2449421.0,1.0,2449421.0,2449421.0,tateja01,8.8,2.8,1.6,0.5,0.2,0.1,0.514,0.313,0.636,0.2,2.4,,0.765,0.515,0.222,1.0,0.312,0.303,0.083,0.009,0.294,6.0,2.0,2.0,0.0,0.2,0.0,0.3,0.0,0.667,5.0,30.0,-7.5,,,6,Veteran,,,,,6.0,True,False,True,True,,,,False,34.4448,3.0617600000000005,,True,,,,,,,,,,,,,,,,,,,,,,,,,0,13.591022443890274,False,Wing,,,,,,,,,,,,,,,,,,,,,,,,,,False,4953610.379878066,2245755.3823262984,18880354.178907342,3237925.6013122182,13095006.56850312,2504189.3798780655,3.358075730814847,Low,Leaning underpaid,41240250.0,0.0593939415983171,False,Minimum,,29,,52.86783042394016,14.065180102915953
hayeski01,Killian Hayes,SAC,PG,24.0,23.0,406.0,-5.1,-0.9,-6.0,-0.4,killian hayes,,,,,,,hayeski01,17.7,5.5,2.3,3.5,0.9,0.2,0.304,0.27,0.929,1.2,6.0,,0.6,0.423,0.29,0.154,0.036,0.188,0.225,0.094,0.457,,,,,,,,,,,,,2020.0,7.0,6,Veteran,,,,,6.0,False,True,False,False,,,,False,4.968,0.440512315270936,,True,,,,,,,,,,,,,,,,,,,,,,,,,0,,False,Guard,,,,,,,,,,,,,,,,,,,,,,,,,,False,5103034.381860663,2353859.743606835,19735972.47461598,3393790.2523594606,13688444.969936987,,3.4062307698329275,Low,Unknown,41240250.0,,False,Unknown,,182,,,15.437392795883362
jacksan01,Andre Jackson Jr.,MIL,SG,24.0,48.0,408.0,-5.7,-1.4,-7.1,-0.5,andre jackson,jacksan01,TOR,2537526.0,1.0,,2537526.0,jacksan01,8.5,2.4,1.5,0.9,0.4,0.1,0.328,0.25,0.625,0.7,2.5,,0.567,0.368,0.0,0.0,0.252,0.16,0.067,0.017,0.504,,,,,,,,,,,,,2023.0,36.0,3,Rookie Scale,,,,,3.0,False,False,False,False,,,,False,30.24,2.6682352941176473,,True,,,,,,,,,,,,,,,,,,,,,,,,,0,18.07980049875312,False,Guard,,,,,,,,,,,,,,,,,,,,,,,,,,True,4766853.309408084,2279409.2962118275,19735972.47461598,3286447.7467835713,13688444.969936987,2229327.3094080836,3.6620726599560065,Low,Leaning underpaid,41240250.0,0.061530325349628,False,Rookie Scale,,178,,50.374064837905244,11.49228130360206
cainja01,Jamal Cain,ORL,SF,26.0,40.0,486.0,-0.4,-1.0,-1.4,0.1,jamal cain,cainja01,ORL,2584539.0,1.0,2584539.0,2584539.0,cainja01,12.2,5.4,2.0,0.7,0.3,0.1,0.487,0.384,0.848,1.2,3.8,,0.618,0.607,0.417,0.6,0.224,0.184,0.079,0.033,0.48,17.6,4.6,3.4,0.6,0.3,0.4,0.414,0.25,0.455,7.0,123.0,-4.0,,,4,Rookie Scale,,,,,4.0,True,False,True,True,,,,False,34.048,2.5220740740740744,,True,,,,,,,,,,,,,,,,,,,,,,,,,0,19.201995012468828,False,Wing,,,,,,,,,,,,,,,,,,,,,,,,,,True,6068884.660174897,1931981.0673355164,18859043.005114347,2785526.4239403526,13080225.597862609,3484345.660174897,2.7891553202283164,Low,Leaning underpaid,41240250.0,0.0626703038900103,False,Rookie Scale,,178,,60.349127182044896,21.269296740994857
gardnmy01,Myron Gardner,MIA,SF,24.0,45.0,411.0,-1.1,1.9,0.9,0.3,myron gardner,gardnmy01,MIA,2150917.0,2.0,,2150917.0,gardnmy01,9.1,3.6,2.7,1.0,0.4,0.2,0.48,0.406,0.731,0.6,2.7,,0.622,0.529,0.25,0.0,0.301,0.138,0.033,0.008,0.52,,,,,,,,,,,,,,,1,Rookie Scale,,,,,1.0,True,False,False,False,,,,False,36.5715,3.2033430656934305,,True,,,,,,,,,,,,,,,,,,,,,,,,,0,1.99501246882793,False,Wing,,,,,,,,,,,,,,,,,,,,,,,,,,True,9535597.142175632,2213157.016619861,28867616.33112855,3190925.343086198,20021956.25628008,7384680.142175632,2.7952585367325233,Low,Underpaid,41240250.0,0.0521557701517328,False,Rookie Scale,,178,,86.28428927680798,51.97255574614065
maluakh01,Khaman Maluach,PHO,C,19.0,46.0,411.0,-3.7,0.0,-3.7,-0.2,khaman maluach,maluakh01,PHO,6316680.0,3.0,6316680.0,6316680.0,maluakh01,8.9,3.0,2.9,0.1,0.1,0.7,0.533,0.238,0.71,0.7,2.3,,0.682,0.313,0.5,,0.629,0.152,0.019,0.0,0.2,11.3,2.0,2.3,0.0,0.0,0.0,0.5,0.0,,4.0,45.0,-8.6,2025.0,10.0,1,Rookie Scale,,,,,1.0,False,False,True,True,,,,False,66.5482,5.829039416058394,,True,,,,,,,,,,,,,,,,,,,,,,,,,0,45.8852867830424,False,Big,,,,,,,,,,,,,,,,,,,,,,,,,,True,6293533.965483812,2271895.7099049394,19411844.673019197,3275614.673131738,13463636.915452177,-23146.034516188316,2.723422016488098,Low,Fairly paid,41240250.0,0.153167839671195,False,Rookie Scale,,178,,35.910224438902745,22.641509433962263
toppiob01,Obi Toppin,IND,PF,27.0,24.0,424.0,3.4,-0.4,3.0,0.5,obi toppin,toppiob01,IND,15000000.0,2.0,31025000.0,15000000.0,toppiob01,17.7,11.6,4.4,2.3,0.5,0.0,0.503,0.352,0.913,1.9,8.3,,0.769,0.682,0.467,0.2,0.261,0.111,0.075,0.025,0.528,,,,,,,,,,,,,2020.0,8.0,6,Veteran,,,,,6.0,False,False,False,False,,,,False,51.991200000000006,4.414347169811322,,True,,,,,,,,,,,,,,,,,,,,,,,,,0,70.69825436408978,False,Big,,,,,,,,,,,,,,,,,,,,,,,,,,False,12087153.409585193,4041833.266183416,31877842.351716183,5827507.088173666,22109784.11897516,-2912846.590414807,2.302941655680371,Low,Fairly paid,41240250.0,0.363722334369942,False,Mid-Level,,147,,23.44139650872818,67.9245283018868
konanya01,Yanic Konan Niederhäuser,LAC,C,22.0,41.0,424.0,-2.6,0.4,-2.2,0.0,yanic konan niederhauser,konanya01,LAC,2880960.0,3.0,2880960.0,2880960.0,konanya01,10.3,4.3,2.9,0.3,0.1,0.7,0.64,0.2,0.758,1.5,2.4,,0.702,0.629,0.333,,0.57,0.35,0.03,0.0,0.05,,,,,,,,,,,,,2025.0,30.0,1,Rookie Scale,,,,,1.0,False,False,False,False,,,,False,56.087999999999994,4.762188679245282,,True,,,,,,,,,,,,,,,,,,,,,,,,,0,24.189526184538657,False,Big,,,,,,,,,,,,,,,,,,,,,,,,,,True,5908262.571864847,2010156.72948151,19234211.37514614,2898239.936664896,13340434.290099353,3027302.571864847,2.9152486769436408,Low,Leaning underpaid,41240250.0,0.0698579664284285,False,Rookie Scale,,178,,56.60847880299252,19.897084048027445
carlsbr01,Branden Carlson,OKC,C,26.0,42.0,488.0,0.5,0.3,0.8,0.4,branden carlson,carlsbr01,POR,2449421.0,1.0,2449421.0,2449421.0,carlsbr01,11.6,5.8,3.0,0.7,0.2,0.6,0.527,0.36,0.577,0.6,4.4,,0.815,0.452,0.0,0.0,0.349,0.167,0.011,0.011,0.462,,,,,,,,,,,,,,,2,Rookie Scale,,,,,2.0,True,False,False,False,,,,False,64.4952,4.757842622950819,,True,,,,,,,,,,,,,,,,,,,,,,,,,0,13.591022443890274,False,Big,,,,,,,,,,,,,,,,,,,,,,,,,,True,4885355.981817514,1822167.6732296664,18565787.85620531,2627197.6927968916,12876830.149619302,2435934.9818175137,3.4273081112804524,Low,Leaning underpaid,41240250.0,0.0593939415983171,False,Rookie Scale,,178,,52.119700748129674,13.20754716981132
mashaja01,Jahmai Mashack,MEM,SG,23.0,31.0,673.0,-6.1,-0.9,-7.0,-0.8,jahmai mashack,,,,,,,mashaja01,21.7,6.2,2.6,2.2,1.2,0.5,0.395,0.253,0.543,1.1,6.3,,0.589,0.415,0.375,0.0,0.287,0.272,0.041,0.015,0.385,,,,,,,,,,,,,2025.0,59.0,1,Rookie Scale,,,,,1.0,False,True,False,False,,,,False,56.05109999999999,2.998275780089153,26.172106824925816,True,0.79155672823219,0.2652519893899204,4.619565217391304,0.5277044854881267,24.670184696569923,8.575197889182059,2.3746701846965697,25.593667546174142,20.052770448548813,23.7467018469657,50.52770448548812,85.75197889182058,66.75461741424802,7.255936675461741,7.181571815718158,3.16622691292876,59.283819628647215,1.1936339522546418,8.355437665782492,12.46684350132626,1.989389920424403,,16.61721068249258,2.0296956346010067,3,,True,Guard,1.7647058823529411,0.591715976331361,8.024691358024691,1.1764705882352942,27.941176470588236,9.411764705882351,2.3529411764705883,27.35294117647059,18.823529411764707,42.05882352941177,35.88235294117647,79.70588235294119,88.52941176470588,12.647058823529411,4.705882352941177,2.3529411764705883,33.72781065088758,2.0710059171597637,8.875739644970414,10.059171597633137,2.9585798816568047,,25.179856115107913,,,True,9313262.28875338,2657172.5657241344,24690048.516623553,3831106.0703104497,17124485.29504008,,2.36575275856948,Low,Unknown,41240250.0,,False,Unknown,40.0,182,,,49.914236706689536
vukcetr01,Tristan Vukcevic,WAS,C,22.0,49.0,671.0,0.8,-0.8,0.0,0.3,tristan vukcevic,,,,,,,vukcetr01,13.7,9.0,3.0,1.1,0.5,0.7,0.479,0.347,0.784,2.3,6.5,,0.796,0.648,0.422,0.25,0.17,0.17,0.142,0.063,0.454,,,,,,,,,,,,,2023.0,42.0,3,Rookie Scale,,,,,3.0,False,True,False,False,,,,False,54.145,2.9049478390461996,71.6320474777448,True,57.65171503957783,29.973474801061005,75.81521739130434,70.05277044854881,28.100263852242747,8.179419525065963,20.052770448548813,16.62269129287599,42.21635883905013,31.6622691292876,15.8311345646438,16.75461741424802,79.15567282321899,64.37994722955145,44.71544715447154,51.45118733509235,38.06366047745358,68.56763925729443,12.9973474801061,1.0610079575596816,24.6684350132626,,81.15727002967358,54.083688332031464,3,,True,Big,50.0,24.647887323943664,68.57142857142857,66.19718309859155,21.47887323943662,8.450704225352112,23.591549295774648,15.140845070422534,45.07042253521127,11.267605633802818,27.11267605633803,25.704225352112676,57.04225352112676,39.08450704225352,50.75757575757576,72.53521126760563,60.91549295774647,55.633802816901415,11.971830985915492,2.112676056338028,27.464788732394368,,64.07407407407408,,,True,10448482.1877111,2122454.304329888,28551306.36634891,3060150.3546153074,19802570.48484684,,2.5294441419542366,Low,Unknown,41240250.0,,False,Unknown,3.0,182,,,59.00514579759862
thompet01,Ethan Thompson,IND,SG,26.0,32.0,653.0,-4.1,-0.8,-4.9,-0.5,ethan thompson,,,,,,,thompet01,20.4,7.0,2.2,1.8,0.6,0.3,0.378,0.328,0.787,1.5,6.1,,0.615,0.5,0.143,0.6,0.133,0.143,0.107,0.026,0.592,,,,,,,,,,,,,,,1,Rookie Scale,,,,,1.0,True,True,False,False,,,,False,25.9616,1.4312673813169985,,True,4.881266490765172,36.60477453580902,15.217391304347828,3.6939313984168862,28.100263852242747,7.12401055408971,3.16622691292876,55.8047493403694,26.385224274406333,13.456464379947231,39.97361477572559,28.49604221635884,40.89709762532981,3.95778364116095,30.35230352303523,53.29815303430079,39.92042440318303,11.140583554376658,56.76392572944297,73.87267904509284,93.76657824933687,,,20.653628812750114,3,,True,Guard,9.705882352941178,39.64497041420118,21.604938271604937,6.470588235294119,32.64705882352941,7.0588235294117645,3.5294117647058822,60.29411764705882,26.47058823529412,25.294117647058822,27.647058823529413,24.11764705882353,61.47058823529412,7.0588235294117645,28.823529411764703,38.52941176470589,21.301775147928996,17.75147928994083,60.05917159763313,72.7810650887574,94.0828402366864,,,,,True,8919228.750422537,2348158.042306969,30435212.789687894,3385569.550872931,21109207.360103577,,3.149045229504887,Low,Unknown,41240250.0,,False,Unknown,23.0,182,,,47.16981132075472
balllo01,Lonzo Ball,CLE,PG,28.0,35.0,728.0,-2.9,1.8,-1.1,0.2,lonzo ball,,,,,,,balllo01,20.8,4.6,4.0,3.9,1.3,0.3,0.301,0.272,0.667,0.6,5.0,,0.588,0.25,0.5,0.0,0.097,0.023,0.023,0.023,0.835,,,,,,,,,,,,,2017.0,2.0,7,Veteran,,,,,9.0,False,True,False,False,,,,False,16.975,0.8394230769230769,,True,41.82058047493404,55.96816976127321,,11.74142480211082,93.93139841688657,11.08179419525066,5.013192612137203,72.16358839050132,8.970976253298153,54.35356200527705,81.66226912928761,89.5778364116095,40.89709762532981,0.2638522427440633,10.29810298102981,15.03957783641161,69.09814323607428,0.2652519893899204,66.9761273209549,68.43501326259947,23.87267904509284,,,50.30913404673754,2,,True,Guard,48.23529411764706,57.98816568047337,,16.176470588235293,95.2941176470588,12.352941176470589,6.470588235294119,76.76470588235294,9.411764705882351,80.0,72.35294117647058,85.0,61.47058823529412,0.5882352941176471,7.647058823529412,7.352941176470589,44.37869822485207,0.591715976331361,69.23076923076923,68.04733727810651,21.89349112426036,,,,,False,9388747.62139695,2668050.879727564,29244195.95446935,3846790.401599609,20283143.763383094,,2.8306379238669455,Low,Unknown,49488300.0,,False,Unknown,5.0,182,,,50.77186963979416
howarje01,Jett Howard,ORL,SF,22.0,55.0,695.0,-0.8,-1.1,-1.8,0.0,jett howard,,,,,,,howarje01,12.6,5.5,1.6,0.8,0.2,0.2,0.418,0.372,0.949,0.7,4.6,,0.667,0.362,0.4,0.286,0.167,0.187,0.04,0.028,0.578,3.0,0.0,0.0,0.0,0.0,0.0,0.0,0.0,,1.0,3.0,-27.8,2023.0,11.0,3,Rookie Scale,,,,,3.0,False,True,True,True,,,,False,42.251,2.1885410071942446,29.198813056379823,True,30.21108179419525,9.549071618037134,5.434782608695652,47.0976253298153,18.601583113456467,9.234828496042216,31.398416886543533,16.62269129287599,13.720316622691293,4.221635883905013,6.992084432717678,1.3192612137203166,24.406332453825858,18.46965699208443,65.71815718157181,99.73614775725594,24.801061007957557,35.80901856763926,9.814323607427056,38.196286472148536,8.222811671087534,,19.584569732937684,13.171715783573609,3,,True,Wing,29.850746268656714,9.090909090909092,4.545454545454546,42.53731343283582,24.62686567164179,7.462686567164178,25.37313432835821,19.402985074626866,12.686567164179104,7.462686567164178,7.462686567164178,4.477611940298507,24.62686567164179,13.432835820895525,66.4179104477612,98.50746268656717,18.939393939393938,34.090909090909086,12.12121212121212,37.878787878787875,6.0606060606060606,,15.873015873015872,,,True,9613312.770146685,2260019.587736936,24391743.641702015,3258491.70403425,16917587.46571444,,2.302195360031689,Low,Unknown,41240250.0,,False,Unknown,28.0,182,,,53.17324185248714
coopesh01,Sharife Cooper,WAS,PG,24.0,41.0,700.0,-1.0,-2.9,-3.9,-0.3,sharife cooper,,,,,,,coopesh01,17.1,8.1,2.1,3.0,0.4,0.1,0.514,0.382,0.833,1.5,6.0,,0.701,0.364,0.559,0.563,0.312,0.178,0.138,0.065,0.308,,,,,,,,,,,,,2021.0,48.0,2,Veteran,,,,,5.0,False,True,False,False,,,,False,76.752,3.947245714285714,59.124629080118694,True,9.102902374670183,3.183023872679045,15.760869565217392,42.34828496042216,1.4511873350923483,9.630606860158313,10.686015831134563,36.01583113456465,34.696569920844325,12.137203166226913,67.67810026385224,8.839050131926122,9.366754617414248,80.07915567282322,73.30623306233063,74.40633245382587,93.10344827586206,75.59681697612733,22.546419098143236,24.53580901856764,47.08222811671088,,64.09495548961425,9.379685632878711,3,,True,Guard,15.294117647058824,4.733727810650888,22.839506172839503,50.588235294117645,2.6470588235294117,10.882352941176473,12.352941176470589,38.82352941176471,37.05882352941177,23.52941176470588,55.00000000000001,5.294117647058823,16.76470588235294,94.70588235294116,70.58823529411765,62.35294117647059,85.79881656804734,86.68639053254438,24.2603550295858,22.7810650887574,45.5621301775148,,83.45323741007195,,,False,4821515.808620658,2279409.2962118275,19677587.739160072,3286447.7467835713,13647950.576291095,,3.6084457945447506,Low,Unknown,41240250.0,,False,Unknown,34.0,182,,,12.521440823327614
joneska03,Kam Jones,IND,SG,23.0,37.0,616.0,-4.2,-1.9,-6.2,-0.6,kam jones,,,,,,,joneska03,16.6,4.4,1.6,3.2,0.5,0.0,0.402,0.293,0.5,0.2,4.6,,0.692,0.386,0.5,0.667,0.154,0.337,0.047,0.018,0.444,,,,,,,,,,,,,2025.0,38.0,1,Rookie Scale,,,,,1.0,False,True,False,False,,,,False,26.2108,1.5317999999999998,,True,1.4511873350923483,3.978779840848806,10.054347826086955,3.430079155672823,6.860158311345646,5.277044854881266,7.255936675461741,25.593667546174142,6.860158311345646,4.221635883905013,70.18469656992085,16.75461741424802,1.3192612137203166,10.422163588390502,13.550135501355012,1.978891820580475,81.16710875331566,1.989389920424403,19.76127320954907,6.49867374005305,23.47480106100796,,,5.625219708873998,3,,True,Guard,3.2352941176470593,5.9171597633136095,14.814814814814811,5.88235294117647,11.176470588235295,5.294117647058823,7.941176470588235,27.35294117647059,5.88235294117647,6.764705882352941,57.35294117647059,11.470588235294118,2.3529411764705883,16.76470588235294,10.882352941176473,1.1764705882352942,61.53846153846154,3.8461538461538463,20.710059171597635,4.142011834319527,21.301775147928996,,,,,True,8201016.349424428,2657172.5657241344,24690048.516623553,3831106.0703104497,17124485.29504008,,2.686603100412762,Low,Unknown,41240250.0,,False,Unknown,38.0,182,,,40.82332761578045
loveke01,Kevin Love,UTA,PF,37.0,37.0,613.0,1.1,-0.9,0.2,0.3,kevin love,,,,,,,loveke01,16.6,6.7,5.8,1.8,0.4,0.2,0.397,0.373,0.841,1.2,5.4,,0.367,0.529,0.571,0.667,0.151,0.085,0.035,0.015,0.714,,,,,,,,,,,,,2008.0,5.0,18,Veteran,,,,,18.0,False,True,False,False,,,,False,30.1698,1.771799021207178,,True,61.08179419525066,46.94960212201592,13.31521739130435,75.46174142480211,24.670184696569923,5.013192612137203,7.255936675461741,98.54881266490764,24.80211081794195,81.39841688654353,39.97361477572559,8.839050131926122,24.406332453825858,8.70712401055409,66.53116531165311,77.70448548812665,35.278514588859416,44.16445623342175,79.3103448275862,73.87267904509284,42.83819628647215,,,37.86975586630777,3,,True,Big,54.5774647887324,43.66197183098591,7.142857142857142,73.59154929577466,18.30985915492958,5.633802816901409,8.80281690140845,98.59154929577466,28.169014084507044,59.859154929577464,54.5774647887324,13.732394366197184,5.985915492957746,4.225352112676056,70.83333333333334,92.95774647887325,55.633802816901415,33.098591549295776,74.64788732394366,71.83098591549296,45.774647887323944,,,,,False,11548351.064834578,2232257.276784936,38715458.56085421,3218464.0598435663,26852207.291925825,,3.1591697446021367,Low,Unknown,57736350.0,,False,Unknown,13.0,182,,,65.52315608919382
hukpoar01,Ariel Hukporti,NYK,C,23.0,54.0,498.0,-3.7,1.4,-2.3,0.0,ariel hukporti,hukpoar01,PHI,3400000.0,1.0,3400000.0,3400000.0,hukpoar01,9.2,2.2,2.9,0.5,0.2,0.5,0.563,0.25,0.788,0.6,1.5,,0.795,0.286,0.25,,0.55,0.35,0.05,0.0,0.05,7.6,1.7,3.2,0.3,0.2,0.7,0.455,0.0,0.467,10.0,76.0,-4.3,2024.0,58.0,2,Rookie Scale,,,,,2.0,False,False,True,True,,,,False,44.55,3.2204819277108436,,True,,,,,,,,,,,,,,,,,,,,,,,,,0,28.17955112219451,False,Big,,,,,,,,,,,,,,,,,,,,,,,,,,True,7981489.447608785,2351046.877326737,21074077.25168681,3389734.667404361,14616525.591679966,4581489.447608785,2.34580656871875,Low,Fairly paid,41240250.0,0.0824437291238535,False,Rookie Scale,,178,,71.07231920199501,39.451114922813034
russeda01,D'Angelo Russell,DAL,PG,29.0,26.0,495.0,-0.7,-1.6,-2.3,0.0,dangelo russell,russeda01,MEM,5969250.0,1.0,5969250.0,5969250.0,russeda01,19.0,10.2,2.3,4.0,0.5,0.1,0.405,0.295,0.717,2.3,8.9,,0.65,0.511,0.486,0.389,0.086,0.194,0.159,0.078,0.483,,,,,,,,,,,,,2015.0,2.0,11,Veteran,,,,,11.0,False,False,False,False,,,,False,19.9004,1.447301818181818,,True,,,,,,,,,,,,,,,,,,,,,,,,,0,42.8927680798005,False,Guard,,,,,,,,,,,,,,,,,,,,,,,,,,False,10668599.687079247,2778369.8604337093,35018659.77748301,4005848.0864882814,24288187.364547435,4699349.687079249,3.021979534586488,Low,Fairly paid,57736350.0,0.103388073544656,False,Mid-Level,,147,,73.06733167082294,60.03430531732419
peterta01,Taelon Peter,IND,SG,23.0,38.0,492.0,-4.1,-0.4,-4.6,-0.3,taelon peter,peterta01,SAS,2185116.0,1.0,,2185116.0,peterta01,12.9,4.5,1.6,1.1,0.7,0.1,0.38,0.328,0.625,0.4,4.2,,0.667,0.2,,0.5,0.152,0.032,0.0,0.025,0.791,,,,,,,,,,,,,2025.0,54.0,1,Rookie Scale,,,,,1.0,False,False,False,False,,,,False,24.2592,1.7750634146341462,,True,,,,,,,,,,,,,,,,,,,,,,,,,0,3.7406483790523697,False,Guard,,,,,,,,,,,,,,,,,,,,,,,,,,True,6386108.900382508,2279409.2962118275,19735972.47461598,3286447.7467835713,13688444.969936987,4200992.900382508,2.733521061214374,Low,Underpaid,41240250.0,0.0529850328259406,False,Rookie Scale,,178,,67.08229426433915,23.67066895368782
holidaa01,Aaron Holiday,HOU,PG,29.0,57.0,781.0,-2.2,-0.2,-2.4,-0.1,aaron holiday,,,,,,,holidaa01,13.7,5.5,1.0,1.1,0.5,0.1,0.417,0.394,0.854,0.7,4.4,,0.588,0.657,0.19,0.111,0.067,0.139,0.083,0.036,0.675,11.2,2.7,0.3,0.5,0.3,0.2,0.273,0.267,,6.0,67.0,-10.4,2018.0,23.0,8,Veteran,,,,,8.0,False,True,True,True,,,,False,16.803600000000003,0.7745577464788734,,True,22.823218997361476,37.13527851458886,27.445652173913043,20.58047493403694,44.72295514511873,13.456464379947231,36.80738786279684,77.57255936675462,13.720316622691293,0.5277044854881267,15.8311345646438,16.75461741424802,9.366754617414248,17.54617414248021,83.06233062330624,81.92612137203166,69.09814323607428,53.18302387267904,81.6976127320955,83.55437665782493,88.19628647214854,,,29.923653757528584,3,,True,Guard,30.88235294117647,40.23668639053255,33.33333333333333,27.058823529411764,52.94117647058824,14.117647058823527,40.294117647058826,82.35294117647058,14.705882352941178,1.1764705882352942,8.235294117647058,11.470588235294118,16.76470588235294,26.764705882352946,80.88235294117648,71.17647058823529,44.37869822485207,64.79289940828401,85.50295857988166,83.72781065088756,89.64497041420118,,,,,False,6728810.927319784,2279332.0491054663,28824664.379279107,3286336.372060714,19992165.708588615,,3.945025743314676,Low,Unknown,49488300.0,,False,Unknown,16.0,182,,,27.27272727272727
eubandr01,Drew Eubanks,SAC,C,28.0,42.0,552.0,-3.0,-0.7,-3.7,-0.2,drew eubanks,,,,,,,eubandr01,13.1,5.2,3.0,0.5,0.4,0.6,0.596,0.143,0.561,1.4,3.7,,0.837,0.519,0.524,0.0,0.314,0.494,0.135,0.013,0.045,,,,,,,,,,,,,,,8,Veteran,,,,,8.0,True,True,False,False,,,,False,48.7956,3.182321739130435,78.026706231454,True,10.422163588390502,2.9177718832891246,23.369565217391305,10.29023746701847,30.606860158311346,3.16622691292876,11.74142480211082,72.16358839050132,11.213720316622693,31.6622691292876,2.242744063324538,8.839050131926122,73.87862796833772,92.61213720316624,2.4390243902439024,4.749340369393139,8.222811671087534,70.42440318302387,8.355437665782492,10.610079575596815,14.588859416445624,,88.4272997032641,12.463292309852786,3,,True,Big,4.929577464788732,2.8169014084507045,17.142857142857142,7.394366197183098,23.591549295774648,3.5211267605633805,13.028169014084506,69.01408450704226,10.915492957746478,11.267605633802818,4.225352112676056,13.732394366197184,48.59154929577465,80.28169014084507,6.8181818181818175,8.450704225352112,17.95774647887324,57.74647887323944,8.450704225352112,13.732394366197184,17.6056338028169,,76.29629629629629,,,False,4543682.842231099,2327438.200717742,19383368.11046392,3355695.724869942,13443886.185663143,,3.753767703859179,Low,Unknown,49488300.0,,False,Unknown,30.0,182,,,7.718696397941681
whitmca01,Cam Whitmore,WAS,SF,21.0,21.0,354.0,-1.1,-2.1,-3.3,-0.1,cam whitmore,whitmca01,WAS,5458310.0,1.0,5458310.0,5458310.0,whitmca01,16.9,9.2,2.8,0.7,0.7,0.4,0.456,0.286,0.742,1.5,8.0,,0.77,0.278,0.375,0.125,0.361,0.213,0.047,0.047,0.331,,,,,,,,,,,,,2023.0,20.0,3,Rookie Scale,,,,,3.0,False,False,False,False,,,,False,60.648,6.167593220338983,,True,,,,,,,,,,,,,,,,,,,,,,,,,0,39.65087281795511,False,Wing,,,,,,,,,,,,,,,,,,,,,,,,,,True,7816176.567196434,2110227.7636271515,19234211.37514614,3042522.152777997,13340434.290099353,2357866.5671964344,2.190838892174764,Low,Fairly paid,41240250.0,0.1323539503276532,False,Rookie Scale,,178,,51.3715710723192,38.25042881646655
wallake01,Keaton Wallace,ATL,PG,26.0,53.0,536.0,-3.0,0.3,-2.7,-0.1,keaton wallace,,,,,,,wallake01,10.1,3.5,1.1,1.8,0.5,0.1,0.398,0.373,0.667,0.3,3.2,,0.571,0.429,0.5,0.182,0.041,0.123,0.175,0.064,0.596,5.0,2.0,1.0,1.0,0.3,0.0,0.25,0.0,1.0,3.0,15.0,-3.6,,,2,Rookie Scale,,,,,2.0,True,True,True,True,,,,False,6.953600000000002,0.4670328358208956,,True,18.073878627968337,22.015915119363395,5.978260869565218,10.29023746701847,61.08179419525066,1.8469656992084431,26.912928759894463,55.8047493403694,1.8469656992084431,1.3192612137203166,39.97361477572559,16.75461741424802,9.366754617414248,9.102902374670183,66.53116531165311,15.03957783641161,91.3793103448276,10.079575596816976,25.72944297082228,14.854111405835544,4.376657824933687,,,15.016285652840311,3,,True,Guard,25.588235294117645,25.44378698224852,9.876543209876544,14.117647058823527,67.94117647058823,1.1764705882352942,30.88235294117647,60.29411764705882,1.7647058823529411,2.941176470588235,27.647058823529413,11.470588235294118,16.76470588235294,14.705882352941178,63.23529411764706,7.352941176470589,81.95266272189349,15.384615384615383,28.99408284023669,13.017751479289942,5.621301775147929,,,,,True,10565437.97496311,2308999.331181744,23514534.499023855,3329110.599793667,16309174.118354963,,2.0070663628041556,Medium,Unknown,41240250.0,,False,Unknown,26.0,182,,,59.51972555746141
harklej01,Elijah Harkless,UTA,SG,25.0,26.0,545.0,-4.9,-0.7,-5.6,-0.5,elijah harkless,,,,,,,harklej01,21.0,6.8,2.0,2.9,1.2,0.2,0.335,0.239,0.766,2.5,6.2,,0.5,0.481,0.3,0.333,0.186,0.168,0.062,0.037,0.547,,,,,,,,,,,,,,,2,Rookie Scale,,,,,2.0,True,True,False,False,,,,False,29.983200000000004,1.9805416513761471,,True,2.5065963060686016,55.437665782493376,16.847826086956523,1.4511873350923483,30.606860158311346,2.5065963060686016,1.7150395778364116,46.04221635883905,25.593667546174142,10.554089709762533,66.2269129287599,85.75197889182058,24.406332453825858,0.9234828496042216,6.233062330623306,42.61213720316623,63.793103448275865,1.989389920424403,68.83289124668434,81.83023872679045,67.50663129973475,,,27.73370852756086,3,,True,Guard,4.705882352941177,57.396449704142015,24.074074074074073,2.941176470588235,36.17647058823529,2.6470588235294117,1.1764705882352942,49.11764705882353,25.294117647058822,20.588235294117645,52.94117647058824,79.70588235294119,40.294117647058826,1.4705882352941175,4.117647058823529,28.823529411764703,38.46153846153847,3.8461538461538463,71.89349112426035,81.06508875739645,65.38461538461539,,,,,True,11172301.689953418,2659653.169183017,30732768.524789475,3834682.599397024,21315585.602202732,,2.5127423278276604,Low,Unknown,41240250.0,,False,Unknown,17.0,182,,,62.778730703259
mbengbe01,Bez Mbeng,UTA,SG,22.0,15.0,492.0,-5.0,0.1,-4.9,-0.4,bez mbeng,,,,,,,mbengbe01,32.8,8.1,3.8,4.1,2.3,0.3,0.5,0.194,0.64,1.7,6.7,,0.75,0.588,0.0,,0.32,0.34,0.03,0.0,0.31,,,,,,,,,,,,,,,1,Rookie Scale,,,,,1.0,True,True,False,False,,,,False,32.160000000000004,2.3531707317073174,,True,,,,,,,,,,,,,,,,,,,,,,,,,0,,False,Guard,,,,,,,,,,,,,,,,,,,,,,,,,,True,6409044.634352437,2279409.2962118275,19735972.47461598,3286447.7467835713,13688444.969936987,,2.7237387433436004,Low,Unknown,41240250.0,,False,Unknown,,182,,,24.356775300171527
liddeej01,E.J. Liddell,BRK,PF,25.0,26.0,349.0,-2.2,-1.2,-3.3,-0.1,ej liddell,liddeej01,PHO,706898.0,1.0,706898.0,706898.0,liddeej01,13.4,5.7,2.7,0.9,0.2,0.4,0.486,0.346,0.808,1.0,4.3,,0.762,0.5,0.667,0.5,0.189,0.27,0.054,0.018,0.468,,,,,,,,,,,,,2022.0,41.0,3,Rookie Scale,,,,,4.0,False,False,False,False,,,,False,21.1302,2.1796194842406877,,True,,,,,,,,,,,,,,,,,,,,,,,,,0,0.2493765586034912,False,Big,,,,,,,,,,,,,,,,,,,,,,,,,,True,4099652.4210704914,2048542.607745659,18487630.388659183,2953584.61887672,12822621.815326637,3392754.4210704914,4.009873543528597,Low,Underpaid,41240250.0,0.0171409727147628,False,Rookie Scale,,178,,58.60349127182045,5.317324185248713
pullizy01,Zyon Pullin,MIN,SG,24.0,5.0,43.0,0.2,-1.3,-1.1,0.0,zyon pullin,,,,,,,pullizy01,8.6,4.6,0.6,1.8,0.2,0.0,0.692,0.333,1.0,0.8,2.6,,0.75,0.833,,,0.308,0.462,0.0,0.0,0.231,,,,,,,,,,,,,,,2,Rookie Scale,,,,,2.0,True,True,False,False,,,,False,4.004,3.352186046511628,,True,,,,,,,,,,,,,,,,,,,,,,,,,0,,False,Guard,,,,,,,,,,,,,,,,,,,,,,,,,,True,7700516.32106993,2249505.0781801706,24955594.547613867,3243331.9052658617,17308662.29654691,,2.948645067773696,Low,Unknown,41240250.0,,False,Unknown,,182,,,36.36363636363637
reevean01,Antonio Reeves,CHO,SG,25.0,10.0,68.0,1.2,0.1,1.3,0.1,antonio reeves,,,,,,,reevean01,6.8,2.7,0.8,0.3,0.1,0.0,0.5,0.538,,0.0,2.0,,0.667,0.0,0.5,,0.15,0.1,0.1,0.0,0.65,,,,,,,,,,,,,2024.0,47.0,2,Rookie Scale,,,,,2.0,False,True,False,False,,,,False,3.0,1.5882352941176472,,True,,,,,,,,,,,,,,,,,,,,,,,,,0,,False,Guard,,,,,,,,,,,,,,,,,,,,,,,,,,True,3882741.8235716783,1920464.4568285088,18464117.81728987,2768921.7980338773,12806314.00279268,,4.26081725548342,Low,Unknown,41240250.0,,False,Unknown,,182,,,2.401372212692967
richmka01,Kadary Richmond,WAS,SG,24.0,3.0,67.0,-0.8,4.4,3.6,0.1,kadary richmond,,,,,,,richmka01,22.3,8.3,3.3,2.7,2.7,0.3,0.625,0.5,1.0,1.0,5.3,,0.857,0.25,1.0,,0.438,0.25,0.063,0.0,0.25,,,,,,,,,,,,,,,1,Rookie Scale,,,,,1.0,True,True,False,False,,,,False,6.964199999999999,3.7419582089552232,,True,,,,,,,,,,,,,,,,,,,,,,,,,0,,False,Guard,,,,,,,,,,,,,,,,,,,,,,,,,,True,4038343.0801075846,1841751.5556393217,19533960.80244134,2655433.6951355017,13548334.029804545,,4.381056511506368,Low,Unknown,41240250.0,,False,Unknown,,182,,,4.459691252144083
morrimo01,Monte Morris,IND,PG,30.0,6.0,65.0,-4.5,-1.4,-5.9,-0.1,monte morris,,,,,,,morrimo01,10.8,3.0,1.2,1.5,0.2,0.2,0.35,0.25,0.5,0.7,3.3,,0.6,0.25,0.5,0.0,0.25,0.2,0.1,0.05,0.4,,,,,,,,,,,,,2017.0,51.0,9,Veteran,,,,,9.0,False,True,False,False,,,,False,4.949999999999999,2.741538461538461,,True,,,,,,,,,,,,,,,,,,,,,,,,,0,,False,Guard,,,,,,,,,,,,,,,,,,,,,,,,,,False,7058614.5665935995,2511805.9144792175,19383368.11046392,3621516.7244061,13443886.185663143,,2.3902087352712207,Low,Unknown,49488300.0,,False,Unknown,,182,,,30.53173241852487
peterdr01,Drew Peterson,CHO,PF,26.0,6.0,64.0,-8.3,-1.5,-9.8,-0.1,drew peterson,,,,,,,peterdr01,10.7,0.8,1.5,0.3,0.5,0.2,0.125,0.0,0.5,0.3,2.7,,0.667,0.0,,,0.188,0.063,0.0,0.0,0.75,,,,,,,,,,,,,,,3,Rookie Scale,,,,,3.0,True,True,False,False,,,,False,3.0456000000000008,1.7131500000000004,,True,,,,,,,,,,,,,,,,,,,,,,,,,0,,False,Big,,,,,,,,,,,,,,,,,,,,,,,,,,True,4708765.8647444,2176783.56082532,18658368.803234328,3138482.1675506034,12941042.298288506,,3.5001921343786453,Low,Unknown,41240250.0,,False,Unknown,,182,,,10.97770154373928
sandfpa01,Payton Sandfort,OKC,SF,23.0,4.0,63.0,-2.5,-3.3,-5.8,-0.1,payton sandfort,,,,,,,sandfpa01,15.8,8.8,2.5,0.0,0.3,0.0,0.5,0.412,0.5,1.0,6.5,,0.75,0.6,,,0.154,0.192,0.0,0.0,0.654,,,,,,,,,,,,,,,1,Rookie Scale,,,,,1.0,True,True,False,False,,,,False,4.004,2.288,,True,,,,,,,,,,,,,,,,,,,,,,,,,0,,False,Wing,,,,,,,,,,,,,,,,,,,,,,,,,,True,9269339.541551284,2657172.5657241344,24690048.516623553,3831106.0703104497,17124485.29504008,,2.376962873366928,Low,Unknown,41240250.0,,False,Unknown,,182,,,48.97084048027444
moorewe01,Wendell Moore Jr.,DET,SG,24.0,6.0,60.0,-3.0,1.8,-1.3,0.0,wendell moore,,,,,,,moorewe01,10.0,1.7,1.0,0.7,0.3,0.3,0.571,0.0,1.0,0.3,1.2,,1.0,0.5,,,0.286,0.571,0.0,0.0,0.143,,,,,,,,,,,,,2022.0,26.0,4,Rookie Scale,,,,,4.0,False,True,False,False,,,,False,2.0591999999999997,1.23552,,True,,,,,,,,,,,,,,,,,,,,,,,,,0,,False,Guard,,,,,,,,,,,,,,,,,,,,,,,,,,True,4380555.693126862,1891781.4651099255,19779609.870821983,2727566.718162434,13718710.927054914,,4.0834610170071,Low,Unknown,41240250.0,,False,Unknown,,182,,,6.689536878216123
jeffrda01,DaQuan Jeffries,SAC,SG,28.0,3.0,60.0,0.9,-1.1,-0.2,0.0,daquan jeffries,,,,,,,jeffrda01,20.0,10.3,1.7,0.3,0.7,0.0,0.579,0.444,1.0,1.7,6.3,,0.625,1.0,,,0.421,0.105,0.0,0.0,0.474,,,,,,,,,,,,,,,6,Veteran,,,,,6.0,True,True,False,False,,,,False,7.956899999999999,4.774139999999999,,True,,,,,,,,,,,,,,,,,,,,,,,,,0,,False,Guard,,,,,,,,,,,,,,,,,,,,,,,,,,False,3938649.376097109,1889667.8984243555,18478134.51561611,2724519.381958703,12816035.682529803,,4.211714482092239,Low,Unknown,41240250.0,,False,Unknown,,182,,,3.0874785591766725
youngja05,Jahmir Young,MIA,PG,25.0,14.0,58.0,-4.8,-1.9,-6.7,-0.1,jahmir young,,,,,,,youngja05,4.1,1.8,0.3,0.6,0.1,0.0,0.4,0.333,1.0,0.1,1.8,,0.5,0.6,0.2,,0.24,0.2,0.2,0.0,0.36,,,,,,,,,,,,,,,2,Rookie Scale,,,,,2.0,True,True,False,False,,,,False,6.048,3.753931034482759,,True,,,,,,,,,,,,,,,,,,,,,,,,,0,,False,Guard,,,,,,,,,,,,,,,,,,,,,,,,,,True,7658949.477564423,2649837.3269117037,23731697.772814676,3820530.137718047,16459793.882676195,,2.7525786020208987,Low,Unknown,41240250.0,,False,Unknown,,182,,,35.33447684391081
wisemja01,James Wiseman,IND,C,24.0,4.0,58.0,-8.0,-1.0,-9.0,-0.1,james wiseman,,,,,,,wisemja01,14.5,3.3,2.0,0.8,0.0,0.3,0.6,,0.5,0.5,2.5,,0.8,0.5,,0.0,0.5,0.4,0.0,0.1,0.0,,,,,,,,,,,,,2020.0,2.0,5,Veteran,,,,,6.0,False,True,False,False,,,,False,5.0,3.1034482758620694,,True,,,,,,,,,,,,,,,,,,,,,,,,,0,,False,Big,,,,,,,,,,,,,,,,,,,,,,,,,,False,4720313.836336614,2325393.6646663244,19411844.673019197,3352747.9168959353,13463636.915452177,,3.6197701256265384,Low,Unknown,41240250.0,,False,Unknown,,182,,,11.149228130360203
broomjo01,Johni Broome,PHI,C,23.0,11.0,55.0,-11.9,-4.4,-16.2,-0.2,johni broome,broomjo01,LAC,2150917.0,3.0,2150917.0,2150917.0,broomjo01,5.0,0.9,1.5,0.4,0.3,0.2,0.167,0.0,0.333,0.5,2.2,,0.375,0.125,0.0,,0.333,0.333,0.125,0.0,0.208,4.0,3.5,1.0,0.5,0.0,0.0,0.5,0.25,,2.0,8.0,8.5,2025.0,35.0,1,Rookie Scale,,,,,1.0,False,False,True,True,,,,False,8.058600000000002,5.274720000000001,,True,,,,,,,,,,,,,,,,,,,,,,,,,0,1.99501246882793,False,Big,,,,,,,,,,,,,,,,,,,,,,,,,,True,9269339.541551284,2657172.5657241344,24690048.516623553,3831106.0703104497,17124485.29504008,7118422.541551283,2.376962873366928,Low,Underpaid,41240250.0,0.0521557701517328,False,Rookie Scale,,178,,84.53865336658353,48.97084048027444
martico01,Cody Martin,IND,SF,30.0,4.0,55.0,-10.1,2.1,-8.0,-0.1,cody martin,,,,,,,martico01,13.8,1.8,3.5,0.5,1.0,0.5,0.2,0.0,0.5,1.5,2.5,,1.0,0.333,0.0,,0.1,0.3,0.1,0.0,0.5,,,,,,,,,,,,,2019.0,36.0,7,Veteran,,,,,7.0,False,True,False,False,,,,False,1.0,0.6545454545454545,,True,,,,,,,,,,,,,,,,,,,,,,,,,0,,False,Wing,,,,,,,,,,,,,,,,,,,,,,,,,,False,4899953.4327706415,2374473.0573030524,19383368.11046392,3423510.48666019,13443886.185663143,,3.4712360610217714,Low,Unknown,49488300.0,,False,Unknown,,182,,,13.550600343053173
loverla01,Lawson Lovering,MEM,C,22.0,2.0,49.0,-3.7,0.1,-3.6,0.0,lawson lovering,,,,,,,loverla01,24.5,7.0,7.5,1.5,1.5,0.5,0.6,,0.4,2.5,5.0,,1.0,0.2,,,0.5,0.5,0.0,0.0,0.0,,,,,,,,,,,,,,,1,Rookie Scale,,,,,1.0,True,True,False,False,,,,False,5.0,3.673469387755102,,True,,,,,,,,,,,,,,,,,,,,,,,,,0,,False,Big,,,,,,,,,,,,,,,,,,,,,,,,,,True,6268368.918663374,2269873.878817404,19411844.673019197,3272699.6011290704,13463636.915452177,,2.734678034530398,Low,Unknown,41240250.0,,False,Unknown,,182,,,22.46998284734134
manonch01,Chris Mañon,LAL,SG,24.0,9.0,46.0,-4.6,4.7,0.1,0.0,chris manon,,,,,,,manonch01,5.1,0.8,1.1,0.3,0.6,0.2,0.333,0.0,0.75,0.4,0.7,,1.0,0.0,,,0.333,0.167,0.0,0.0,0.5,,,,,,,,,,,,,,,1,Rookie Scale,,,,,1.0,True,True,False,False,,,,False,2.0979,1.6418347826086956,,True,,,,,,,,,,,,,,,,,,,,,,,,,0,,False,Guard,,,,,,,,,,,,,,,,,,,,,,,,,,True,3948592.3627962302,1925783.081254858,19315525.05460235,2776590.180053294,13396831.704919985,,4.404035761501801,Low,Unknown,41240250.0,,False,Unknown,,182,,,3.2590051457975986
gueyemo01,Mouhamadou Gueye,CHI,PF,27.0,2.0,45.0,-2.2,-1.7,-3.9,0.0,mouhamadou gueye,,,,,,,gueyemo01,22.5,8.0,3.0,3.0,1.0,0.5,0.545,0.2,0.75,2.0,5.5,,0.833,,,,0.545,0.0,0.0,0.0,0.455,,,,,,,,,,,,,,,2,Rookie Scale,,,,,2.0,True,True,False,False,,,,False,5.995,4.795999999999999,,True,,,,,,,,,,,,,,,,,,,,,,,,,0,,False,Big,,,,,,,,,,,,,,,,,,,,,,,,,,True,7583707.396115616,2540055.575798308,23619654.987248305,3662247.029377576,16382083.42242524,,2.779590286176784,Low,Unknown,41240250.0,,False,Unknown,,182,,,34.6483704974271
jonesda06,David Jones García,SAS,SF,24.0,11.0,68.0,2.6,3.8,6.4,0.1,david jones garcia,,,,,,,jonesda06,6.2,2.9,1.2,1.6,0.5,0.1,0.52,0.6,0.5,0.5,2.3,,0.385,0.714,,,0.52,0.28,0.0,0.0,0.2,,,,,,,,,,,,,,,1,Rookie Scale,,,,,1.0,True,True,False,False,,,,False,13.156,6.964941176470587,,True,,,,,,,,,,,,,,,,,,,,,,,,,0,,False,Wing,,,,,,,,,,,,,,,,,,,,,,,,,,True,4817831.458564177,1883199.6226903636,19535821.948243897,2715193.434992144,13549624.88040398,,3.664018236705693,Low,Unknown,41240250.0,,False,Unknown,,182,,,12.34991423670669
klintbo01,Bobi Klintman,DET,SF,22.0,12.0,71.0,-7.7,-1.0,-8.7,-0.1,bobi klintman,,,,,,,klintbo01,5.9,1.8,1.6,0.5,0.3,0.0,0.333,0.308,0.0,0.3,2.3,,0.333,0.4,,0.0,0.111,0.37,0.0,0.037,0.481,,,,,,,,,,,,,2024.0,37.0,2,Rookie Scale,,,,,2.0,False,True,False,False,,,,False,3.0635999999999997,1.5533746478873238,,True,,,,,,,,,,,,,,,,,,,,,,,,,0,,False,Wing,,,,,,,,,,,,,,,,,,,,,,,,,,True,8917197.810965447,2340501.6037095934,19411844.673019197,3374530.513075485,13463636.915452177,,1.914429110041389,Low,Unknown,41240250.0,,False,Unknown,,182,,,46.99828473413379
roddyda01,David Roddy,DEN,PF,24.0,5.0,73.0,0.7,-0.7,0.0,0.0,david roddy,,,,,,,roddyda01,14.6,8.0,4.0,0.8,0.8,0.2,0.5,0.273,1.0,1.4,6.0,,0.667,0.5,,,0.5,0.133,0.0,0.0,0.367,,,,,,,,,,,,,2022.0,23.0,4,Rookie Scale,,,,,4.0,False,True,False,False,,,,False,15.0,7.397260273972602,,True,,,,,,,,,,,,,,,,,,,,,,,,,0,,False,Big,,,,,,,,,,,,,,,,,,,,,,,,,,True,4073170.152078726,1959398.304653952,19638044.566688582,2825056.541658987,13620524.284477511,,4.3402670652028625,Low,Unknown,41240250.0,,False,Unknown,,182,,,4.974271012006861
washity02,TyTy Washington Jr.,LAC,PG,24.0,16.0,88.0,-0.8,2.6,1.9,0.1,tyty washington,,,,,,,washity02,5.5,1.3,0.4,1.1,0.4,0.2,0.474,0.375,,0.0,1.2,,0.667,0.667,0.0,,0.158,0.316,0.105,0.0,0.421,,,,,,,,,,,,,2022.0,29.0,4,Rookie Scale,,,,,4.0,False,True,False,False,,,,False,3.0336,1.2410181818181818,,True,,,,,,,,,,,,,,,,,,,,,,,,,0,,False,Guard,,,,,,,,,,,,,,,,,,,,,,,,,,True,4019145.937060993,1874902.621180068,19530502.631448083,2703230.8348729433,13545935.516967196,,4.392873582286166,Low,Unknown,41240250.0,,False,Unknown,,182,,,4.1166380789022305
willial06,Alondes Williams,WAS,SG,26.0,4.0,101.0,1.5,-0.5,1.1,0.1,alondes williams,,,,,,,willial06,25.3,11.0,6.3,3.0,0.8,0.8,0.615,0.357,0.875,2.0,6.5,,1.0,1.0,,0.0,0.385,0.038,0.0,0.038,0.538,,,,,,,,,,,,,,,4,Rookie Scale,,,,,4.0,True,True,False,False,,,,False,10.01,3.567920792079208,,True,,,,,,,,,,,,,,,,,,,,,,,,,0,,False,Guard,,,,,,,,,,,,,,,,,,,,,,,,,,True,3895916.369278828,1806563.890833522,18565787.85620531,2604700.1906666975,12876830.149619302,,4.301741202025362,Low,Unknown,41240250.0,,False,Unknown,,182,,,2.74442538593482
gibsota01,Taj Gibson,MEM,C,40.0,10.0,97.0,-1.4,-2.1,-3.5,0.0,taj gibson,,,,,,,gibsota01,9.7,3.4,2.7,0.6,0.2,0.1,0.462,0.5,0.875,0.8,2.6,,0.571,0.5,0.25,0.0,0.269,0.308,0.154,0.038,0.231,,,,,,,,,,,,,2009.0,26.0,17,Veteran,,,,,17.0,False,True,False,False,,,,False,6.994000000000001,2.5957113402061855,,True,,,,,,,,,,,,,,,,,,,,,,,,,0,,False,Big,,,,,,,,,,,,,,,,,,,,,,,,,,False,8239479.395811019,2437641.00974635,31000345.582541328,3514585.913667185,21501171.28007925,,3.4665666604271577,Low,Unknown,57736350.0,,False,Unknown,,182,,,41.509433962264154
cookeja01,Javonte Cooke,POR,SG,26.0,19.0,94.0,-10.5,-1.1,-11.7,-0.2,javonte cooke,,,,,,,cookeja01,4.9,1.2,1.0,0.4,0.3,0.0,0.22,0.13,1.0,0.1,2.2,,0.286,0.4,0.0,,0.171,0.244,0.024,0.0,0.561,,,,,,,,,,,,,,,1,Rookie Scale,,,,,1.0,True,True,False,False,,,,False,7.147800000000001,2.737455319148937,,True,,,,,,,,,,,,,,,,,,,,,,,,,0,,False,Guard,,,,,,,,,,,,,,,,,,,,,,,,,,True,4651635.892478006,2169827.3859296124,18658368.803234328,3128452.768552265,12941042.298288506,,3.5446758513424808,Low,Unknown,41240250.0,,False,Unknown,,182,,,9.777015437392796
bouchch01,Chris Boucher,BOS,PF,33.0,9.0,94.0,-5.9,2.7,-3.1,0.0,chris boucher,,,,,,,bouchch01,10.4,2.3,2.0,0.3,0.6,0.8,0.32,0.133,0.75,0.4,2.8,,0.833,0.333,,0.0,0.24,0.12,0.0,0.04,0.6,,,,,,,,,,,,,,,9,Veteran,,,,,9.0,True,True,False,False,,,,False,6.048,2.316255319148936,,True,,,,,,,,,,,,,,,,,,,,,,,,,0,,False,Big,,,,,,,,,,,,,,,,,,,,,,,,,,False,10209760.84164278,2578515.7530946624,28393458.187157184,3717698.835784859,19693090.39121326,,2.52845711417358,Low,Unknown,49488300.0,,False,Unknown,,182,,,57.80445969125214
crawfis01,Isaiah Crawford,HOU,SF,24.0,14.0,92.0,-3.0,0.1,-3.0,0.0,isaiah crawford,crawfis01,HOU,2449421.0,2.0,5113822.0,2449421.0,crawfis01,6.6,2.0,1.1,0.4,0.1,0.2,0.417,0.231,0.833,0.4,1.7,,0.714,0.0,1.0,0.5,0.292,0.042,0.042,0.083,0.542,,,,,,,,,,,,,,,2,Rookie Scale,,,,,2.0,True,False,False,False,,,,False,6.949599999999999,2.7194086956521732,,True,,,,,,,,,,,,,,,,,,,,,,,,,0,13.591022443890274,False,Wing,,,,,,,,,,,,,,,,,,,,,,,,,,True,4366477.186841572,2017061.399379874,19555373.158247523,2908195.075861474,13563185.178107755,1917056.1868415717,4.0165815618410985,Low,Leaning underpaid,41240250.0,0.0593939415983171,False,Rookie Scale,,178,,47.13216957605985,6.174957118353345
highsha01,Haywood Highsmith,PHO,SF,29.0,7.0,91.0,2.7,1.2,3.8,0.1,haywood highsmith,highsha01,PHO,1000000.0,1.0,1000000.0,1000000.0,highsha01,13.0,5.4,1.9,1.0,0.6,0.0,0.522,0.571,0.857,1.0,3.3,,0.667,0.2,1.0,,0.13,0.217,0.043,0.0,0.609,5.5,0.0,1.5,0.5,0.0,0.0,0.0,0.0,,2.0,11.0,-16.1,,,6,Veteran,,,,,6.0,True,False,True,True,,,,False,3.0029999999999997,1.1879999999999995,,True,,,,,,,,,,,,,,,,,,,,,,,,,0,0.4987531172069825,False,Wing,,,,,,,,,,,,,,,,,,,,,,,,,,False,6201092.544974039,2562407.659916282,18838523.19670851,3694474.21938137,13065993.501191506,5201092.544974039,2.624717405642326,Low,Underpaid,41240250.0,0.0242481556246627,False,Minimum,,29,,75.56109725685786,21.95540308747856
juzanjo01,Johnny Juzang,MIN,SG,24.0,21.0,88.0,-1.6,-1.7,-3.3,0.0,johnny juzang,,,,,,,juzanjo01,4.2,2.0,0.8,0.3,0.1,0.0,0.421,0.25,0.625,0.4,1.8,,1.0,0.333,0.6,1.0,0.105,0.079,0.132,0.053,0.632,,,,,,,,,,,,,,,4,Rookie Scale,,,,,4.0,True,True,False,False,,,,False,3.969,1.6236818181818184,,True,,,,,,,,,,,,,,,,,,,,,,,,,0,,False,Guard,,,,,,,,,,,,,,,,,,,,,,,,,,True,4548421.61374935,2076139.170303532,19234211.37514614,2993373.2873655343,13340434.290099353,,3.772313488480432,Low,Unknown,41240250.0,,False,Unknown,,182,,,7.890222984562607
jonescu01,Curtis Jones,DEN,SG,24.0,10.0,88.0,-3.0,-0.5,-3.5,0.0,curtis jones,,,,,,,jonescu01,8.8,2.9,1.1,1.0,0.4,0.0,0.407,0.333,0.5,0.2,2.7,,1.0,0.333,1.0,,0.037,0.222,0.074,0.0,0.667,,,,,,,,,,,,,,,1,Rookie Scale,,,,,1.0,True,True,False,False,,,,False,0.999,0.4086818181818181,,True,,,,,,,,,,,,,,,,,,,,,,,,,0,,False,Guard,,,,,,,,,,,,,,,,,,,,,,,,,,True,10343672.397649292,2689813.9993339344,24690048.516623553,3878168.423753069,17124485.29504008,,2.1269268468217732,Low,Unknown,41240250.0,,False,Unknown,,182,,,58.490566037735846
templga01,Garrett Temple,TOR,SG,39.0,22.0,73.0,-5.9,1.0,-4.9,-0.1,garrett temple,,,,,,,templga01,3.3,0.8,0.4,0.4,0.2,0.1,0.267,0.25,0.667,0.4,0.7,,,0.0,1.0,,0.0,0.133,0.067,0.0,0.8,1.0,0.0,0.0,0.5,0.0,0.0,0.0,,,2.0,2.0,-13.5,,,16,Veteran,,,,,16.0,True,True,True,True,,,,False,0.0,0.0,,True,,,,,,,,,,,,,,,,,,,,,,,,,0,,False,Guard,,,,,,,,,,,,,,,,,,,,,,,,,,False,8813807.65436105,2445455.759116139,31000345.582541328,3525853.2036184473,21501171.28007925,,3.239790445086046,Low,Unknown,57736350.0,,False,Unknown,,182,,,46.312178387650086
enarutr01,Tristan Enaruna,CLE,SF,24.0,9.0,85.0,-0.5,-0.4,-1.0,0.0,tristan enaruna,,,,,,,enarutr01,9.4,4.1,1.6,0.8,0.6,0.0,0.5,0.3,0.75,0.9,3.1,,0.818,0.333,0.0,,0.393,0.214,0.036,0.0,0.357,,,,,,,,,,,,,,,1,Rookie Scale,,,,,1.0,True,True,False,False,,,,False,10.9647,4.643872941176471,,True,,,,,,,,,,,,,,,,,,,,,,,,,0,,False,Wing,,,,,,,,,,,,,,,,,,,,,,,,,,True,4212200.208542089,1929698.828454611,19638044.566688582,2782235.8965040385,13620524.284477511,,4.204060790444507,Low,Unknown,41240250.0,,False,Unknown,,182,,,5.831903945111493
breako01,Koby Brea,PHO,SG,23.0,12.0,84.0,1.7,-1.4,0.2,0.0,koby brea,,,,,,,breako01,7.0,3.8,0.7,0.8,0.1,0.0,0.417,0.433,1.0,0.2,3.0,,0.667,0.0,0.0,,0.083,0.028,0.056,0.0,0.833,,,,,,,,,,,,,2025.0,41.0,1,Rookie Scale,,,,,1.0,False,True,False,False,,,,False,2.988,1.2805714285714287,,True,,,,,,,,,,,,,,,,,,,,,,,,,0,,False,Guard,,,,,,,,,,,,,,,,,,,,,,,,,,True,17694008.52523985,2248821.84492539,39188337.565483265,3242346.820930884,27180185.97352497,,2.08768497358103,Low,Unknown,41240250.0,,False,Unknown,,182,,,83.36192109777015
jemistr01,Trey Jemison,NYK,C,26.0,13.0,82.0,-8.3,-0.3,-8.6,-0.1,trey jemison,,,,,,,jemistr01,6.3,1.0,1.4,0.4,0.1,0.2,0.6,,1.0,0.1,0.8,,1.0,0.5,0.667,,0.1,0.6,0.3,0.0,0.0,,,,,,,,,,,,,,,3,Rookie Scale,,,,,3.0,True,True,False,False,,,,False,1.04,0.4565853658536585,,True,,,,,,,,,,,,,,,,,,,,,,,,,0,,False,Big,,,,,,,,,,,,,,,,,,,,,,,,,,True,7744509.026277321,2540055.575798308,23731697.772814676,3662247.029377576,16459793.882676195,,2.7363441794841448,Low,Unknown,41240250.0,,False,Unknown,,182,,,37.56432246998285
odurojo01,Josh Oduro,NOP,PF,25.0,3.0,82.0,-3.5,-4.3,-7.7,-0.1,josh oduro,,,,,,,odurojo01,27.3,8.3,7.7,1.3,0.0,0.0,0.647,0.0,0.5,2.0,5.7,,0.889,0.5,0.5,,0.529,0.235,0.118,0.0,0.118,,,,,,,,,,,,,,,1,Rookie Scale,,,,,1.0,True,True,False,False,,,,False,9.0459,3.9713707317073177,,True,,,,,,,,,,,,,,,,,,,,,,,,,0,,False,Big,,,,,,,,,,,,,,,,,,,,,,,,,,True,7684420.26147232,2649837.3269117037,23731697.772814676,3820530.137718047,16459793.882676195,,2.743454903371426,Low,Unknown,41240250.0,,False,Unknown,,182,,,35.84905660377358
houstca01,Caleb Houstan,ATL,SF,23.0,18.0,75.0,1.6,-1.2,0.3,0.0,caleb houstan,houstca01,NOP,2625627.0,1.0,,2625627.0,houstca01,4.2,2.3,0.6,0.2,0.1,0.1,0.538,0.524,1.0,0.2,1.4,,1.0,0.333,,,0.077,0.115,0.0,0.0,0.808,,,,,,,,,,,,,2022.0,32.0,4,Rookie Scale,,,,,4.0,False,False,False,False,,,,False,1.9404,0.931392,,True,,,,,,,,,,,,,,,,,,,,,,,,,0,20.32418952618454,False,Wing,,,,,,,,,,,,,,,,,,,,,,,,,,True,7127270.368275654,1935169.2221330164,19315525.05460235,2790123.0991263553,13396831.704919985,4501643.368275654,2.438571140759779,Low,Leaning underpaid,41240250.0,0.0636666121083165,False,Rookie Scale,,178,,70.32418952618454,31.04631217838765
gordoer01,Eric Gordon,PHI,SG,37.0,6.0,74.0,2.1,0.3,2.4,0.1,eric gordon,,,,,,,gordoer01,12.3,5.5,0.3,0.5,0.7,0.2,0.571,0.571,0.5,0.3,3.5,,0.8,0.0,,,0.238,0.095,0.0,0.0,0.667,,,,,,,,,,,,,2008.0,7.0,18,Veteran,,,,,18.0,False,True,False,False,,,,False,4.997999999999999,2.4314594594594587,,True,,,,,,,,,,,,,,,,,,,,,,,,,0,,False,Guard,,,,,,,,,,,,,,,,,,,,,,,,,,False,4414379.505780101,1755929.4636313212,25585240.38475537,2531695.575188072,17745371.07303844,,5.39811107992016,Low,Unknown,57736350.0,,False,Unknown,,182,,,6.86106346483705
steveis01,Isaiah Stevens,SAC,PG,25.0,3.0,43.0,-1.2,3.4,2.2,0.0,isaiah stevens,,,,,,,steveis01,14.3,3.3,1.0,3.3,1.7,0.0,0.429,0.0,1.0,1.3,2.3,,0.667,0.5,0.0,,0.429,0.286,0.143,0.0,0.143,,,,,,,,,,,,,,,2,Rookie Scale,,,,,2.0,True,True,False,False,,,,False,2.9600999999999997,2.4782232558139534,,True,,,,,,,,,,,,,,,,,,,,,,,,,0,,False,Guard,,,,,,,,,,,,,,,,,,,,,,,,,,True,7304234.810207376,2164251.158176869,23388213.916818067,3120412.9745740574,16221560.88620655,,2.905706526436083,Low,Unknown,41240250.0,,False,Unknown,,182,,,32.24699828473413
barnhbr01,Brooks Barnhizer,OKC,SG,23.0,40.0,348.0,-4.1,1.0,-3.1,-0.1,brooks barnhizer,,,,,,,barnhbr01,8.7,1.7,2.0,0.6,0.3,0.1,0.38,0.292,0.7,0.3,1.8,,0.55,0.385,0.333,0.0,0.282,0.183,0.169,0.028,0.338,,,,,,,,,,,,,2025.0,44.0,1,Rookie Scale,,,,,1.0,False,True,False,False,,,,False,20.304,2.100413793103448,,True,,,,,,,,,,,,,,,,,,,,,,,,,0,,False,Guard,,,,,,,,,,,,,,,,,,,,,,,,,,True,9005088.19703691,2351346.124068476,24464115.596979417,3390166.1207557856,16967783.093442276,,2.455586107439465,Low,Unknown,41240250.0,,False,Unknown,,182,,,47.684391080617495
tonjejo01,John Tonje,BOS,SG,24.0,6.0,42.0,-6.3,1.2,-5.1,0.0,john tonje,,,,,,,tonjejo01,7.0,2.5,1.0,0.3,0.3,0.0,0.286,0.3,1.0,0.7,2.3,,0.0,0.5,,,0.143,0.143,0.0,0.0,0.714,,,,,,,,,,,,,2025.0,53.0,1,Rookie Scale,,,,,1.0,False,True,False,False,,,,False,1.9733999999999996,1.691485714285714,,True,,,,,,,,,,,,,,,,,,,,,,,,,0,,False,Guard,,,,,,,,,,,,,,,,,,,,,,,,,,True,8231005.361511529,2657172.5657241344,24690048.516623553,3831106.0703104497,17124485.29504008,,2.676814676117929,Low,Unknown,41240250.0,,False,Unknown,,182,,,41.337907375643226
omierno01,Norchad Omier,LAC,PF,24.0,6.0,24.0,6.2,-0.1,6.0,0.0,norchad omier,,,,,,,omierno01,4.0,2.8,1.2,0.3,0.2,0.0,0.7,0.0,1.0,0.5,1.7,,0.667,1.0,1.0,,0.6,0.2,0.1,0.0,0.1,,,,,,,,,,,,,,,1,Rookie Scale,,,,,1.0,True,True,False,False,,,,False,6.119999999999999,9.179999999999998,,True,,,,,,,,,,,,,,,,,,,,,,,,,0,,False,Big,,,,,,,,,,,,,,,,,,,,,,,,,,True,7191145.592602425,2170317.012544967,24814385.66442163,3129158.711223233,17210722.859849248,,3.1488819632814486,Low,Unknown,41240250.0,,False,Unknown,,182,,,31.3893653516295
moralal01,Alex Morales,ORL,PG,28.0,4.0,24.0,-12.2,-3.8,-16.0,-0.1,alex morales,,,,,,,moralal01,6.0,2.0,0.8,1.0,0.0,0.0,0.429,0.0,1.0,0.5,1.8,,1.0,0.0,1.0,,0.286,0.429,0.143,0.0,0.143,,,,,,,,,,,,,,,1,Rookie Scale,,,,,1.0,True,True,False,False,,,,False,2.0591999999999997,3.0887999999999995,,True,,,,,,,,,,,,,,,,,,,,,,,,,0,,False,Guard,,,,,,,,,,,,,,,,,,,,,,,,,,True,7746484.823284393,2540055.575798308,23619654.987248305,3662247.029377576,16382083.42242524,,2.721182561164893,Low,Unknown,41240250.0,,False,Unknown,,182,,,37.735849056603776
kentja01,Jayson Kent,POR,SF,23.0,5.0,22.0,0.6,3.6,4.2,0.0,jayson kent,,,,,,,kentja01,4.4,2.0,1.0,0.0,0.2,0.2,0.571,0.25,1.0,0.2,1.4,,1.0,,,,0.429,0.0,0.0,0.0,0.571,,,,,,,,,,,,,,,1,Rookie Scale,,,,,1.0,True,True,False,False,,,,False,3.003,4.914000000000001,,True,,,,,,,,,,,,,,,,,,,,,,,,,0,,False,Wing,,,,,,,,,,,,,,,,,,,,,,,,,,True,9538306.498889811,2150241.027515083,24812021.638487898,3100213.196314799,17209083.222433712,,2.3758704559987116,Low,Unknown,41240250.0,,False,Unknown,,182,,,52.14408233276158
antetal01,Alex Antetokounmpo,MIL,SF,24.0,6.0,21.0,7.3,-1.9,5.4,0.0,alex antetokounmpo,,,,,,,antetal01,3.5,3.2,1.0,0.2,0.0,0.2,0.375,0.286,0.733,2.5,1.3,,,,1.0,,0.0,0.0,0.125,0.0,0.875,,,,,,,,,,,,,,,1,Rookie Scale,,,,,1.0,True,True,False,False,,,,False,0.0,0.0,,True,,,,,,,,,,,,,,,,,,,,,,,,,0,,False,Wing,,,,,,,,,,,,,,,,,,,,,,,,,,True,4975911.715423374,1888224.936251073,19535821.948243897,2722438.921994378,13549624.88040398,,3.546605732029408,Low,Unknown,41240250.0,,False,Unknown,,182,,,14.408233276157803
castlco01,Colin Castleton,ORL,C,25.0,4.0,21.0,-6.1,-1.5,-7.7,0.0,colin castleton,,,,,,,castlco01,5.3,1.3,2.0,0.3,0.3,0.0,0.4,,1.0,0.3,1.3,,1.0,0.25,,,0.2,0.8,0.0,0.0,0.0,,,,,,,,,,,,,,,3,Rookie Scale,,,,,3.0,True,True,False,False,,,,False,1.04,1.782857142857143,,True,,,,,,,,,,,,,,,,,,,,,,,,,0,,False,Big,,,,,,,,,,,,,,,,,,,,,,,,,,True,8316220.695126946,2649837.3269117037,23731697.772814676,3820530.137718047,16459793.882676195,,2.535028977556633,Low,Unknown,41240250.0,,False,Unknown,,182,,,43.39622641509434
clarkbr01,Brandon Clarke,MEM,PF,29.0,2.0,20.0,-4.7,-0.2,-4.9,0.0,brandon clarke,clarkbr01,MEM,12500000.0,1.0,12500000.0,12500000.0,clarkbr01,10.0,4.0,3.0,0.5,1.0,0.0,0.333,,0.5,2.0,4.5,,0.4,0.25,,,0.556,0.444,0.0,0.0,0.0,,,,,,,,,,,,,2019.0,21.0,7,Veteran,,,,,7.0,False,False,False,False,,,,False,5.004,9.0072,,True,,,,,,,,,,,,,,,,,,,,,,,,,0,64.46384039900249,False,Big,,,,,,,,,,,,,,,,,,,,,,,,,,False,11333109.25145409,5779730.2268827455,38354162.15717022,8333203.436839233,26601619.896446563,-1166890.7485459093,2.8742714119788464,Low,Fairly paid,49488300.0,0.2525849544235708,False,Mid-Level,,147,,29.92518703241895,63.63636363636363
toppija01,Jacob Toppin,ATL,SF,25.0,5.0,17.0,-0.1,0.6,0.5,0.0,jacob toppin,,,,,,,toppija01,3.4,1.6,0.2,0.2,0.0,0.2,0.667,,,0.0,1.2,,1.0,0.0,0.5,,0.5,0.167,0.333,0.0,0.0,,,,,,,,,,,,,,,3,Rookie Scale,,,,,3.0,True,True,False,False,,,,False,3.0,6.352941176470589,,True,,,,,,,,,,,,,,,,,,,,,,,,,0,,False,Wing,,,,,,,,,,,,,,,,,,,,,,,,,,True,3795786.563784188,1920466.8744777143,18565787.85620531,2768925.2837956483,12876830.149619302,,4.385209943188465,Low,Unknown,41240250.0,,False,Unknown,,182,,,1.7152658662092626
livinch01,Chris Livingston,CLE,SF,22.0,3.0,17.0,-4.7,2.1,-2.7,0.0,chris livingston,,,,,,,livinch01,5.7,3.0,1.0,0.3,0.3,0.0,0.571,0.0,1.0,0.3,2.3,,1.0,1.0,,,0.429,0.143,0.0,0.0,0.429,,,,,,,,,,,,,2023.0,58.0,3,Rookie Scale,,,,,3.0,False,True,False,False,,,,False,2.9600999999999997,6.268447058823528,,True,,,,,,,,,,,,,,,,,,,,,,,,,0,,False,Wing,,,,,,,,,,,,,,,,,,,,,,,,,,True,5915345.500597975,2008623.4578547464,19234211.37514614,2896029.2687118617,13340434.290099353,,2.9120172127815827,Low,Unknown,41240250.0,,False,Unknown,,182,,,20.06861063464837
keelstr01,Trevor Keels,MIA,SG,22.0,8.0,15.0,-9.4,-5.2,-14.5,0.0,trevor keels,,,,,,,keelstr01,1.9,1.0,0.3,0.0,0.1,0.0,0.25,0.222,,0.0,1.5,,1.0,0.0,,0.0,0.083,0.083,0.0,0.083,0.75,,,,,,,,,,,,,2022.0,42.0,2,Rookie Scale,,,,,4.0,False,True,False,False,,,,False,0.996,2.3904,,True,,,,,,,,,,,,,,,,,,,,,,,,,0,,False,Guard,,,,,,,,,,,,,,,,,,,,,,,,,,True,17483441.331201673,2751090.812455029,34467407.19427853,3966517.2098822566,23905850.4587053,,1.8140774336698375,Low,Unknown,41240250.0,,False,Unknown,,182,,,83.19039451114922
boehebu01,Buddy Boeheim,OKC,SF,26.0,4.0,15.0,-3.8,-4.5,-8.4,0.0,buddy boeheim,,,,,,,boehebu01,3.8,1.5,0.0,0.0,0.0,0.0,0.333,0.333,,0.0,1.5,,,,,,0.0,0.0,0.0,0.0,1.0,,,,,,,,,,,,,,,3,Rookie Scale,,,,,3.0,True,True,False,False,,,,False,0.0,0.0,,True,,,,,,,,,,,,,,,,,,,,,,,,,0,,False,Wing,,,,,,,,,,,,,,,,,,,,,,,,,,True,8292261.9783645375,2657861.6849726727,27615488.959719654,3832099.6410594103,19153507.709296785,,3.009749009361293,Low,Unknown,41240250.0,,False,Unknown,,182,,,42.36706689536878
nfalyda01,N'Faly Dante,ATL,C,24.0,4.0,15.0,-3.7,-0.8,-4.5,0.0,nfaly dante,,,,,,,nfalyda01,3.8,0.8,1.8,0.0,0.5,0.0,0.25,,1.0,0.3,1.0,,0.5,0.0,0.0,,0.5,0.25,0.25,0.0,0.0,,,,,,,,,,,,,,,2,Rookie Scale,,,,,2.0,True,True,False,False,,,,False,2.0,4.8,,True,,,,,,,,,,,,,,,,,,,,,,,,,0,,False,Big,,,,,,,,,,,,,,,,,,,,,,,,,,True,4706057.677040351,2269873.878817404,19411844.673019197,3272699.6011290704,13463636.915452177,,3.64253308620357,Low,Unknown,41240250.0,,False,Unknown,,182,,,10.806174957118351
hepbuch01,Chucky Hepburn,TOR,PG,22.0,2.0,13.0,-20.7,-3.1,-23.8,-0.1,chucky hepburn,,,,,,,hepbuch01,6.5,0.0,0.5,1.0,0.5,0.0,0.0,0.0,,0.0,3.0,,,,0.0,,0.0,0.0,0.167,0.0,0.833,,,,,,,,,,,,,,,1,Rookie Scale,,,,,1.0,True,True,False,False,,,,False,0.0,0.0,,True,,,,,,,,,,,,,,,,,,,,,,,,,0,,False,Guard,,,,,,,,,,,,,,,,,,,,,,,,,,True,16737873.372857464,2751090.812455029,27955644.811654776,3966517.2098822566,19389432.473906416,,1.5058396869026418,Low,Unknown,41240250.0,,False,Unknown,,182,,,82.50428816466552
newtotr01,Tristen Newton,HOU,SG,24.0,1.0,12.0,8.5,0.0,8.4,0.0,tristen newton,,,,,,,newtotr01,12.0,12.0,3.0,0.0,1.0,0.0,0.444,0.4,0.667,3.0,9.0,,0.0,0.5,,1.0,0.111,0.222,0.0,0.111,0.556,,,,,,,,,,,,,2024.0,49.0,2,Rookie Scale,,,,,2.0,False,True,False,False,,,,False,0.999,2.9970000000000003,,True,,,,,,,,,,,,,,,,,,,,,,,,,0,,False,Guard,,,,,,,,,,,,,,,,,,,,,,,,,,True,4803625.100359881,1881179.7612747264,19535821.948243897,2712281.202858465,13549624.88040398,,3.675274780633174,Low,Unknown,41240250.0,,False,Unknown,,182,,,12.006861063464838
evbuoto01,Tosan Evbuomwan,NYK,SF,24.0,5.0,8.0,-8.5,-3.0,-11.5,0.0,tosan evbuomwan,,,,,,,evbuoto01,1.6,0.0,0.4,0.0,0.0,0.0,0.0,,,0.0,0.2,,,0.0,,,0.0,1.0,0.0,0.0,0.0,,,,,,,,,,,,,,,3,Rookie Scale,,,,,3.0,True,True,False,False,,,,False,0.0,0.0,,True,,,,,,,,,,,,,,,,,,,,,,,,,0,,False,Wing,,,,,,,,,,,,,,,,,,,,,,,,,,True,9573474.845055964,2686675.1766251074,24690048.516623553,3873642.875473469,17124485.29504008,,2.298368533486215,Low,Unknown,41240250.0,,False,Unknown,,182,,,53.00171526586621
umudest01,Stanley Umude,SAS,SG,26.0,2.0,7.0,-6.7,7.1,0.4,0.0,stanley umude,,,,,,,umudest01,3.5,1.0,0.0,0.5,0.5,0.0,0.5,0.0,,0.0,1.0,,,1.0,,,0.0,0.5,0.0,0.0,0.5,,,,,,,,,,,,,,,4,Rookie Scale,,,,,4.0,True,True,False,False,,,,False,0.0,0.0,,True,,,,,,,,,,,,,,,,,,,,,,,,,0,,False,Guard,,,,,,,,,,,,,,,,,,,,,,,,,,True,3878397.296912335,1806563.890833522,18565787.85620531,2604700.1906666975,12876830.149619302,,4.321172557209166,Low,Unknown,41240250.0,,False,Unknown,,182,,,2.2298456260720414
jonesco02,Colby Jones,DET,SG,23.0,1.0,7.0,-3.2,5.7,2.4,0.0,colby jones,,,,,,,jonesco02,7.0,2.0,4.0,2.0,0.0,0.0,0.333,0.0,,0.0,3.0,,,1.0,,,0.0,0.333,0.0,0.0,0.667,,,,,,,,,,,,,2023.0,34.0,3,Rookie Scale,,,,,3.0,False,True,False,False,,,,False,0.0,0.0,,True,,,,,,,,,,,,,,,,,,,,,,,,,0,,False,Guard,,,,,,,,,,,,,,,,,,,,,,,,,,True,5836364.424125296,1860199.18216919,19387985.530225765,2682031.4460279574,13447088.728451164,,3.0032028630020795,Low,Unknown,41240250.0,,False,Unknown,,182,,,18.69639794168096
essenno01,Noa Essengue,CHI,PF,19.0,2.0,6.0,-20.7,-3.0,-23.7,0.0,noa essengue,essenno01,CHI,5701200.0,3.0,5701200.0,5701200.0,essenno01,3.0,0.0,0.0,0.0,0.5,0.0,0.0,0.0,,0.0,1.5,,0.0,,,,0.333,0.0,0.0,0.0,0.667,,,,,,,,,,,,,2025.0,12.0,1,Rookie Scale,,,,,1.0,False,False,False,False,,,,False,0.999,5.994000000000001,,True,,,,,,,,,,,,,,,,,,,,,,,,,0,41.39650872817955,False,Big,,,,,,,,,,,,,,,,,,,,,,,,,,True,9561906.682083111,2670173.957256822,19735972.47461598,3849851.450518674,13688444.969936987,3860706.6820831113,1.7847694068523672,Low,Fairly paid,41240250.0,0.1382435848473275,False,Rookie Scale,,178,,63.591022443890274,52.83018867924528
flowetr01,Trentyn Flowers,CHI,SF,20.0,2.0,6.0,1.7,-2.7,-1.0,0.0,trentyn flowers,,,,,,,flowetr01,3.0,2.0,0.5,0.5,0.0,0.0,0.667,0.0,,0.0,1.5,,1.0,,,,0.667,0.0,0.0,0.0,0.333,,,,,,,,,,,,,,,2,Rookie Scale,,,,,2.0,True,True,False,False,,,,False,2.0010000000000003,12.006000000000002,,True,,,,,,,,,,,,,,,,,,,,,,,,,0,,False,Wing,,,,,,,,,,,,,,,,,,,,,,,,,,True,5872444.313623295,1925403.115645782,19315525.05460235,2776042.346401007,13396831.704919985,,2.961308955899979,Low,Unknown,41240250.0,,False,Unknown,,182,,,19.382504288164665
brownda04,Darius Brown II,CLE,SG,26.0,1.0,3.0,-16.3,-2.4,-18.7,0.0,darius brown,,,,,,,brownda04,3.0,0.0,1.0,0.0,0.0,0.0,0.0,,,0.0,1.0,,,,,0.0,0.0,0.0,0.0,1.0,0.0,,,,,,,,,,,,,,,1,Rookie Scale,,,,,1.0,True,True,False,False,,,,False,0.0,0.0,,True,,,,,,,,,,,,,,,,,,,,,,,,,0,,False,Guard,,,,,,,,,,,,,,,,,,,,,,,,,,True,4641759.584767305,2169827.3859296124,18658368.803234328,3128452.768552265,12941042.298288506,,3.5522178855222415,Low,Unknown,41240250.0,,False,Unknown,,182,,,9.262435677530018
goldivl01,Vladislav Goldin,MIA,C,24.0,9.0,24.0,-5.0,4.5,-0.5,0.0,vladislav goldin,,,,,,,goldivl01,2.7,0.8,1.0,0.3,0.0,0.3,0.75,,1.0,0.1,0.4,,0.667,1.0,,,0.75,0.25,0.0,0.0,0.0,,,,,,,,,,,,,,,1,Rookie Scale,,,,,1.0,True,True,False,False,,,,False,2.7,4.05,,True,,,,,,,,,,,,,,,,,,,,,,,,,0,,False,Big,,,,,,,,,,,,,,,,,,,,,,,,,,True,7674948.017743039,2245009.5356341824,24567538.982271057,3236850.2410490024,17039515.323510494,,2.9084925910939563,Low,Unknown,41240250.0,,False,Unknown,,182,,,35.506003430531734
grayha01,Hayden Gray,UTA,SG,22.0,1.0,25.0,-3.7,-1.6,-5.3,0.0,hayden gray,,,,,,,grayha01,25.0,6.0,0.0,1.0,1.0,1.0,0.667,0.0,1.0,2.0,3.0,,,1.0,1.0,,0.0,0.333,0.333,0.0,0.333,,,,,,,,,,,,,,,1,Rookie Scale,,,,,1.0,True,True,False,False,,,,False,0.0,0.0,,True,,,,,,,,,,,,,,,,,,,,,,,,,0,,False,Guard,,,,,,,,,,,,,,,,,,,,,,,,,,True,10060422.681501191,2657172.5657241344,24690048.516623553,3831106.0703104497,17124485.29504008,,2.190054697345154,Low,Unknown,41240250.0,,False,Unknown,,182,,,56.94682675814752
robinor01,Orlando Robinson,ORL,C,25.0,4.0,25.0,0.8,0.6,1.4,0.0,orlando robinson,,,,,,,robinor01,6.3,1.8,1.0,0.8,0.3,0.0,0.6,0.5,,0.0,1.3,,1.0,0.0,,,0.4,0.2,0.0,0.0,0.4,,,,,,,,,,,,,,,4,Rookie Scale,,,,,4.0,True,True,False,False,,,,False,2.08,2.9951999999999996,,True,,,,,,,,,,,,,,,,,,,,,,,,,0,,False,Big,,,,,,,,,,,,,,,,,,,,,,,,,,True,4046568.6909590256,1930617.354554854,18464117.81728987,2783560.225591194,12806314.00279268,,4.085807439689508,Low,Unknown,41240250.0,,False,Unknown,,182,,,4.631217838765009
fultzma01,Markelle Fultz,TOR,PG,27.0,5.0,36.0,-12.3,-4.0,-16.3,-0.1,markelle fultz,,,,,,,fultzma01,7.2,0.8,0.2,1.6,0.4,0.0,0.182,,,0.0,2.2,,1.0,0.25,0.0,0.0,0.091,0.364,0.364,0.182,0.0,,,,,,,,,,,,,2017.0,1.0,9,Veteran,,,,,9.0,False,True,False,False,,,,False,1.001,1.001,,True,,,,,,,,,,,,,,,,,,,,,,,,,0,,False,Guard,,,,,,,,,,,,,,,,,,,,,,,,,,False,4774707.174527638,2336563.4959708625,19383368.11046392,3368852.557244537,13443886.185663143,,3.5702303809195377,Low,Unknown,49488300.0,,False,Unknown,,182,,,11.663807890222984
dickihu01,Hunter Dickinson,NOP,C,25.0,5.0,42.0,-8.4,-2.9,-11.4,-0.1,hunter dickinson,,,,,,,dickihu01,8.4,2.4,1.0,0.4,0.2,0.4,0.357,0.0,1.0,0.4,2.8,,,0.5,0.5,,0.0,0.571,0.143,0.0,0.286,,,,,,,,,,,,,,,1,Rookie Scale,,,,,1.0,True,True,False,False,,,,False,0.0,0.0,,True,,,,,,,,,,,,,,,,,,,,,,,,,0,,False,Big,,,,,,,,,,,,,,,,,,,,,,,,,,True,7736919.596511412,2649837.3269117037,23731697.772814676,3820530.137718047,16459793.882676195,,2.7248390244883525,Low,Unknown,41240250.0,,False,Unknown,,182,,,37.39279588336192
saricda01,Dario Šarić,SAC,C,31.0,5.0,41.0,-6.7,-2.3,-9.0,-0.1,dario saric,,,,,,,saricda01,8.2,1.0,1.2,0.4,0.0,0.0,0.167,0.333,1.0,0.4,1.2,,0.0,,,0.0,0.333,0.0,0.0,0.167,0.5,,,,,,,,,,,,,2014.0,12.0,9,Veteran,,,,,12.0,False,True,False,False,,,,False,1.998,1.7543414634146344,,True,,,,,,,,,,,,,,,,,,,,,,,,,0,,False,Big,,,,,,,,,,,,,,,,,,,,,,,,,,False,6956747.042416119,2502347.147170575,21736702.806393553,3607879.092691384,15076108.389180535,,2.764849079885874,Low,Unknown,57736350.0,,False,Unknown,,182,,,29.674099485420243
huntlcj01,CJ Huntley,PHO,SF,24.0,4.0,40.0,-3.9,-0.5,-4.4,0.0,cj huntley,,,,,,,huntlcj01,10.0,3.0,1.3,0.5,0.3,0.0,0.545,0.0,,0.0,2.8,,0.833,0.0,,1.0,0.545,0.091,0.0,0.091,0.273,,,,,,,,,,,,,,,1,Rookie Scale,,,,,1.0,True,True,False,False,,,,False,6.104,5.493600000000001,,True,,,,,,,,,,,,,,,,,,,,,,,,,0,,False,Wing,,,,,,,,,,,,,,,,,,,,,,,,,,True,7696021.523130977,2657172.5657241344,24690048.516623553,3831106.0703104497,17124485.29504008,,2.8628916752217934,Low,Unknown,41240250.0,,False,Unknown,,182,,,36.02058319039451
jonesdi01,Dillon Jones,NYK,SF,24.0,7.0,39.0,-5.4,2.8,-2.6,0.0,dillon jones,,,,,,,jonesdi01,5.6,1.3,1.0,0.6,0.4,0.0,0.222,0.2,1.0,0.6,1.3,,0.5,,0.0,,0.222,0.0,0.222,0.0,0.556,,,,,,,,,,,,,2024.0,26.0,2,Rookie Scale,,,,,2.0,False,True,False,False,,,,False,2.0202,1.8648,,True,,,,,,,,,,,,,,,,,,,,,,,,,0,,False,Wing,,,,,,,,,,,,,,,,,,,,,,,,,,True,6242690.722799615,2351346.124068476,19842227.24980448,3390166.1207557856,13762140.99098852,,2.8018176620308353,Low,Unknown,41240250.0,,False,Unknown,,182,,,22.12692967409949
sarrol01,Olivier Sarr,CLE,C,26.0,4.0,39.0,-1.7,4.3,2.6,0.0,olivier sarr,,,,,,,sarrol01,9.8,3.5,2.8,1.3,0.5,0.8,0.714,0.667,0.4,1.3,1.8,,0.75,,,,0.571,0.0,0.0,0.0,0.429,,,,,,,,,,,,,,,4,Rookie Scale,,,,,4.0,True,True,False,False,,,,False,4.1112,3.794953846153846,,True,,,,,,,,,,,,,,,,,,,,,,,,,0,,False,Big,,,,,,,,,,,,,,,,,,,,,,,,,,True,6619289.62176952,2035889.3168205656,23670715.835884243,2935341.129425624,16417498.126087314,,3.2684514132620905,Low,Unknown,41240250.0,,False,Unknown,,182,,,26.07204116638079
labissk01,Skal Labissière,WAS,PF,29.0,3.0,38.0,-0.1,0.4,0.3,0.0,skal labissiere,,,,,,,labissk01,12.7,4.3,3.0,1.0,0.7,0.3,0.6,0.2,,0.0,3.3,,1.0,1.0,1.0,1.0,0.2,0.1,0.1,0.1,0.5,,,,,,,,,,,,,2016.0,28.0,6,Veteran,,,,,10.0,False,True,False,False,,,,False,1.98,1.8757894736842105,,True,,,,,,,,,,,,,,,,,,,,,,,,,0,,False,Big,,,,,,,,,,,,,,,,,,,,,,,,,,False,3904192.9685899015,1976316.75852542,22183635.07686679,2849449.534482765,15386090.9754215,,5.175799065495413,Low,Unknown,57736350.0,,False,Unknown,,182,,,2.9159519725557463
freemen01,Enrique Freeman,MIN,PF,25.0,4.0,37.0,-1.5,1.5,0.0,0.0,enrique freeman,,,,,,,freemen01,9.3,3.3,2.5,0.5,0.5,0.8,0.5,0.5,0.75,1.0,2.0,,0.5,,0.0,1.0,0.25,0.0,0.125,0.125,0.5,,,,,,,,,,,,,2024.0,50.0,2,Rookie Scale,,,,,2.0,False,True,False,False,,,,False,2.0,1.945945945945946,,True,,,,,,,,,,,,,,,,,,,,,,,,,0,,False,Big,,,,,,,,,,,,,,,,,,,,,,,,,,True,5616081.561077763,2270542.124192082,18875788.688383207,3273663.0759686083,13091840.042714749,,2.9567317325435116,Low,Unknown,41240250.0,,False,Unknown,,182,,,17.32418524871355
shulgma01,Max Shulga,BOS,SG,23.0,11.0,36.0,-10.9,-0.5,-11.5,-0.1,max shulga,,,,,,,shulgma01,3.3,0.6,0.5,0.2,0.1,0.0,0.25,0.25,1.0,0.2,0.7,,1.0,0.0,0.0,0.0,0.125,0.125,0.125,0.125,0.5,2.5,1.5,0.0,0.0,0.0,0.0,0.5,0.5,,2.0,5.0,2.9,2025.0,57.0,1,Rookie Scale,,,,,1.0,False,True,True,True,,,,False,0.9625,0.9625,,True,,,,,,,,,,,,,,,,,,,,,,,,,0,,False,Guard,,,,,,,,,,,,,,,,,,,,,,,,,,True,9861757.190673633,2657172.5657241344,24690048.516623553,3831106.0703104497,17124485.29504008,,2.2341734363259462,Low,Unknown,41240250.0,,False,Unknown,,182,,,55.06003430531733
zikarro01,Rocco Zikarsky,MIN,C,19.0,5.0,36.0,0.7,1.7,2.4,0.0,rocco zikarsky,,,,,,,zikarro01,7.2,2.8,2.8,0.4,0.0,1.0,0.625,,1.0,0.8,1.6,,0.75,0.667,,0.0,0.5,0.375,0.0,0.125,0.0,,,,,,,,,,,,,2025.0,45.0,1,Rookie Scale,,,,,1.0,False,True,False,False,,,,False,4.0,4.0,,True,,,,,,,,,,,,,,,,,,,,,,,,,0,,False,Big,,,,,,,,,,,,,,,,,,,,,,,,,,True,5777044.22852637,1855567.8386300672,19387985.530225765,2675353.9842118523,13447088.728451164,,3.034842213085831,Low,Unknown,41240250.0,,False,Unknown,,182,,,18.181818181818183
searsma01,Mark Sears,MIL,PG,23.0,7.0,26.0,2.4,-4.6,-2.2,0.0,mark sears,,,,,,,searsma01,3.7,3.1,0.3,0.3,0.0,0.0,0.462,0.5,0.75,1.1,1.9,,1.0,0.0,0.5,,0.077,0.154,0.154,0.0,0.615,,,,,,,,,,,,,,,1,Rookie Scale,,,,,1.0,True,True,False,False,,,,False,1.0241,1.4179846153846154,,True,,,,,,,,,,,,,,,,,,,,,,,,,0,,False,Guard,,,,,,,,,,,,,,,,,,,,,,,,,,True,8898975.20711494,2070139.2027653928,19234211.37514614,2984722.5462155077,13340434.290099353,,1.928769523782656,Low,Unknown,41240250.0,,False,Unknown,,182,,,46.82675814751286
nelsogr02,Grant Nelson,BRK,PF,23.0,4.0,35.0,-2.6,4.8,2.2,0.0,grant nelson,,,,,,,nelsogr02,8.8,4.3,1.5,1.3,0.3,1.3,0.556,,0.7,2.5,2.3,,0.8,0.333,0.0,,0.556,0.333,0.111,0.0,0.0,,,,,,,,,,,,,,,1,Rookie Scale,,,,,1.0,True,True,False,False,,,,False,5.1152,5.261348571428572,,True,,,,,,,,,,,,,,,,,,,,,,,,,0,,False,Big,,,,,,,,,,,,,,,,,,,,,,,,,,True,5842611.185000851,1861458.9971226093,19156596.53645428,2683847.844698398,13286602.311480127,,2.960172599493142,Low,Unknown,41240250.0,,False,Unknown,,182,,,19.039451114922812
milleem01,Emanuel Miller,CHI,PF,25.0,5.0,33.0,1.6,0.9,2.5,0.0,emanuel miller,,,,,,,milleem01,6.6,3.0,0.6,0.8,0.4,0.0,0.462,0.333,0.5,0.4,2.6,,0.333,0.667,,1.0,0.231,0.231,0.0,0.077,0.462,,,,,,,,,,,,,,,2,Rookie Scale,,,,,2.0,True,True,False,False,,,,False,3.003,3.276,,True,,,,,,,,,,,,,,,,,,,,,,,,,0,,False,Big,,,,,,,,,,,,,,,,,,,,,,,,,,True,6131616.266883964,2164251.158176869,23670715.835884243,3120412.9745740574,16417498.126087314,,3.507470745333641,Low,Unknown,41240250.0,,False,Unknown,,182,,,21.612349914236702
telfoja01,Jahmyl Telfort,LAC,PF,24.0,8.0,32.0,-12.1,-1.7,-13.8,-0.1,jahmyl telfort,,,,,,,telfoja01,4.0,0.1,0.4,0.1,0.1,0.0,0.0,0.0,0.25,0.5,0.5,,,,,,0.0,0.0,0.0,0.0,1.0,,,,,,,,,,,,,,,1,Rookie Scale,,,,,1.0,True,True,False,False,,,,False,0.0,0.0,,True,,,,,,,,,,,,,,,,,,,,,,,,,0,,False,Big,,,,,,,,,,,,,,,,,,,,,,,,,,True,4678994.6871407,2269873.878817404,19411844.673019197,3272699.6011290704,13463636.915452177,,3.663601252062358,Low,Unknown,41240250.0,,False,Unknown,,182,,,10.205831903945112
pedulse01,Sean Pedulla,LAC,PG,23.0,7.0,31.0,-6.9,-4.9,-11.8,-0.1,sean pedulla,,,,,,,pedulse01,4.4,1.9,0.4,0.7,0.0,0.0,0.333,0.3,,0.0,2.1,,,0.5,0.5,0.0,0.0,0.133,0.133,0.067,0.667,,,,,,,,,,,,,,,1,Rookie Scale,,,,,1.0,True,True,False,False,,,,False,0.0,0.0,,True,,,,,,,,,,,,,,,,,,,,,,,,,0,,False,Guard,,,,,,,,,,,,,,,,,,,,,,,,,,True,12960538.11983781,2739851.1914902553,24690048.516623553,3950311.9469416463,17124485.29504008,,1.6936177435052355,Low,Unknown,41240250.0,,False,Unknown,,182,,,72.21269296740995
ingraha01,Harrison Ingram,SAS,SF,23.0,7.0,26.0,3.6,-1.4,2.3,0.0,harrison ingram,ingraha01,UTA,2449421.0,1.0,2449421.0,2449421.0,ingraha01,3.7,1.6,0.4,0.1,0.0,0.0,0.833,1.0,,0.0,0.9,,1.0,0.5,,,0.5,0.333,0.0,0.0,0.167,,,,,,,,,,,,,2024.0,48.0,2,Rookie Scale,,,,,2.0,False,False,False,False,,,,False,3.15,4.361538461538461,,True,,,,,,,,,,,,,,,,,,,,,,,,,0,13.591022443890274,False,Wing,,,,,,,,,,,,,,,,,,,,,,,,,,True,5977593.604581455,1861704.5503827457,19476462.351683456,2684201.882895852,13508454.344115466,3528172.604581455,2.9467974851619374,Low,Leaning underpaid,41240250.0,0.0593939415983171,False,Rookie Scale,,178,,60.84788029925187,20.58319039451115
sallihu01,Hunter Sallis,PHI,SG,22.0,7.0,26.0,-7.7,-2.9,-10.6,-0.1,hunter sallis,,,,,,,sallihu01,3.7,1.0,0.1,0.6,0.0,0.1,0.6,,0.5,0.3,0.7,,0.5,1.0,0.0,,0.4,0.4,0.2,0.0,0.0,,,,,,,,,,,,,,,1,Rookie Scale,,,,,1.0,True,True,False,False,,,,False,1.96,2.713846153846154,,True,,,,,,,,,,,,,,,,,,,,,,,,,0,,False,Guard,,,,,,,,,,,,,,,,,,,,,,,,,,True,6456701.829584205,2269873.878817404,19411844.673019197,3272699.6011290704,13463636.915452177,,2.6549113226288927,Low,Unknown,41240250.0,,False,Unknown,,182,,,24.957118353344768
travelu01,Luke Travers,CLE,SG,24.0,12.0,103.0,-4.2,1.0,-3.2,0.0,luke travers,,,,,,,travelu01,8.6,2.3,2.0,0.8,0.6,0.3,0.25,0.063,1.0,0.8,3.0,,0.462,0.333,,0.0,0.361,0.167,0.0,0.028,0.444,,,,,,,,,,,,,2022.0,56.0,2,Rookie Scale,,,,,4.0,False,True,False,False,,,,False,12.996,4.542291262135922,,True,,,,,,,,,,,,,,,,,,,,,,,,,0,,False,Guard,,,,,,,,,,,,,,,,,,,,,,,,,,True,4163489.3321585143,2008623.4578547464,19234211.37514614,2896029.2687118617,13340434.290099353,,4.1372960377830434,Low,Unknown,41240250.0,,False,Unknown,,182,,,5.660377358490567
yurtsom01,Omer Yurtseven,GSW,C,27.0,9.0,104.0,-5.6,-2.0,-7.6,-0.1,omer yurtseven,,,,,,,yurtsom01,11.6,3.8,3.3,0.9,0.2,0.1,0.423,0.0,0.667,2.0,2.9,,0.4,0.5,1.0,,0.385,0.385,0.077,0.0,0.154,,,,,,,,,,,,,,,4,Rookie Scale,,,,,4.0,True,True,False,False,,,,False,10.0485,3.4783269230769225,,True,,,,,,,,,,,,,,,,,,,,,,,,,0,,False,Big,,,,,,,,,,,,,,,,,,,,,,,,,,True,4646345.254774838,2169827.3859296124,18570278.366770457,3128452.768552265,12879944.670924803,,3.5297529739071463,Low,Unknown,41240250.0,,False,Unknown,,182,,,9.605488850771868
reathdu01,Duop Reath,POR,C,29.0,32.0,258.0,-0.9,0.0,-0.9,0.1,duop reath,,,,,,,reathdu01,8.1,2.9,1.2,0.3,0.2,0.3,0.446,0.418,0.833,0.2,2.3,,0.615,0.333,,,0.176,0.081,0.0,0.0,0.743,,,,,,,,,,,,,,,3,Rookie Scale,,,,,3.0,True,True,False,False,,,,False,12.953599999999998,1.8074790697674417,,True,,,,,,,,,,,,,,,,,,,,,,,,,0,,False,Big,,,,,,,,,,,,,,,,,,,,,,,,,,True,4001040.548603841,1846129.8999080693,18478134.51561611,2661746.3831115407,12816035.682529803,,4.156919784657459,Low,Unknown,41240250.0,,False,Unknown,,182,,,3.7735849056603774
poulajo01,John Poulakidas,DAL,SG,22.0,13.0,253.0,-1.0,-1.2,-2.2,0.0,john poulakidas,,,,,,,poulajo01,19.5,8.8,2.3,0.8,0.5,0.3,0.429,0.403,0.857,0.5,7.0,,1.0,0.0,0.375,1.0,0.011,0.011,0.088,0.044,0.846,,,,,,,,,,,,,,,1,Rookie Scale,,,,,1.0,True,True,False,False,,,,False,1.001,0.1424347826086956,,True,,,,,,,,,,,,,,,,,,,,,,,,,0,,False,Guard,,,,,,,,,,,,,,,,,,,,,,,,,,True,8280654.767232192,2078835.563187502,19555373.158247523,2997260.9412119463,13563185.178107755,,2.110526049729465,Low,Unknown,41240250.0,,False,Unknown,,182,,,42.19554030874786
mogbojo01,Jonathan Mogbo,TOR,PF,24.0,40.0,249.0,-2.6,1.9,-0.7,0.1,jonathan mogbo,,,,,,,mogbojo01,6.2,1.5,1.7,0.6,0.3,0.2,0.591,0.0,0.643,0.4,1.1,,0.625,0.563,0.667,,0.545,0.364,0.068,0.0,0.023,1.3,1.3,0.0,0.0,0.0,0.0,1.0,,,3.0,4.0,7.5,2024.0,31.0,2,Rookie Scale,,,,,2.0,False,True,True,True,,,,False,23.98,3.4669879518072286,,True,,,,,,,,,,,,,,,,,,,,,,,,,0,,False,Big,,,,,,,,,,,,,,,,,,,,,,,,,,True,4019345.0721167703,1921555.2774219336,19315525.05460235,2770494.5409753765,13396831.704919985,,4.327563188800797,Low,Unknown,41240250.0,,False,Unknown,,182,,,4.288164665523156
balad01,Adama-Alpha Bal,MEM,SG,22.0,8.0,241.0,-3.6,-1.8,-5.4,-0.2,adama alpha bal,,,,,,,balad01,30.1,10.4,3.1,2.4,1.1,0.1,0.412,0.409,0.9,1.3,8.5,,0.667,0.286,0.0,0.0,0.176,0.103,0.044,0.029,0.647,,,,,,,,,,,,,,,1,Rookie Scale,,,,,1.0,True,True,False,False,,,,False,11.968,1.7877510373443983,,True,,,,,,,,,,,,,,,,,,,,,,,,,0,,False,Guard,,,,,,,,,,,,,,,,,,,,,,,,,,True,11158875.903467229,2459789.545114582,25334450.593830243,3546519.627492277,17571428.68147326,,2.049907288744753,Low,Unknown,41240250.0,,False,Unknown,,182,,,62.43567753001715
willije02,Nate Williams,GSW,SG,26.0,14.0,239.0,-2.1,-2.9,-5.0,-0.2,nate williams,,,,,,,willije02,17.1,8.0,2.1,1.0,0.4,0.0,0.489,0.433,0.867,1.1,6.3,,0.72,0.375,0.0,,0.284,0.364,0.011,0.0,0.341,,,,,,,,,,,,,,,4,Rookie Scale,,,,,4.0,True,True,False,False,,,,False,25.0488,3.7730410041841007,,True,,,,,,,,,,,,,,,,,,,,,,,,,0,,False,Guard,,,,,,,,,,,,,,,,,,,,,,,,,,True,4696236.127455871,2169827.3859296124,18658368.803234328,3128452.768552265,12941042.298288506,,3.5110120040401767,Low,Unknown,41240250.0,,False,Unknown,,182,,,10.634648370497429
timmedr01,Drew Timme,LAL,PF,25.0,27.0,235.0,-0.8,-1.4,-2.2,0.0,drew timme,,,,,,,timmedr01,8.7,3.4,1.2,0.9,0.2,0.0,0.576,0.44,0.556,0.3,2.4,,0.833,0.538,0.667,0.0,0.182,0.197,0.227,0.015,0.379,,,,,,,,,,,,,,,2,Rookie Scale,,,,,2.0,True,True,False,False,,,,False,11.7936,1.8066791489361704,,True,,,,,,,,,,,,,,,,,,,,,,,,,0,,False,Big,,,,,,,,,,,,,,,,,,,,,,,,,,True,7389001.75448788,2344556.7116043954,23514534.499023855,3380377.1594965486,16309174.118354963,,2.865066011733099,Low,Unknown,41240250.0,,False,Unknown,,182,,,32.76157804459691
jarrede01,DeJon Jarreau,MEM,SG,28.0,11.0,231.0,-4.9,-0.3,-5.2,-0.2,dejon jarreau,,,,,,,jarrede01,21.0,8.0,4.6,3.3,0.9,0.7,0.398,0.133,0.783,2.1,7.5,,0.6,0.615,0.462,0.0,0.301,0.157,0.157,0.024,0.361,,,,,,,,,,,,,,,3,Rookie Scale,,,,,3.0,True,True,False,False,,,,False,24.8325,3.87,,True,,,,,,,,,,,,,,,,,,,,,,,,,0,,False,Guard,,,,,,,,,,,,,,,,,,,,,,,,,,True,7433509.616013894,2347377.375918687,24236120.148361307,3384443.987641692,16809650.366219476,,2.9446040838217313,Low,Unknown,41240250.0,,False,Unknown,,182,,,32.933104631217844
paulch01,Chris Paul,LAC,PG,40.0,16.0,228.0,-4.0,-0.2,-4.2,-0.1,chris paul,,,,,,,paulch01,14.3,2.9,1.8,3.3,0.7,0.0,0.321,0.333,0.5,0.1,3.5,,1.0,0.429,0.154,0.4,0.018,0.125,0.232,0.089,0.536,,,,,,,,,,,,,2005.0,4.0,20,Veteran,,,,,21.0,False,True,False,False,,,,False,1.008,0.1591578947368421,,True,,,,,,,,,,,,,,,,,,,,,,,,,0,,False,Guard,,,,,,,,,,,,,,,,,,,,,,,,,,False,6418086.6857202165,2308939.7913244935,24493861.255900323,3329024.755347024,16988414.041106854,,3.456625401139516,Low,Unknown,57736350.0,,False,Unknown,,182,,,24.528301886792452
lawsoaj01,A.J. Lawson,TOR,SG,25.0,24.0,226.0,-1.3,0.4,-1.0,0.1,aj lawson,,,,,,,lawsoaj01,9.4,4.2,1.8,0.3,0.5,0.2,0.436,0.422,0.778,0.8,3.3,,0.565,0.2,,,0.295,0.128,0.0,0.0,0.577,7.3,1.7,0.4,0.6,0.0,0.3,0.25,0.25,1.0,7.0,51.0,-9.0,,,4,Rookie Scale,,,,,4.0,True,True,True,True,,,,False,23.363999999999994,3.721699115044247,,True,,,,,,,,,,,,,,,,,,,,,,,,,0,,False,Guard,,,,,,,,,,,,,,,,,,,,,,,,,,True,9941936.814543432,2303664.843305641,23613943.478343192,3321419.345884244,16378122.04299767,,2.1434735537510248,Low,Unknown,41240250.0,,False,Unknown,,182,,,56.26072041166381
willilu01,Lucas Williamson,MEM,SG,27.0,7.0,224.0,-5.4,-2.1,-7.6,-0.3,lucas williamson,,,,,,,willilu01,32.0,10.4,5.4,2.6,1.6,0.1,0.333,0.283,1.0,1.1,10.7,,0.538,0.5,0.0,,0.173,0.08,0.04,0.0,0.707,,,,,,,,,,,,,,,1,Rookie Scale,,,,,1.0,True,True,False,False,,,,False,12.957699999999996,2.0824874999999996,,True,,,,,,,,,,,,,,,,,,,,,,,,,0,,False,Guard,,,,,,,,,,,,,,,,,,,,,,,,,,True,4765342.318050485,2180444.2257113867,18570278.366770457,3143760.1068336177,12879944.670924803,,3.43938232495419,Low,Unknown,41240250.0,,False,Unknown,,182,,,11.320754716981131
davisjd01,JD Davison,HOU,PG,23.0,28.0,218.0,-2.4,1.3,-1.1,0.0,jd davison,,,,,,,davisjd01,7.8,2.5,1.2,1.3,0.2,0.2,0.375,0.25,0.684,0.7,2.3,,0.8,0.438,0.4,1.0,0.078,0.25,0.156,0.016,0.5,2.5,1.0,1.0,0.0,0.0,0.0,,,1.0,2.0,5.0,-15.8,2022.0,53.0,4,Rookie Scale,,,,,4.0,False,True,True,True,,,,False,5.023199999999999,0.8295192660550458,,True,,,,,,,,,,,,,,,,,,,,,,,,,0,,False,Guard,,,,,,,,,,,,,,,,,,,,,,,,,,True,9507254.249175796,2085772.669412139,25606927.28815437,3007262.8470386215,17760412.64163247,,2.4740218366182147,Low,Unknown,41240250.0,,False,Unknown,,182,,,51.45797598627787
okanito01,Toby Okani,MEM,SG,24.0,6.0,217.0,-6.8,-3.9,-10.7,-0.5,toby okani,,,,,,,okanito01,36.2,10.0,3.5,1.0,0.7,0.5,0.357,0.29,0.125,1.3,11.7,,0.545,0.4,0.286,0.333,0.157,0.214,0.1,0.086,0.443,,,,,,,,,,,,,,,1,Rookie Scale,,,,,1.0,True,True,False,False,,,,False,11.021399999999998,1.8284350230414743,,True,,,,,,,,,,,,,,,,,,,,,,,,,0,,False,Guard,,,,,,,,,,,,,,,,,,,,,,,,,,True,4678994.6871407,2269873.878817404,19411844.673019197,3272699.6011290704,13463636.915452177,,3.663601252062358,Low,Unknown,41240250.0,,False,Unknown,,182,,,10.205831903945112
pippesc02,Scotty Pippen Jr.,MEM,PG,25.0,10.0,212.0,-2.5,-0.3,-2.8,0.0,scotty pippen,pippesc02,MEM,2461462.0,2.0,,2461462.0,pippesc02,21.2,11.4,2.2,4.7,1.9,0.4,0.448,0.313,0.783,2.3,9.6,,0.739,0.316,0.444,0.5,0.24,0.198,0.188,0.042,0.333,,,,,,,,,,,,,,,4,Rookie Scale,,,,,4.0,True,False,False,False,,,,False,23.04,3.912452830188679,,True,,,,,,,,,,,,,,,,,,,,,,,,,0,17.08229426433915,False,Guard,,,,,,,,,,,,,,,,,,,,,,,,,,True,10493060.685289256,2721327.189779695,31537571.66294357,3923604.078467012,21873779.706011105,8031598.685289256,2.74621917640892,Low,Underpaid,41240250.0,0.0596859136401937,False,Rookie Scale,,178,,88.2793017456359,59.17667238421955
holmeda01,DaRon Holmes,DEN,PF,23.0,25.0,210.0,0.7,-1.2,-0.5,0.1,daron holmes,holmeda01,DEN,3372120.0,2.0,3372120.0,3372120.0,holmeda01,8.4,3.7,1.4,0.6,0.0,0.2,0.508,0.444,0.786,0.6,2.4,,0.7,0.5,1.0,,0.164,0.066,0.033,0.0,0.738,2.0,0.0,1.0,0.0,0.0,0.0,,,,2.0,4.0,-3.6,2024.0,22.0,1,Rookie Scale,,,,,2.0,False,False,True,True,,,,False,9.84,1.6868571428571428,,True,,,,,,,,,,,,,,,,,,,,,,,,,0,27.680798004987533,False,Big,,,,,,,,,,,,,,,,,,,,,,,,,,True,9640617.00090216,2045394.867248452,28422993.946376797,2949046.212947737,19713575.75697072,6268497.000902161,2.7360903432487724,Low,Fairly paid,41240250.0,0.0817676905450379,False,Rookie Scale,,178,,81.04738154613467,53.859348198970835
kawamyu01,Yuki Kawamura,CHI,PG,24.0,18.0,209.0,-2.7,-1.0,-3.7,-0.1,yuki kawamura,kawamyu01,LAC,2449421.0,1.0,,2449421.0,kawamyu01,11.6,3.4,1.8,2.6,0.5,0.0,0.327,0.297,0.895,1.1,2.9,,0.4,1.0,0.375,0.0,0.096,0.019,0.154,0.019,0.712,,,,,,,,,,,,,,,2,Rookie Scale,,,,,2.0,True,False,False,False,,,,False,5.0112,0.8631732057416267,,True,,,,,,,,,,,,,,,,,,,,,,,,,0,13.591022443890274,False,Guard,,,,,,,,,,,,,,,,,,,,,,,,,,True,4616547.635768602,2283011.9640868944,19411844.673019197,3291642.06609257,13463636.915452177,2167126.6357686017,3.710312133729462,Low,Leaning underpaid,41240250.0,0.0593939415983171,False,Rookie Scale,,178,,48.87780548628429,8.404802744425385
laniech01,Chaz Lanier,DET,SG,24.0,34.0,262.0,-3.8,-1.3,-5.1,-0.2,chaz lanier,laniech01,DET,2150917.0,3.0,2150917.0,2150917.0,laniech01,7.7,2.4,0.7,0.5,0.2,0.0,0.315,0.284,0.833,0.2,2.6,,0.5,0.0,0.625,0.3,0.022,0.022,0.09,0.112,0.753,2.7,0.7,0.0,0.3,0.0,0.0,0.333,0.0,,3.0,8.0,-5.6,2025.0,37.0,1,Rookie Scale,,,,,1.0,False,False,True,True,,,,False,1.9448,0.267224427480916,,True,,,,,,,,,,,,,,,,,,,,,,,,,0,1.99501246882793,False,Guard,,,,,,,,,,,,,,,,,,,,,,,,,,True,9424875.758458275,2673498.596653795,24690048.516623553,3854644.90892617,17124485.29504008,7273958.758458275,2.336004259813313,Low,Underpaid,41240250.0,0.0521557701517328,False,Rookie Scale,,178,,85.286783042394,50.943396226415096
ryanco01,Cormac Ryan,MIL,SG,27.0,11.0,271.0,1.0,-1.8,-0.8,0.1,cormac ryan,,,,,,,ryanco01,24.6,14.3,2.5,1.7,1.0,0.3,0.52,0.458,0.923,2.4,9.3,,0.684,0.667,0.429,0.0,0.186,0.147,0.069,0.02,0.578,,,,,,,,,,,,,,,1,Rookie Scale,,,,,1.0,True,True,False,False,,,,False,19.027800000000003,2.527678228782288,,True,,,,,,,,,,,,,,,,,,,,,,,,,0,,False,Guard,,,,,,,,,,,,,,,,,,,,,,,,,,True,4609434.869488324,1856371.6589999655,18447378.590475503,2676512.930807297,12794704.03599816,,3.599358142859982,Low,Unknown,41240250.0,,False,Unknown,,182,,,8.233276157804461
branhma01,Malaki Branham,WAS,SG,22.0,28.0,275.0,-0.8,-1.5,-2.2,0.0,malaki branham,,,,,,,branhma01,9.8,4.6,1.6,0.8,0.4,0.1,0.473,0.378,0.824,1.2,3.3,,0.609,0.444,0.667,1.0,0.253,0.297,0.033,0.011,0.407,,,,,,,,,,,,,2022.0,20.0,4,Rookie Scale,,,,,4.0,False,True,False,False,,,,False,23.3772,3.060288,,True,,,,,,,,,,,,,,,,,,,,,,,,,0,,False,Guard,,,,,,,,,,,,,,,,,,,,,,,,,,True,5754003.990564511,2008367.8281033505,19234211.37514614,2895660.7022495405,13340434.290099353,,2.993714216272694,Low,Unknown,41240250.0,,False,Unknown,,182,,,17.83876500857633
johnsch06,Chaney Johnson,BRK,SF,23.0,17.0,348.0,-0.3,0.4,0.1,0.2,chaney johnson,,,,,,,johnsch06,20.5,8.2,4.6,2.1,0.9,0.5,0.543,0.3,0.8,2.1,5.5,,0.707,0.471,0.833,,0.436,0.181,0.064,0.0,0.319,,,,,,,,,,,,,,,1,Rookie Scale,,,,,1.0,True,True,False,False,,,,False,40.766,4.217172413793103,,True,,,,,,,,,,,,,,,,,,,,,,,,,0,,False,Wing,,,,,,,,,,,,,,,,,,,,,,,,,,True,8986942.361132914,2014655.5343298817,25208743.60126452,2904726.304462781,17484241.021869186,,2.5808653416144467,Low,Unknown,41240250.0,,False,Unknown,,182,,,47.512864493996574
liveris01,Isaiah Livers,PHO,PF,27.0,36.0,347.0,-3.7,1.2,-2.5,0.0,isaiah livers,,,,,,,liveris01,9.6,1.8,1.7,0.6,0.4,0.2,0.344,0.3,0.75,0.3,1.8,,0.727,0.111,0.5,0.0,0.172,0.141,0.031,0.031,0.625,,,,,,,,,,,,,2021.0,42.0,4,Veteran,,,,,5.0,False,True,False,False,,,,False,11.145599999999998,1.156315850144092,,True,,,,,,,,,,,,,,,,,,,,,,,,,0,,False,Big,,,,,,,,,,,,,,,,,,,,,,,,,,False,4113834.6868892647,1928157.8171894688,18707584.42753631,2780014.0695559294,12975177.194138424,,4.078779991773282,Low,Unknown,41240250.0,,False,Unknown,,182,,,5.4888507718696395
olbrila01,Lachlan Olbrich,CHI,C,22.0,37.0,344.0,-3.3,-0.2,-3.4,-0.1,lachlan olbrich,,,,,,,olbrila01,9.3,2.4,3.0,1.1,0.3,0.2,0.468,0.105,0.375,1.1,2.1,,0.658,0.421,,1.0,0.494,0.247,0.0,0.013,0.247,,,,,,,,,,,,,2025.0,55.0,1,Rookie Scale,,,,,1.0,False,True,False,False,,,,False,38.3838,4.0169093023255815,,True,,,,,,,,,,,,,,,,,,,,,,,,,0,,False,Big,,,,,,,,,,,,,,,,,,,,,,,,,,True,6351731.579794002,2283011.9640868944,19411844.673019197,3291642.06609257,13463636.915452177,,2.696718602439403,Low,Unknown,41240250.0,,False,Unknown,,182,,,23.499142367066895
jeromty01,Ty Jerome,MEM,SG,28.0,15.0,339.0,8.2,-0.6,7.7,0.8,ty jerome,jeromty01,MEM,9220050.0,2.0,9220050.0,9220050.0,jeromty01,22.6,19.7,2.8,5.7,1.1,0.3,0.474,0.42,0.875,3.7,14.3,,0.667,0.442,0.622,0.0,0.098,0.242,0.172,0.023,0.465,,,,,,,,,,,,,2019.0,24.0,7,Veteran,,,,,7.0,False,False,False,False,,,,False,21.021,2.2323185840707964,,True,,,,,,,,,,,,,,,,,,,,,,,,,0,55.86034912718204,False,Guard,,,,,,,,,,,,,,,,,,,,,,,,,,False,38632944.81279813,15931981.438756043,72962109.82336962,22970698.85088849,50604946.19620364,29412894.812798128,1.476204536334515,Medium,Underpaid,49488300.0,0.1863076727226435,False,Mid-Level,,147,,100.0,94.68267581475128
harpero02,Ron Harper Jr.,BOS,SF,25.0,29.0,318.0,0.2,0.9,1.1,0.3,ron harper,harpero02,BOS,3150752.0,4.0,6459042.0,3150752.0,harpero02,11.0,4.2,1.7,0.8,0.3,0.3,0.418,0.35,0.75,0.1,3.8,,0.846,0.385,0.5,,0.118,0.118,0.036,0.0,0.727,4.2,1.8,0.7,0.2,0.5,0.0,0.444,0.5,,6.0,25.0,9.9,,,4,Rookie Scale,,,,,4.0,True,False,True,True,,,,False,13.0036,1.4721056603773583,,True,,,,,,,,,,,,,,,,,,,,,,,,,0,26.683291770573565,False,Wing,,,,,,,,,,,,,,,,,,,,,,,,,,True,9879741.754269969,2636288.791861603,27747112.190996967,3800995.887084947,19244798.744507782,6728989.754269967,2.5416477498799614,Low,Leaning underpaid,41240250.0,0.0763999248307175,False,Rookie Scale,,178,,83.0423940149626,55.23156089193824
berinjo01,Joan Beringer,MIN,PF,19.0,40.0,314.0,0.2,0.2,0.4,0.2,joan beringer,berinjo01,MIN,4411200.0,3.0,4411200.0,4411200.0,berinjo01,7.9,3.9,2.3,0.3,0.2,0.7,0.663,,0.703,0.9,2.5,,0.734,0.368,,,0.806,0.194,0.0,0.0,0.0,4.6,3.2,2.2,0.0,0.4,0.4,0.556,,0.75,5.0,23.0,6.8,2025.0,17.0,1,Rookie Scale,,,,,1.0,False,False,True,True,,,,False,80.60000000000001,9.240764331210194,,True,,,,,,,,,,,,,,,,,,,,,,,,,0,34.1645885286783,False,Big,,,,,,,,,,,,,,,,,,,,,,,,,,True,6609261.970667354,1997950.362048236,19283375.335044418,2880640.820606993,13374533.35263287,2198061.970667354,2.6153336105772222,Low,Fairly paid,41240250.0,0.1069634640915125,False,Rookie Scale,,178,,49.12718204488778,25.900514579759864
slawsja01,Jalen Slawson,IND,SF,26.0,13.0,311.0,-2.2,1.8,-0.4,0.1,jalen slawson,,,,,,,slawsja01,23.9,7.3,4.4,2.8,1.5,1.1,0.442,0.375,0.706,1.3,5.9,,0.85,0.091,0.333,0.0,0.26,0.143,0.039,0.039,0.519,,,,,,,,,,,,,2023.0,54.0,2,Rookie Scale,,,,,3.0,False,True,False,False,,,,False,19.942,2.308398713826367,,True,,,,,,,,,,,,,,,,,,,,,,,,,0,,False,Wing,,,,,,,,,,,,,,,,,,,,,,,,,,True,4379884.470398405,1810331.8168608728,18716227.682819344,2610132.7788478606,12981171.969640672,,3.859895387702012,Low,Unknown,41240250.0,,False,Unknown,,182,,,6.518010291595197
looneke01,Kevon Looney,NOP,C,29.0,21.0,308.0,-1.2,-0.6,-1.8,0.0,kevon looney,looneke01,LAL,2449421.0,1.0,2449421.0,2449421.0,looneke01,14.7,2.8,5.6,1.6,0.4,0.5,0.417,0.154,0.7,0.5,2.9,,0.625,0.222,0.0,0.333,0.533,0.15,0.05,0.05,0.217,,,,,,,,,,,,,2015.0,30.0,11,Veteran,,,,,11.0,False,False,False,False,,,,False,32.4597,3.7939909090909087,,True,,,,,,,,,,,,,,,,,,,,,,,,,0,13.591022443890274,False,Big,,,,,,,,,,,,,,,,,,,,,,,,,,False,7899738.042261509,3827575.6319873305,32076583.59849661,5518590.861366513,22247626.76256964,5450317.042261509,3.575942368643689,Low,Underpaid,57736350.0,0.0424242439987979,False,Minimum,,29,,76.55860349127181,38.93653516295026
yangha01,Yang Hansen,POR,C,20.0,43.0,300.0,-8.9,-0.6,-9.5,-0.6,yang hansen,yangha01,POR,4643520.0,3.0,4643520.0,4643520.0,yangha01,7.0,2.2,1.5,0.5,0.1,0.2,0.31,0.119,0.824,0.8,2.3,,0.68,0.333,0.0,,0.25,0.27,0.06,0.0,0.42,1.3,0.0,0.3,0.0,0.0,0.0,0.0,0.0,,4.0,5.0,-19.6,2025.0,16.0,1,Rookie Scale,,,,,1.0,False,False,True,True,,,,False,24.725,2.967,,True,,,,,,,,,,,,,,,,,,,,,,,,,0,35.41147132169576,False,Big,,,,,,,,,,,,,,,,,,,,,,,,,,True,9310204.710008198,2657172.5657241344,24690048.516623553,3831106.0703104497,17124485.29504008,4666684.710008198,2.366529699096167,Low,Fairly paid,41240250.0,0.1125967956062342,False,Rookie Scale,,178,,72.56857855361596,49.656946826758144
leonsma01,Malevy Leons,GSW,SF,26.0,25.0,276.0,-3.0,0.2,-2.8,-0.1,malevy leons,,,,,,,leonsma01,11.0,3.3,2.1,0.9,0.6,0.4,0.444,0.25,0.789,0.8,2.9,,0.654,0.37,0.5,0.0,0.361,0.375,0.028,0.014,0.222,,,,,,,,,,,,,,,2,Rookie Scale,,,,,2.0,True,True,False,False,,,,False,26.1725,3.413804347826087,,True,,,,,,,,,,,,,,,,,,,,,,,,,0,,False,Wing,,,,,,,,,,,,,,,,,,,,,,,,,,True,7703515.991378856,2255678.9457139117,23514534.499023855,3252233.3750803983,16309174.118354963,,2.75963022301779,Low,Unknown,41240250.0,,False,Unknown,,182,,,36.53516295025729
connapa01,Pat Connaughton,CHO,SG,33.0,42.0,297.0,-0.2,0.3,0.1,0.2,pat connaughton,connapa01,CHO,3815861.0,1.0,3815861.0,3815861.0,connapa01,7.1,2.6,1.5,0.4,0.3,0.0,0.447,0.404,0.65,0.5,2.0,,0.538,0.556,0.0,,0.153,0.212,0.024,0.0,0.612,,,,,,,,,,,,,2015.0,41.0,11,Veteran,,,,,11.0,False,False,False,False,,,,False,12.852,1.557818181818182,,True,,,,,,,,,,,,,,,,,,,,,,,,,0,30.673316708229425,False,Guard,,,,,,,,,,,,,,,,,,,,,,,,,,False,9714562.138469491,2139601.4577352135,27691287.566850152,3084873.085967829,19206079.988865823,5898701.138469491,2.63024578410289,Low,Fairly paid,57736350.0,0.0660911366929152,False,Mid-Level,,147,,79.80049875311721,54.373927958833626
cryerlj01,LJ Cryer,GSW,PG,24.0,18.0,292.0,-1.8,-2.9,-4.7,-0.2,lj cryer,,,,,,,cryerlj01,16.2,8.2,1.6,1.0,0.2,0.0,0.402,0.394,0.895,1.1,6.5,,1.0,0.5,0.429,0.286,0.009,0.068,0.06,0.06,0.803,,,,,,,,,,,,,,,1,Rookie Scale,,,,,1.0,True,True,False,False,,,,False,1.053,0.1298219178082191,,True,,,,,,,,,,,,,,,,,,,,,,,,,0,,False,Guard,,,,,,,,,,,,,,,,,,,,,,,,,,True,15656267.06788973,2751090.812455029,39383755.795638934,3966517.2098822566,27315723.84443804,,2.3398083862733654,Low,Unknown,41240250.0,,False,Unknown,,182,,,80.44596912521442
strusma01,Max Strus,CLE,SF,29.0,12.0,288.0,0.1,-1.3,-1.2,0.1,max strus,strusma01,CLE,16660836.0,1.0,16660836.0,16660836.0,strusma01,24.0,11.2,5.4,2.0,0.3,0.0,0.443,0.402,0.778,0.8,8.8,,0.625,0.5,0.5,,0.151,0.057,0.019,0.0,0.774,26.7,9.6,4.8,2.1,0.8,0.2,0.406,0.358,0.917,18.0,481.0,0.9,,,7,Veteran,,,,,7.0,True,False,True,False,,,,False,15.9456,1.9932,,True,,,,,,,,,,,,,,,,,,,,,,,,,0,73.06733167082294,False,Wing,,,,,,,,,,,,,,,,,,,,,,,,,,False,7704749.410613284,3115351.9034089,28674949.83505052,4491708.119472643,19888326.92879157,-8956086.589386716,3.3173821197134976,Low,Fairly paid,49488300.0,0.336662120137487,False,Mid-Level,,147,,9.476309226932669,36.706689536878216
waterli01,Lindy Waters III,SAS,SG,28.0,40.0,285.0,-2.9,-0.3,-3.2,-0.1,lindy waters,,,,,,,waterli01,7.1,2.4,0.7,0.5,0.2,0.0,0.375,0.342,0.667,0.1,2.2,,0.6,0.5,1.0,1.0,0.057,0.023,0.011,0.011,0.898,3.8,1.7,0.7,0.4,0.1,0.0,0.462,0.375,,9.0,34.0,3.2,,,5,Veteran,,,,,5.0,True,True,True,True,,,,False,5.016,0.6336,,True,,,,,,,,,,,,,,,,,,,,,,,,,0,,False,Guard,,,,,,,,,,,,,,,,,,,,,,,,,,False,7530423.944608755,2258706.5857355455,23403516.99105671,3256598.620384832,16232174.768540245,,2.80791766318274,Low,Unknown,41240250.0,,False,Unknown,,182,,,34.305317324185246
hinsobl01,Blake Hinson,UTA,SF,26.0,14.0,285.0,2.5,-3.0,-0.6,0.1,blake hinson,,,,,,,hinsobl01,20.4,11.9,2.4,1.1,0.4,0.1,0.513,0.468,0.75,1.1,8.2,,0.714,0.643,0.5,0.0,0.122,0.122,0.052,0.017,0.687,,,,,,,,,,,,,,,1,Rookie Scale,,,,,1.0,True,True,False,False,,,,False,14.005599999999998,1.7691284210526312,,True,,,,,,,,,,,,,,,,,,,,,,,,,0,,False,Wing,,,,,,,,,,,,,,,,,,,,,,,,,,True,5899105.6754885055,1948316.263936991,24600638.76648624,2809078.4776032916,17062472.62015893,,3.839958757930439,Low,Unknown,41240250.0,,False,Unknown,,182,,,19.725557461406517
edeyza01,Zach Edey,MEM,C,23.0,11.0,284.0,-0.6,1.1,0.5,0.2,zach edey,edeyza01,MEM,6332760.0,2.0,6332760.0,6332760.0,edeyza01,25.8,13.6,11.1,1.1,0.6,1.9,0.633,0.2,0.781,2.9,8.9,,0.732,0.63,0.333,,0.418,0.469,0.061,0.0,0.051,,,,,,,,,,,,,2024.0,9.0,2,Rookie Scale,,,,,2.0,False,False,False,False,,,,False,40.9222,5.187321126760565,,True,,,,,,,,,,,,,,,,,,,,,,,,,0,46.13466334164589,False,Big,,,,,,,,,,,,,,,,,,,,,,,,,,True,20004325.945943248,2785587.209826504,43551405.05306291,4016254.046352146,30206315.50834625,13671565.945943248,2.037850110690856,Low,Fairly paid,41240250.0,0.1535577500136395,False,Rookie Scale,,178,,97.50623441396507,86.79245283018868
mclaujo01,Jordan McLaughlin,SAS,PG,29.0,44.0,282.0,-1.9,2.5,0.6,0.2,jordan mclaughlin,mclaujo01,SAS,2449421.0,1.0,2449421.0,2449421.0,mclaujo01,6.4,2.0,0.7,0.9,0.5,0.0,0.418,0.425,0.857,0.2,1.8,,0.632,0.167,0.286,0.0,0.241,0.152,0.089,0.013,0.506,4.6,1.9,0.8,1.0,0.2,0.0,0.636,0.6,1.0,10.0,46.0,9.9,,,7,Veteran,,,,,7.0,True,False,True,True,,,,False,19.0872,2.4366638297872343,,True,,,,,,,,,,,,,,,,,,,,,,,,,0,13.591022443890274,False,Guard,,,,,,,,,,,,,,,,,,,,,,,,,,False,4051894.815611692,1990205.7672268455,19767477.41468811,2869474.6793427584,13710296.1170752,1602473.815611692,4.387397120716602,Low,Leaning underpaid,49488300.0,0.0494949513319309,False,Minimum,,29,,45.8852867830424,4.802744425385934
johnske10,Keshad Johnson,MIA,SF,24.0,32.0,280.0,-1.3,0.0,-1.3,0.1,keshad johnson,,,,,,,johnske10,8.8,4.3,1.9,0.3,0.5,0.3,0.49,0.295,0.724,0.9,3.3,,0.773,0.077,1.0,1.0,0.423,0.125,0.019,0.01,0.423,,,,,,,,,,,,,,,2,Rookie Scale,,,,,2.0,True,True,False,False,,,,False,44.6688,5.743131428571429,,True,,,,,,,,,,,,,,,,,,,,,,,,,0,,False,Wing,,,,,,,,,,,,,,,,,,,,,,,,,,True,5839450.073066716,1954704.0018370904,19779609.870821983,2818288.305282644,13718710.927054914,,3.0524973492279135,Low,Unknown,41240250.0,,False,Unknown,,182,,,18.867924528301888
dadiepa01,Pacôme Dadiet,NYK,SG,20.0,29.0,136.0,-3.0,-0.2,-3.3,0.0,pacome dadiet,dadiepa01,NYK,2983680.0,2.0,2983680.0,2983680.0,dadiepa01,4.7,1.7,0.9,0.4,0.1,0.0,0.333,0.219,0.818,0.4,1.7,,0.857,0.5,0.333,0.0,0.146,0.083,0.063,0.042,0.667,5.7,2.9,1.0,0.4,0.3,0.0,0.5,0.375,0.5,7.0,40.0,0.8,2024.0,25.0,2,Rookie Scale,,,,,2.0,False,False,True,True,,,,False,7.197799999999999,1.9053,,True,,,,,,,,,,,,,,,,,,,,,,,,,0,25.187032418952622,False,Guard,,,,,,,,,,,,,,,,,,,,,,,,,,True,6390768.92723403,2061007.021608828,19555373.158247523,2971555.785759152,13563185.178107755,3407088.9272340303,2.73744307388225,Low,Fairly paid,41240250.0,0.0723487369741939,False,Rookie Scale,,178,,59.35162094763092,24.013722126929675
thierad01,Adou Thiero,LAL,SF,21.0,25.0,149.0,-4.2,-0.2,-4.4,-0.1,adou thiero,thierad01,LAL,2150917.0,2.0,2150917.0,2150917.0,thierad01,6.0,1.9,1.1,0.4,0.3,0.1,0.516,0.333,0.636,0.9,1.2,,0.706,0.273,,,0.548,0.355,0.0,0.0,0.097,5.7,1.5,2.0,0.2,0.0,0.0,0.5,0.0,0.5,6.0,34.0,-9.1,2025.0,36.0,1,Rookie Scale,,,,,1.0,False,False,True,True,,,,False,16.44,3.972080536912752,,True,,,,,,,,,,,,,,,,,,,,,,,,,0,1.99501246882793,False,Wing,,,,,,,,,,,,,,,,,,,,,,,,,,True,7894122.228217868,2657172.5657241344,19735972.47461598,3831106.0703104497,13688444.969936987,5743205.228217868,2.163483084647837,Low,Underpaid,41240250.0,0.0521557701517328,False,Rookie Scale,,178,,78.80299251870323,38.76500857632933
antetth01,Thanasis Antetokounmpo,MIL,SF,33.0,34.0,148.0,-3.5,1.8,-1.7,0.0,thanasis antetokounmpo,,,,,,,antetth01,4.4,1.4,0.9,0.4,0.4,0.2,0.469,0.0,0.567,0.9,0.9,,0.667,0.417,,0.0,0.469,0.375,0.0,0.031,0.125,,,,,,,,,,,,,2014.0,51.0,7,Veteran,,,,,12.0,False,True,False,False,,,,False,14.3514,3.490881081081081,,True,,,,,,,,,,,,,,,,,,,,,,,,,0,,False,Wing,,,,,,,,,,,,,,,,,,,,,,,,,,False,3892500.62961168,1780341.9567484716,21537795.26981343,2566893.458750082,14938150.410566373,,5.075773954347692,Low,Unknown,57736350.0,,False,Unknown,,182,,,2.5728987993138936
martial01,Alijah Martin,TOR,SG,24.0,23.0,146.0,-4.6,0.2,-4.3,-0.1,alijah martin,martial01,TOR,2185116.0,2.0,2185116.0,2185116.0,martial01,6.3,2.2,0.9,0.5,0.3,0.2,0.32,0.19,0.789,0.8,2.2,,0.533,0.5,0.0,,0.3,0.16,0.12,0.0,0.42,,,,,,,,,,,,,2025.0,39.0,1,Rookie Scale,,,,,1.0,False,False,False,False,,,,False,15.18,3.743013698630137,,True,,,,,,,,,,,,,,,,,,,,,,,,,0,3.7406483790523697,False,Guard,,,,,,,,,,,,,,,,,,,,,,,,,,True,4985932.272303435,2287491.97351367,19735972.47461598,3298101.3346893345,13688444.969936987,2800816.272303435,3.49954222162776,Low,Underpaid,41240250.0,0.0529850328259406,False,Rookie Scale,,178,,54.613466334164585,14.57975986277873
william01,Amari Williams,BOS,PF,24.0,22.0,146.0,-5.0,2.9,-2.1,0.0,amari williams,,,,,,,william01,6.6,1.4,1.8,0.5,0.1,0.5,0.5,,0.714,0.6,0.9,,0.9,0.111,0.0,,0.5,0.45,0.05,0.0,0.0,2.0,1.0,1.0,0.0,0.0,0.0,0.0,,0.5,1.0,2.0,-17.0,2025.0,46.0,1,Rookie Scale,,,,,1.0,False,True,True,True,,,,False,9.9,2.441095890410959,,True,,,,,,,,,,,,,,,,,,,,,,,,,0,,False,Big,,,,,,,,,,,,,,,,,,,,,,,,,,True,7440562.899121563,2351046.877326737,24464115.596979417,3389734.667404361,16967783.093442276,,2.971961801742629,Low,Unknown,41240250.0,,False,Unknown,,182,,,33.104631217838765
biyombi01,Bismack Biyombo,SAS,C,33.0,25.0,141.0,-7.2,1.4,-5.8,-0.1,bismack biyombo,,,,,,,biyombi01,5.6,0.9,1.0,0.2,0.2,0.1,0.6,,0.714,0.3,0.6,,0.8,0.2,,,0.667,0.333,0.0,0.0,0.0,2.8,0.7,0.3,0.0,0.0,0.2,0.429,,,9.0,25.0,-9.4,2011.0,7.0,15,Veteran,,,,,15.0,False,True,True,True,,,,False,10.005,2.5544680851063832,,True,,,,,,,,,,,,,,,,,,,,,,,,,0,,False,Big,,,,,,,,,,,,,,,,,,,,,,,,,,False,8313783.908499514,2445813.1754692793,28970257.04676264,3526368.525798801,20093145.643549334,,3.190417764428104,Low,Unknown,57736350.0,,False,Unknown,,182,,,43.22469982847341
smithto05,Tolu Smith,DET,PF,25.0,15.0,137.0,-0.9,0.9,0.0,0.1,tolu smith,smithto05,DET,2411090.0,1.0,2411090.0,2411090.0,smithto05,9.1,3.7,3.3,0.9,0.1,0.4,0.5,,0.667,2.0,2.4,,0.682,0.214,,,0.611,0.389,0.0,0.0,0.0,2.3,1.3,0.7,0.0,0.3,0.0,1.0,,,3.0,7.0,9.9,,,2,Rookie Scale,,,,,2.0,True,False,True,True,,,,False,21.996,5.779970802919708,,True,,,,,,,,,,,,,,,,,,,,,,,,,0,9.600997506234414,False,Big,,,,,,,,,,,,,,,,,,,,,,,,,,True,6041018.691146114,2068657.2297261872,27319747.94135375,2982585.840463019,18948388.11559743,3629928.691146114,4.179939179568549,Low,Leaning underpaid,41240250.0,0.0584644855450682,False,Rookie Scale,,178,,61.59600997506235,21.09777015437393
kellymi02,Miles Kelly,DAL,PG,23.0,14.0,134.0,-4.6,-0.5,-5.1,-0.1,miles kelly,,,,,,,kellymi02,9.6,3.1,1.7,0.9,0.3,0.1,0.364,0.303,1.0,0.1,3.1,,0.75,0.333,0.0,0.667,0.091,0.068,0.023,0.068,0.75,,,,,,,,,,,,,,,1,Rookie Scale,,,,,1.0,True,True,False,False,,,,False,3.9494,1.0610328358208954,,True,,,,,,,,,,,,,,,,,,,,,,,,,0,,False,Guard,,,,,,,,,,,,,,,,,,,,,,,,,,True,6534055.7479201,2269873.878817404,19411844.673019197,3272699.6011290704,13463636.915452177,,2.6234809520347864,Low,Unknown,41240250.0,,False,Unknown,,182,,,25.557461406518012
curryse01,Seth Curry,GSW,SG,35.0,10.0,133.0,1.6,-1.3,0.2,0.1,seth curry,,,,,,,curryse01,13.3,7.1,1.2,1.0,0.3,0.0,0.49,0.48,0.917,1.2,4.9,,1.0,0.833,0.333,0.357,0.02,0.122,0.061,0.286,0.51,,,,,,,,,,,,,,,12,Veteran,,,,,12.0,True,True,False,False,,,,False,0.98,0.2652631578947368,,True,,,,,,,,,,,,,,,,,,,,,,,,,0,,False,Guard,,,,,,,,,,,,,,,,,,,,,,,,,,False,5259509.098656454,1839577.183431798,24881697.175232142,2652298.6896523004,17257408.67240596,,4.381040047575254,Low,Unknown,57736350.0,,False,Unknown,,182,,,15.951972555746142
bealbr01,Bradley Beal,LAC,SG,32.0,6.0,121.0,-6.7,-3.9,-10.6,-0.3,bradley beal,bealbr01,LAC,25004710.0,4.0,77532040.0,6424800.0,bealbr01,20.2,8.2,0.8,1.7,0.5,0.0,0.375,0.368,0.75,1.3,8.0,,0.5,0.571,0.2,0.333,0.125,0.146,0.208,0.125,0.396,,,,,,,,,,,,,2012.0,3.0,14,Veteran,,6424800.0,"BREF contracts page shows stale/duplicate pre-buyout entries (PHO dead money vs LAC re-signing). Real deal per Spotrac: 2yr/13.2M, 2026-27 cap hit 6424800.",LAC,14.0,False,False,False,False,,,,False,6.0,1.7851239669421488,,True,,,,,,,,,,,,,,,,,,,,,,,,,0,46.38403990024938,False,Guard,,,,,,,,,,,,,,,,,,,,,,,,,,False,8779643.311941478,2634346.0291810217,36356507.524931654,3798194.8157526753,25216089.71608633,2354843.3119414784,3.840948919859196,Low,Fairly paid,57736350.0,0.1112782501838096,False,Mid-Level,,147,,51.12219451371571,45.79759862778731
bufkiko01,Kobe Bufkin,LAL,SG,22.0,16.0,119.0,-6.2,-3.2,-9.4,-0.2,kobe bufkin,bufkiko01,NOP,2449421.0,1.0,2449421.0,2449421.0,bufkiko01,7.4,2.9,0.8,0.6,0.1,0.2,0.3,0.192,0.917,0.8,3.1,,1.0,0.417,0.0,0.0,0.1,0.24,0.04,0.1,0.52,,,,,,,,,,,,,2023.0,15.0,3,Rookie Scale,,,,,3.0,False,False,False,False,,,,False,4.960000000000001,1.5005042016806729,,True,,,,,,,,,,,,,,,,,,,,,,,,,0,13.591022443890274,False,Guard,,,,,,,,,,,,,,,,,,,,,,,,,,True,8761946.345836485,2340501.6037095934,19411844.673019197,3374530.513075485,13463636.915452177,6312525.345836485,1.9483505599668036,Low,Leaning underpaid,41240250.0,0.0593939415983171,False,Rookie Scale,,178,,81.29675810473816,45.62607204116638
lowryky01,Kyle Lowry,PHI,PG,39.0,14.0,118.0,-8.2,-2.2,-10.4,-0.3,kyle lowry,,,,,,,lowryky01,8.4,1.2,0.6,0.8,0.1,0.1,0.16,0.16,0.833,0.4,1.8,,,,,,0.0,0.0,0.0,0.0,1.0,1.5,0.0,0.5,0.0,0.0,0.0,,,,2.0,3.0,-8.1,2006.0,24.0,20,Veteran,,,,,20.0,False,True,True,True,,,,False,0.0,0.0,,True,,,,,,,,,,,,,,,,,,,,,,,,,0,,False,Guard,,,,,,,,,,,,,,,,,,,,,,,,,,False,8861972.656448254,2437641.00974635,31000345.582541328,3514585.913667185,21501171.28007925,,3.2230639475074256,Low,Unknown,57736350.0,,False,Unknown,,182,,,46.65523156089194
livelde01,Dereck Lively II,DAL,C,21.0,7.0,115.0,-3.0,3.6,0.6,0.1,dereck lively,livelde01,DAL,7239131.0,1.0,7239131.0,7239131.0,livelde01,16.4,4.3,5.3,1.9,0.6,1.6,0.611,,0.8,1.4,2.6,,0.643,0.5,,,0.778,0.222,0.0,0.0,0.0,,,,,,,,,,,,,2023.0,12.0,3,Rookie Scale,,,,,3.0,False,False,False,False,,,,False,14.1596,4.432570434782608,,True,,,,,,,,,,,,,,,,,,,,,,,,,0,49.37655860349127,False,Big,,,,,,,,,,,,,,,,,,,,,,,,,,True,16224371.836317629,2715249.6779632564,31277022.993115745,3914841.534132223,21693068.766455572,8985240.836317629,1.7604239845648797,Low,Fairly paid,41240250.0,0.1755355750753208,False,Rookie Scale,,178,,91.52119700748128,81.6466552315609
alexatr01,Trey Alexander,NOP,SG,22.0,9.0,111.0,-1.5,-0.1,-1.6,0.0,trey alexander,,,,,,,alexatr01,12.3,5.2,1.2,1.0,0.7,0.2,0.514,0.5,0.6,0.6,4.1,,0.8,0.25,0.556,0.667,0.135,0.216,0.243,0.081,0.324,,,,,,,,,,,,,,,2,Rookie Scale,,,,,2.0,True,True,False,False,,,,False,4.9815000000000005,1.6156216216216217,,True,,,,,,,,,,,,,,,,,,,,,,,,,0,,False,Guard,,,,,,,,,,,,,,,,,,,,,,,,,,True,5675009.662926061,1930832.1565242657,19234211.37514614,2783869.9266394223,13340434.290099353,,3.0490484151352386,Low,Unknown,41240250.0,,False,Unknown,,182,,,17.495711835334475
inglejo01,Joe Ingles,MIN,SF,38.0,27.0,153.0,-1.2,1.4,0.2,0.1,joe ingles,,,,,,,inglejo01,5.7,1.5,0.7,1.3,0.3,0.1,0.593,0.438,1.0,0.1,1.0,,0.833,1.0,,0.667,0.222,0.074,0.0,0.111,0.593,4.7,2.3,0.7,0.0,0.7,0.0,0.667,0.667,0.5,3.0,14.0,13.6,,,12,Veteran,,,,,12.0,True,True,True,True,,,,False,5.994,1.4103529411764706,,True,,,,,,,,,,,,,,,,,,,,,,,,,0,,False,Wing,,,,,,,,,,,,,,,,,,,,,,,,,,False,7956371.215957915,2042472.163127466,31035564.08944387,2944832.264014173,21525598.07710065,,3.6440094534761793,Low,Unknown,57736350.0,,False,Unknown,,182,,,39.108061749571185
jordade01,DeAndre Jordan,NOP,C,37.0,12.0,199.0,-0.4,0.2,-0.2,0.1,deandre jordan,jordade01,NOP,3876529.0,2.0,7946884.0,3876529.0,jordade01,16.6,4.4,6.3,0.9,0.3,0.8,0.656,,0.647,1.4,2.7,,0.72,0.5,0.0,,0.781,0.188,0.031,0.0,0.0,,,,,,,,,,,,,2008.0,35.0,18,Veteran,,,,,18.0,False,False,False,False,,,,False,25.304400000000005,4.577680402010052,,True,,,,,,,,,,,,,,,,,,,,,,,,,0,31.795511221945137,False,Big,,,,,,,,,,,,,,,,,,,,,,,,,,False,7056380.57639416,2088412.7471094965,26769998.58506014,3011069.3057620428,18567093.815528687,3179851.5763941603,3.497768518965432,Low,Fairly paid,57736350.0,0.0671419131967989,False,Mid-Level,,147,,57.356608478803,30.360205831903947
mathega01,Garrison Mathews,IND,SG,29.0,15.0,196.0,-1.3,0.0,-1.3,0.0,garrison mathews,,,,,,,mathega01,13.1,5.2,1.1,0.7,0.4,0.2,0.404,0.37,0.826,1.5,3.5,,0.333,1.0,1.0,,0.058,0.038,0.019,0.0,0.885,,,,,,,,,,,,,,,7,Veteran,,,,,7.0,True,True,False,False,,,,False,3.0450000000000004,0.5592857142857144,,True,,,,,,,,,,,,,,,,,,,,,,,,,0,,False,Guard,,,,,,,,,,,,,,,,,,,,,,,,,,False,6495817.692199974,2282388.954588629,25613364.799083862,3290743.8122488204,17764877.56041036,,3.5916919085507164,Low,Unknown,49488300.0,,False,Unknown,,182,,,25.21440823327616
beaucma01,MarJon Beauchamp,PHI,SF,25.0,14.0,196.0,-0.6,-1.0,-1.6,0.0,marjon beauchamp,,,,,,,beaucma01,14.0,6.8,2.3,1.1,0.6,0.3,0.434,0.34,0.684,1.4,5.4,,0.786,0.5,0.5,0.0,0.184,0.105,0.053,0.039,0.618,,,,,,,,,,,,,2022.0,24.0,4,Rookie Scale,,,,,4.0,False,True,False,False,,,,False,13.9104,2.5549714285714287,,True,,,,,,,,,,,,,,,,,,,,,,,,,0,,False,Wing,,,,,,,,,,,,,,,,,,,,,,,,,,True,4493700.172917905,1949155.4042233569,18487630.388659183,2810288.348383385,12822621.815326637,,3.680369038439175,Low,Unknown,41240250.0,,False,Unknown,,182,,,7.204116638078903
hayesni01,Nigel Hayes-Davis,PHO,SF,31.0,27.0,195.0,-6.4,-0.8,-7.3,-0.3,nigel hayes davis,,,,,,,hayesni01,7.2,1.3,1.2,0.3,0.3,0.1,0.326,0.125,0.5,0.1,1.7,,0.5,0.538,0.364,0.0,0.087,0.283,0.239,0.043,0.348,,,,,,,,,,,,,,,2,Rookie Scale,,,,,2.0,True,True,False,False,,,,False,3.9933,0.7372246153846153,,True,,,,,,,,,,,,,,,,,,,,,,,,,0,,False,Wing,,,,,,,,,,,,,,,,,,,,,,,,,,True,4625931.325480232,2175990.72884845,18337863.972631276,3137339.063998164,12718747.058367977,,3.4937555503172137,Low,Unknown,41240250.0,,False,Unknown,,182,,,8.747855917667238
colliza01,Zach Collins,CHI,C,28.0,10.0,184.0,1.0,-0.7,0.2,0.1,zach collins,colliza01,CHI,8292683.0,2.0,17000000.0,8292683.0,colliza01,18.4,9.7,5.6,1.5,0.2,0.4,0.578,0.429,0.7,2.0,6.4,,0.778,0.4,0.4,1.0,0.422,0.156,0.078,0.016,0.328,,,,,,,,,,,,,2017.0,10.0,8,Veteran,,,,,9.0,False,False,False,False,,,,False,27.008,5.284173913043477,,True,,,,,,,,,,,,,,,,,,,,,,,,,0,53.61596009975062,False,Big,,,,,,,,,,,,,,,,,,,,,,,,,,False,6909774.380560063,3036464.2566284747,25036739.92862686,4377968.068731667,17364942.98319604,-1382908.6194399372,3.1839354601640673,Low,Fairly paid,49488300.0,0.1675685566083296,False,Mid-Level,,147,,29.177057356608476,28.81646655231561
whiteda01,Dariq Whitehead,MEM,SF,21.0,6.0,183.0,-3.6,-4.4,-8.0,-0.3,dariq whitehead,,,,,,,whiteda01,30.5,16.3,4.0,1.5,0.7,0.0,0.398,0.317,0.714,1.2,15.5,,0.692,0.357,1.0,0.333,0.14,0.151,0.032,0.032,0.645,,,,,,,,,,,,,2023.0,22.0,3,Rookie Scale,,,,,3.0,False,True,False,False,,,,False,13.02,2.5613114754098363,,True,,,,,,,,,,,,,,,,,,,,,,,,,0,,False,Wing,,,,,,,,,,,,,,,,,,,,,,,,,,True,6456701.829584205,2269873.878817404,19411844.673019197,3272699.6011290704,13463636.915452177,,2.6549113226288927,Low,Unknown,41240250.0,,False,Unknown,,182,,,24.957118353344768
scotttr01,Tre Scott,BRK,PF,29.0,6.0,182.0,-4.2,-1.1,-5.3,-0.2,tre scott,,,,,,,scotttr01,30.3,8.0,5.2,1.7,1.3,0.8,0.38,0.316,0.667,1.0,8.3,,0.688,0.0,0.286,0.0,0.32,0.14,0.14,0.02,0.38,,,,,,,,,,,,,,,2,Rookie Scale,,,,,2.0,True,True,False,False,,,,False,15.936000000000002,3.1521758241758246,,True,,,,,,,,,,,,,,,,,,,,,,,,,0,,False,Big,,,,,,,,,,,,,,,,,,,,,,,,,,True,7888166.128991458,2347377.375918687,24236120.148361307,3384443.987641692,16809650.366219476,,2.774883593284718,Low,Unknown,41240250.0,,False,Unknown,,182,,,38.59348198970841
kesslwa01,Walker Kessler,UTA,C,24.0,5.0,154.0,1.6,1.7,3.3,0.2,walker kessler,kesslwa01,LAL,30232558.0,4.0,95232558.0,30232558.0,kesslwa01,30.8,14.4,10.8,3.0,1.4,1.8,0.703,0.75,0.7,4.0,7.4,,0.647,0.75,,,0.459,0.324,0.0,0.0,0.216,,,,,,,,,,,,,2022.0,22.0,4,Rookie Scale,,,,,4.0,False,False,False,False,,,,False,16.983,3.970051948051948,,True,,,,,,,,,,,,,,,,,,,,,,,,,0,85.286783042394,False,Big,,,,,,,,,,,,,,,,,,,,,,,,,,True,9540169.033922236,2483276.2950552334,35771316.19766816,3580382.776401077,24810213.62913731,-20692388.966077764,3.489250534686518,Low,Leaning overpaid,41240250.0,0.7330837713156443,False,Rookie Scale,,178,,2.2443890274314215,52.315608919382505
greenje02,Jeff Green,HOU,PF,39.0,30.0,175.0,-3.4,-2.2,-5.6,-0.2,jeff green,,,,,,,greenje02,5.8,2.2,0.8,0.3,0.1,0.1,0.368,0.273,1.0,0.2,2.3,,0.625,0.833,0.4,0.2,0.118,0.088,0.074,0.074,0.647,5.5,0.0,0.0,0.0,0.0,0.0,0.0,0.0,,2.0,11.0,-22.2,2007.0,5.0,18,Veteran,,,,,19.0,False,True,True,True,,,,False,8.142,1.674925714285714,,True,,,,,,,,,,,,,,,,,,,,,,,,,0,,False,Big,,,,,,,,,,,,,,,,,,,,,,,,,,False,8271045.380124787,2437641.00974635,31000345.582541328,3514585.913667185,21501171.28007925,,3.453336701722225,Low,Unknown,57736350.0,,False,Unknown,,182,,,42.02401372212693
garcian01,Andersson Garcia,UTA,SF,25.0,5.0,169.0,-5.2,-0.5,-5.7,-0.2,andersson garcia,,,,,,,garcian01,33.8,5.2,8.4,2.8,1.6,0.8,0.31,0.077,0.778,1.8,5.8,,0.286,0.667,,,0.241,0.31,0.0,0.0,0.448,,,,,,,,,,,,,,,1,Rookie Scale,,,,,1.0,True,True,False,False,,,,False,6.989,1.4887810650887574,,True,,,,,,,,,,,,,,,,,,,,,,,,,0,,False,Wing,,,,,,,,,,,,,,,,,,,,,,,,,,True,4645104.2391260285,2263607.7946383036,18658368.803234328,3263665.173540403,12941042.298288506,,3.529471065579506,Low,Unknown,41240250.0,,False,Unknown,,182,,,9.433962264150944
smithty02,Tyler Smith,DAL,PF,21.0,12.0,166.0,-3.3,-1.6,-4.8,-0.1,tyler smith,,,,,,,smithty02,13.8,4.7,2.8,0.4,0.5,0.0,0.42,0.286,0.667,0.5,4.2,,0.818,0.667,,0.0,0.22,0.06,0.0,0.02,0.7,,,,,,,,,,,,,2024.0,33.0,2,Rookie Scale,,,,,2.0,False,True,False,False,,,,False,11.088,2.4046265060240968,,True,,,,,,,,,,,,,,,,,,,,,,,,,0,,False,Big,,,,,,,,,,,,,,,,,,,,,,,,,,True,12067753.935038917,2689813.9993339344,24690048.516623553,3878168.423753069,17124485.29504008,,1.8230595880324996,Low,Unknown,41240250.0,,False,Unknown,,182,,,67.75300171526587
tysonhu01,Hunter Tyson,DEN,PF,25.0,21.0,162.0,-5.2,-1.6,-6.8,-0.2,hunter tyson,,,,,,,tysonhu01,7.7,2.2,1.7,0.8,0.1,0.0,0.269,0.212,0.846,0.6,2.5,,0.714,0.111,0.0,0.5,0.135,0.173,0.019,0.038,0.635,,,,,,,,,,,,,2023.0,37.0,3,Rookie Scale,,,,,3.0,False,True,False,False,,,,False,7.0875,1.5750000000000002,,True,,,,,,,,,,,,,,,,,,,,,,,,,0,,False,Big,,,,,,,,,,,,,,,,,,,,,,,,,,True,4638636.796582014,2270864.616916839,18658368.803234328,3274128.0453316765,12941042.298288506,,3.5328276183193825,Low,Unknown,41240250.0,,False,Unknown,,182,,,9.090909090909092
topicni01,Nikola Topić,OKC,PG,20.0,10.0,160.0,-5.3,-3.2,-8.4,-0.3,nikola topic,topicni01,OKC,5429760.0,2.0,5429760.0,5429760.0,topicni01,16.0,5.2,1.9,4.4,0.5,0.0,0.431,0.4,0.4,0.5,5.1,,0.667,0.35,0.25,,0.235,0.392,0.078,0.0,0.294,2.4,0.4,0.2,0.3,0.2,0.0,0.333,0.0,,9.0,22.0,-6.3,2024.0,12.0,1,Rookie Scale,,,,,2.0,False,False,True,True,,,,False,11.985,2.6966249999999996,,True,,,,,,,,,,,,,,,,,,,,,,,,,0,39.40149625935162,False,Guard,,,,,,,,,,,,,,,,,,,,,,,,,,True,9195853.385143705,2657172.5657241344,24690048.516623553,3831106.0703104497,17124485.29504008,3766093.385143703,2.3959577244341976,Low,Fairly paid,41240250.0,0.1316616654845691,False,Rookie Scale,,178,,62.593516209476306,48.3704974271012
mcculke01,Kevin McCullar Jr.,NYK,SF,24.0,21.0,155.0,-3.7,1.0,-2.8,0.0,kevin mccullar,,,,,,,mcculke01,7.4,2.4,1.3,1.0,0.4,0.0,0.426,0.333,0.4,0.2,2.2,,0.583,0.5,1.0,0.25,0.255,0.128,0.021,0.085,0.511,,,,,,,,,,,,,2024.0,56.0,2,Rookie Scale,,,,,2.0,False,True,False,False,,,,False,11.781,2.736232258064516,,True,,,,,,,,,,,,,,,,,,,,,,,,,0,,False,Wing,,,,,,,,,,,,,,,,,,,,,,,,,,True,4921240.7031073505,2017061.399379874,19555373.158247523,2908195.075861474,13563185.178107755,,3.563798809473732,Low,Unknown,41240250.0,,False,Unknown,,182,,,13.893653516295029
burtoty01,Tyler Burton,MEM,SF,25.0,12.0,307.0,-3.4,-1.9,-5.3,-0.3,tyler burton,,,,,,,burtoty01,25.6,10.8,4.2,1.0,0.9,0.3,0.375,0.333,0.852,2.3,9.3,,0.542,0.267,0.5,0.0,0.214,0.134,0.054,0.009,0.589,,,,,,,,,,,,,,,1,Rookie Scale,,,,,1.0,True,True,False,False,,,,False,23.8824,2.800542019543974,,True,,,,,,,,,,,,,,,,,,,,,,,,,0,,False,Wing,,,,,,,,,,,,,,,,,,,,,,,,,,True,6704339.281765381,2334040.5486672735,18658368.803234328,3365214.9768876815,12941042.298288506,,2.434889937471742,Low,Unknown,41240250.0,,False,Unknown,,182,,,26.929674099485418
valanjo01,Jonas Valančiūnas,DEN,C,33.0,65.0,871.0,0.5,-0.5,0.0,0.4,jonas valanciunas,,,,,,,valanjo01,13.4,8.7,5.1,1.2,0.2,0.6,0.582,0.308,0.772,2.1,6.0,,0.677,0.616,0.515,0.235,0.333,0.387,0.169,0.044,0.067,6.3,2.8,2.3,0.3,0.0,0.3,0.714,,0.5,4.0,25.0,-14.1,2011.0,5.0,14,Veteran,,,,,15.0,False,True,True,True,,,,False,129.87,5.3677611940298515,59.26557863501484,False,57.65171503957783,51.45888594164456,18.478260869565215,64.24802110817942,36.93931398416886,18.46965699208443,54.74934036939314,93.2717678100264,40.23746701846966,70.71240105540898,18.733509234828496,1.3192612137203166,73.87862796833772,91.55672823218998,18.69918699186992,45.77836411609499,52.12201591511937,83.28912466843501,51.45888594164456,70.82228116710876,2.6525198938992043,,65.28189910979229,40.63935881409813,3,,True,Big,50.0,47.88732394366197,12.857142857142856,60.2112676056338,28.52112676056338,20.422535211267608,54.5774647887324,92.25352112676056,43.309859154929576,44.71830985915493,29.929577464788732,1.4084507042253522,48.59154929577465,78.16901408450704,25.37878787878788,66.54929577464789,78.16901408450704,71.12676056338029,44.36619718309859,67.95774647887323,2.112676056338028,,44.44444444444444,,,False,6863432.625768461,1966920.658099421,36923077.19970727,2835902.255753624,25609050.226381738,,5.093101141601721,Low,Unknown,57736350.0,,False,Unknown,10.0,182,,,28.64493996569468
westbru01,Russell Westbrook,SAC,SF,37.0,64.0,1853.0,0.6,-1.0,-0.4,0.7,russell westbrook,,,,,,,westbru01,29.0,15.2,5.4,6.7,1.3,0.2,0.427,0.338,0.694,2.9,13.1,,0.693,0.488,0.41,0.293,0.136,0.244,0.099,0.069,0.452,,,,,,,,,,,,,2008.0,4.0,18,Veteran,,,,,18.0,False,True,False,False,,,,False,114.0224,2.215222018348624,37.21810089020772,False,52.770448548812666,29.44297082228117,4.891304347826087,65.96306068601582,21.108179419525065,72.82321899736148,51.05540897097626,98.54881266490764,75.72559366754618,75.19788918205805,95.77836411609498,89.5778364116095,24.406332453825858,25.989445910290236,39.02439024390244,19.393139841688654,95.75596816976127,14.588859416445624,10.212201591511937,22.015915119363395,16.047745358090186,,29.376854599406528,26.067965325993384,3,,True,Wing,58.95522388059702,30.303030303030305,3.0303030303030303,67.16417910447761,28.35820895522388,65.67164179104478,46.26865671641791,97.76119402985076,69.40298507462687,74.6268656716418,96.26865671641792,88.80597014925374,24.62686567164179,20.8955223880597,28.35820895522388,16.417910447761194,100.0,9.090909090909092,13.636363636363637,21.21212121212121,14.393939393939394,,22.22222222222222,,,False,11419838.89757548,3135731.2242485057,45643273.56455359,4521090.983342511,31657190.403956953,,3.72225411597792,Low,Unknown,57736350.0,,False,Unknown,21.0,182,,,64.15094339622641
watsope01,Peyton Watson,DEN,SF,23.0,54.0,1598.0,-0.8,-0.5,-1.2,0.3,peyton watson,,,,,,,watsope01,29.6,14.6,4.9,2.1,0.9,1.1,0.491,0.411,0.73,3.5,10.8,,0.704,0.44,0.373,0.485,0.244,0.258,0.102,0.057,0.339,,,,,,,,,,,,,2022.0,30.0,4,Rookie Scale,,,,,4.0,False,True,False,False,,,,False,142.3008,3.20577521902378,53.3160237388724,False,39.97361477572559,65.25198938992042,36.141304347826086,47.0976253298153,36.93931398416886,61.34564643799473,29.287598944591032,25.593667546174142,73.61477572559367,66.88654353562006,48.15303430079156,63.58839050131926,92.0844327176781,71.37203166226914,90.5149051490515,29.947229551451187,69.09814323607428,62.46684350132627,33.02387267904509,3.978779840848806,62.201591511936336,,56.083086053412465,48.01588884558634,3,,True,Wing,47.01492537313433,63.63636363636363,39.39393939393939,42.53731343283582,38.059701492537314,52.23880597014925,21.641791044776117,26.86567164179105,64.17910447761194,61.940298507462686,52.23880597014925,58.2089552238806,100.0,75.3731343283582,89.55223880597015,25.37313432835821,81.81818181818183,65.9090909090909,37.878787878787875,3.787878787878788,62.878787878787875,,53.96825396825397,,,True,14128201.258457417,4027156.114842544,29406442.912711944,5806345.600838515,20395674.75532187,,1.7963565448699188,Medium,Unknown,41240250.0,,False,Unknown,8.0,182,,,75.98627787307034
derozde01,DeMar DeRozan,SAC,PF,36.0,77.0,2406.0,0.9,-1.0,-0.1,1.1,demar derozan,,,,,,,derozde01,31.2,18.4,2.9,4.1,1.0,0.3,0.497,0.32,0.868,5.6,13.1,,0.758,0.573,0.484,0.468,0.091,0.184,0.302,0.277,0.146,,,,,,,,,,,,,2009.0,9.0,17,Veteran,,,,,17.0,False,True,False,False,,,,False,91.7917,1.3734418952618452,48.33827893175075,True,56.068601583113455,52.51989389920424,17.391304347826086,71.76781002638522,21.108179419525065,93.93139841688657,88.39050131926122,97.36147757255937,84.96042216358839,29.287598944591032,83.50923482849603,73.21899736147758,40.89709762532981,73.7467018469657,24.796747967479675,86.80738786279683,67.37400530503979,63.26259946949602,35.94164456233422,66.3129973474801,11.538461538461538,,48.21958456973294,40.23384973841473,3,,True,Big,46.83098591549296,49.29577464788733,10.714285714285714,69.71830985915493,14.084507042253522,96.47887323943662,89.7887323943662,97.1830985915493,88.02816901408451,8.450704225352112,93.30985915492955,84.15492957746478,15.845070422535212,48.943661971830984,29.545454545454547,98.59154929577466,91.19718309859157,50.352112676056336,31.690140845070424,63.732394366197184,13.028169014084506,,29.629629629629623,,,False,11299653.867599605,3110851.9125663573,39149553.24678892,4485220.041710744,27153286.006329183,,3.189363298778487,Low,Unknown,57736350.0,,False,Unknown,11.0,182,,,63.464837049742705
durenja01,Jalen Duren,DET,C,22.0,70.0,1976.0,4.4,0.5,5.0,3.5,jalen duren,,,,,,,durenja01,28.2,19.5,10.5,2.0,0.8,0.8,0.65,,0.747,6.1,11.5,,0.749,0.57,0.16,0.529,0.522,0.426,0.031,0.021,0.0,30.1,10.2,8.5,2.1,0.6,1.2,0.514,,0.674,14.0,422.0,-1.7,2022.0,13.0,4,Rookie Scale,,,,,4.0,False,True,True,False,,,,False,420.21,7.655647773279353,87.41097922848665,False,96.83377308707124,85.94164456233422,89.67391304347827,95.3825857519789,67.67810026385224,78.10026385224275,70.97625329815304,16.62269129287599,87.46701846965699,97.8891820580475,45.64643799472295,52.242744063324544,83.90501319261213,96.83377308707124,,35.88390501319261,44.297082228116714,97.87798408488064,40.45092838196286,81.83023872679045,88.19628647214854,,94.65875370919882,90.0642773739475,3,,True,Big,97.1830985915493,86.61971830985915,87.14285714285714,96.47887323943662,60.56338028169014,82.3943661971831,71.12676056338029,15.140845070422534,90.14084507042254,94.3661971830986,61.61971830985915,62.676056338028175,65.14084507042254,91.54929577464787,,55.28169014084507,67.95774647887323,94.3661971830986,37.67605633802817,79.92957746478874,86.97183098591549,,88.14814814814815,,,True,42805663.98511367,9848882.764108872,60944317.279542275,14200099.39515186,42805663.98511367,,1.193660599055364,Medium,Unknown,41240250.0,,False,Unknown,1.0,182,,,95.71183533447685
brownbr01,Bruce Brown,DEN,SG,29.0,82.0,1998.0,-2.5,0.1,-2.4,-0.2,bruce brown,,,,,,,brownbr01,24.4,7.9,3.9,2.1,1.0,0.2,0.475,0.385,0.762,1.5,6.4,,0.741,0.344,0.327,0.0,0.318,0.289,0.094,0.015,0.284,19.3,6.3,2.7,1.7,1.7,0.0,0.441,0.273,0.556,6.0,116.0,-2.4,2018.0,42.0,8,Veteran,,,,,8.0,False,True,True,True,,,,False,166.88640000000004,3.006962162162163,62.37388724035608,False,22.823218997361476,6.36604774535809,2.989130434782609,15.03957783641161,55.4089709762533,79.68337730870712,97.75725593667546,77.57255936675462,33.90501319261214,51.97889182058047,48.15303430079156,73.21899736147758,24.406332453825858,60.94986807387863,76.15176151761518,40.63324538258576,64.19098143236074,36.737400530503976,5.835543766578249,27.32095490716181,0.7957559681697612,,68.5459940652819,9.213996566893131,3,,True,Guard,30.88235294117647,8.284023668639055,5.555555555555555,20.0,62.05882352941177,77.64705882352942,97.05882352941175,82.35294117647058,35.88235294117647,77.3529411764706,33.52941176470588,65.88235294117646,40.294117647058826,82.94117647058825,72.94117647058823,26.47058823529412,39.053254437869825,46.44970414201183,5.9171597633136095,26.627218934911244,1.183431952662722,,86.33093525179856,,,False,13556686.066534717,4800890.630360391,24513795.84007845,6921914.471843067,17002240.238871966,,1.4541094418628049,High,Unknown,49488300.0,,False,Unknown,35.0,182,,,74.27101200686106
watkija01,Jamir Watkins,WAS,SG,24.0,50.0,1032.0,-2.9,-0.5,-3.3,-0.3,jamir watkins,,,,,,,watkija01,20.6,7.4,3.9,1.3,1.1,0.5,0.446,0.297,0.695,1.6,5.9,,0.803,0.412,0.25,0.333,0.257,0.172,0.027,0.01,0.534,,,,,,,,,,,,,2025.0,43.0,1,Rookie Scale,,,,,1.0,False,True,False,False,,,,False,75.815,2.644709302325581,68.81305637982197,True,13.720316622691293,49.3368700265252,46.19565217391305,11.74142480211082,36.93931398416886,28.49604221635884,21.767810026385224,36.01583113456465,29.551451187335093,51.97889182058047,22.03166226912929,79.94722955145119,66.75461741424802,37.86279683377309,15.311653116531163,19.788918205804748,26.525198938992045,28.912466843501328,65.78249336870027,45.225464190981434,92.57294429708224,,78.63501483679525,39.25477498083716,3,,True,Guard,20.588235294117645,52.071005917159766,50.617283950617285,16.176470588235293,44.11764705882353,30.58823529411765,22.941176470588236,38.82352941176471,31.176470588235293,77.3529411764706,13.23529411764706,72.6470588235294,88.52941176470588,54.11764705882353,13.529411764705882,10.0,11.242603550295858,40.23668639053255,67.75147928994083,43.786982248520715,92.89940828402366,,94.24460431654676,,,True,9362480.790449563,2207549.339362791,27485079.044873416,3182840.205275794,19063058.204201244,,2.6998752009505433,Low,Unknown,41240250.0,,False,Unknown,12.0,182,,,50.42881646655232
loveca01,Caleb Love,POR,SG,24.0,49.0,1013.0,-1.5,-1.6,-3.1,-0.3,caleb love,,,,,,,loveca01,20.7,10.4,2.3,2.5,0.6,0.1,0.388,0.318,0.735,1.0,10.0,,0.717,0.366,0.385,0.467,0.122,0.167,0.053,0.061,0.596,,,,,,,,,,,,,,,1,Rookie Scale,,,,,1.0,True,True,False,False,,,,False,59.78,2.124461994076999,43.96142433234421,True,14.907651715039576,22.281167108753316,1.358695652173913,32.45382585751979,10.026385224274406,27.70448548812665,20.052770448548813,36.01583113456465,52.110817941952504,15.699208443271766,56.99208443271768,28.49604221635884,9.366754617414248,5.804749340369393,22.899728997289973,31.79419525065963,74.27055702917772,5.835543766578249,16.976127320954905,29.973474801061005,6.896551724137931,,39.46587537091988,12.591861464107604,3,,True,Guard,22.058823529411764,26.035502958579883,2.4691358024691357,39.411764705882355,15.88235294117647,29.411764705882355,20.588235294117645,38.82352941176471,52.64705882352941,29.117647058823533,41.76470588235294,24.11764705882353,16.76470588235294,10.0,20.88235294117647,18.823529411764707,52.071005917159766,10.059171597633137,18.34319526627219,29.88165680473373,8.284023668639055,,57.55395683453237,,,True,11525374.603227392,2323501.831178255,23329310.83177844,3350020.275171174,16180706.976465773,,1.822570608222837,Medium,Unknown,41240250.0,,False,Unknown,29.0,182,,,65.00857632933105
poweldw01,Dwight Powell,DAL,C,34.0,63.0,904.0,-2.9,1.5,-1.4,0.1,dwight powell,,,,,,,poweldw01,14.3,3.3,4.1,1.1,0.5,0.3,0.644,0.286,0.696,1.8,1.6,,0.739,0.458,,1.0,0.683,0.238,0.0,0.01,0.069,,,,,,,,,,,,,2014.0,45.0,12,Veteran,,,,,12.0,False,True,False,False,,,,False,68.84640000000002,2.7416707964601774,59.45103857566767,True,36.675461741424805,31.56498673740053,76.08695652173914,11.74142480211082,90.50131926121372,20.58047493403694,48.284960422163586,95.11873350923484,1.4511873350923483,56.72823218997362,15.8311345646438,16.75461741424802,40.89709762532981,96.43799472295514,12.195121951219512,20.18469656992084,12.3342175066313,98.14323607427056,61.40583554376657,76.92307692307693,92.57294429708224,,66.17210682492582,49.53834415753358,3,,True,Big,27.11267605633803,26.056338028169012,69.28571428571428,8.80281690140845,87.67605633802818,21.830985915492956,47.88732394366197,94.3661971830986,1.7605633802816902,29.929577464788732,27.11267605633803,25.704225352112676,15.845070422535212,90.49295774647888,20.454545454545457,33.80281690140845,25.0,95.07042253521126,53.87323943661971,75.0,91.19718309859157,,46.666666666666664,,,False,7506813.379573888,2692771.463515373,36186944.25765782,3882432.4896720047,25098484.28995473,,4.46183634793432,Low,Unknown,57736350.0,,False,Unknown,6.0,182,,,34.133790737564325
cardwdy01,Dylan Cardwell,SAC,C,24.0,44.0,907.0,-2.5,0.6,-1.9,0.0,dylan cardwell,,,,,,,cardwdy01,20.6,5.4,7.5,1.4,0.7,1.5,0.587,0.5,0.51,1.2,4.1,,0.81,0.444,0.214,0.0,0.441,0.453,0.078,0.011,0.022,,,,,,,,,,,,,,,1,Rookie Scale,,,,,1.0,True,True,False,False,,,,False,79.5564,3.1576961411245867,75.74925816023739,True,29.551451187335093,21.22015915119363,44.565217391304344,15.03957783641161,71.50395778364116,20.844327176781004,13.852242744063323,36.01583113456465,12.401055408970976,90.7651715039578,26.2532981530343,41.42480211081794,96.43799472295514,92.0844327176781,99.1869918699187,2.3746701846965697,4.111405835543767,55.96816976127321,59.6816976127321,76.92307692307693,95.49071618037136,,86.05341246290801,32.057379000270515,3,,True,Big,20.774647887323944,16.901408450704224,39.285714285714285,11.267605633802818,64.08450704225352,22.535211267605636,15.140845070422534,32.3943661971831,12.676056338028168,78.16901408450704,38.38028169014084,52.112676056338024,90.49295774647888,78.87323943661971,97.72727272727272,3.5211267605633805,7.746478873239436,42.25352112676056,51.76056338028169,75.0,93.66197183098592,,72.5925925925926,,,True,4894896.2025191635,1891189.3141559183,18739742.958261274,2726712.9561058404,12997481.657661049,,3.4420655611520896,Low,Unknown,41240250.0,,False,Unknown,15.0,182,,,13.379073756432248
jacksqu01,Quenton Jackson,IND,PG,27.0,49.0,897.0,-1.1,-0.8,-1.8,0.0,quenton jackson,,,,,,,jacksqu01,18.3,9.1,2.3,2.9,0.6,0.1,0.47,0.356,0.824,2.4,6.7,,0.685,0.414,0.154,0.368,0.329,0.213,0.04,0.058,0.36,,,,,,,,,,,,,,,4,Rookie Scale,,,,,4.0,True,True,False,False,,,,False,108.0107,4.334877591973245,56.35756676557864,False,30.21108179419525,47.214854111405835,47.82608695652174,40.23746701846966,28.100263852242747,19.788918205804748,20.052770448548813,65.03957783641161,42.480211081794195,15.699208443271766,66.2269129287599,28.49604221635884,9.366754617414248,56.99208443271768,52.1680216802168,68.60158311345647,76.92307692307693,60.61007957559682,53.44827586206896,59.15119363395226,85.0132625994695,,61.42433234421365,43.193123349021654,3,,True,Guard,38.23529411764706,48.5207100591716,52.46913580246913,49.11764705882353,32.64705882352941,21.764705882352946,20.588235294117645,70.58823529411765,45.88235294117647,29.117647058823533,52.94117647058824,24.11764705882353,16.76470588235294,77.64705882352942,50.0,55.88235294117647,55.62130177514793,72.18934911242604,55.917159763313606,59.46745562130178,85.79881656804734,,80.57553956834532,,,True,8292373.362846433,2221706.8654079596,26743282.862446647,3203252.497902879,18548564.366356764,,2.957123964883973,Low,Unknown,41240250.0,,False,Unknown,9.0,182,,,42.53859348198971
gillan01,Anthony Gill,WAS,PF,33.0,55.0,951.0,-1.3,-1.3,-2.6,-0.2,anthony gill,,,,,,,gillan01,17.3,5.8,2.9,1.3,0.6,0.4,0.628,0.354,0.739,0.8,3.9,,0.824,0.582,0.444,,0.423,0.312,0.042,0.0,0.223,,,,,,,,,,,,,,,6,Veteran,,,,,6.0,True,True,False,False,,,,False,90.7335,3.434706624605678,80.31157270029674,True,19.129287598944593,1.8567639257294428,22.82608695652174,36.675461741424805,14.24802110817942,23.7467018469657,31.398416886543533,93.2717678100264,17.282321899736147,29.287598944591032,22.03166226912929,28.49604221635884,55.67282321899736,94.9868073878628,50.40650406504065,33.24538258575198,15.384615384615383,97.3474801061008,20.95490716180371,35.94164456233422,16.445623342175068,,89.61424332344214,14.038390980580342,3,,True,Big,12.676056338028168,0.7042253521126761,15.714285714285714,28.52112676056338,5.28169014084507,26.056338028169012,30.28169014084507,92.25352112676056,18.661971830985916,8.450704225352112,33.80281690140845,39.08450704225352,26.76056338028169,86.61971830985915,56.81818181818182,51.40845070422535,30.985915492957744,93.30985915492955,18.661971830985916,37.67605633802817,19.718309859154928,,79.25925925925927,,,False,3425654.693772549,1759284.5416643298,17327212.95870871,2536532.91995989,12017781.306328982,,4.544511869612867,Low,Unknown,41240250.0,,False,Unknown,27.0,182,,,1.0291595197255576
willibr03,Brandon Williams,DAL,PG,26.0,66.0,1463.0,0.1,0.3,0.4,0.9,brandon williams,,,,,,,willibr03,22.2,13.0,2.9,3.9,0.9,0.3,0.472,0.232,0.793,4.6,9.3,,0.713,0.415,0.5,0.469,0.305,0.285,0.107,0.052,0.251,,,,,,,,,,,,,,,4,Rookie Scale,,,,,4.0,True,True,False,False,,,,False,187.209,4.606646616541353,67.04005934718103,False,62.66490765171504,45.09283819628647,55.434782608695656,58.443271767810025,61.08179419525066,54.35356200527705,57.78364116094987,55.8047493403694,65.30343007915567,29.287598944591032,81.66226912928761,63.58839050131926,40.89709762532981,58.970976253298154,5.420054200542006,56.596306068601585,96.02122015915118,42.57294429708223,25.72944297082228,41.51193633952255,47.08222811671088,,76.26112759643917,53.36408471479706,3,,True,Guard,67.05882352941175,47.33727810650888,59.25925925925925,63.52941176470588,67.94117647058823,55.88235294117647,60.0,60.29411764705882,66.47058823529412,51.76470588235295,72.35294117647058,57.35294117647059,61.47058823529412,80.58823529411765,2.941176470588235,42.94117647058823,91.1242603550296,55.02958579881657,28.99408284023669,39.64497041420118,45.5621301775148,,92.0863309352518,,,True,8802265.28650138,2739725.8525442285,26121192.266650777,3950131.233500915,18117095.742359668,,2.6563010376389067,Low,Unknown,41240250.0,,False,Unknown,4.0,182,,,46.14065180102916
spencpa01,Pat Spencer,GSW,PG,29.0,66.0,1229.0,-1.7,-0.6,-2.3,-0.1,pat spencer,,,,,,,spencpa01,18.6,7.2,2.4,3.5,0.7,0.1,0.427,0.357,0.772,0.9,6.6,,0.644,0.422,0.468,0.188,0.135,0.266,0.177,0.037,0.385,,,,,,,,,,,,,,,3,Rookie Scale,,,,,3.0,True,True,False,False,,,,False,58.806,1.7225516680227826,17.440652818991097,True,25.065963060686013,16.180371352785148,9.510869565217392,29.023746701846964,33.24538258575198,40.36939313984168,57.78364116094987,77.57255936675462,27.572559366754614,17.810026385224276,74.93403693931398,41.42480211081794,9.366754617414248,25.989445910290236,52.98102981029811,45.77836411609499,90.45092838196288,8.753315649867375,18.30238726790451,55.437665782493376,44.56233421750663,,7.418397626112759,15.900706109422458,3,,True,Guard,33.82352941176471,18.34319526627219,14.19753086419753,35.294117647058826,39.411764705882355,40.588235294117645,60.0,82.35294117647058,28.235294117647054,32.94117647058823,63.23529411764706,37.94117647058823,16.76470588235294,37.05882352941177,51.17647058823529,30.88235294117647,80.4733727810651,13.905325443786982,19.82248520710059,55.62130177514793,42.01183431952663,,13.66906474820144,,,True,7611335.912649708,2162987.819532098,21657904.44785874,3118591.4954524995,15021455.546716733,,2.5613002568874856,Low,Unknown,41240250.0,,False,Unknown,25.0,182,,,34.81989708404803
,League Average,,,,,,,,,,league average,,,,,,,,,,,,,,0.471,0.36,0.783,,,,0.703,0.463,0.446,0.401,0.231,0.209,0.095,0.049,0.415,,,,,,,,,,,,,,,20,Veteran,,,,,20.0,True,True,False,False,,,,False,,,,False,,,,,,,,,,,,,,,,,,,,,,,,,0,,False,--,,,,,,,,,,,,,,,,,,,,,,,,,,False,5779912.14242592,2244888.2453659032,30655682.818880145,3236675.364983719,21262120.61867249,,4.915437098943477,Low,Unknown,57736350.0,,False,Unknown,,182,,,18.524871355060036
